-- MySQL dump 10.16  Distrib 10.3.9-MariaDB, for Win64 (AMD64)
--
-- Host: 167.99.227.123    Database: smart-auth
-- ------------------------------------------------------
-- Server version	10.4.5-MariaDB-1:10.4.5+maria~bionic

/*!40101 SET @OLD_CHARACTER_SET_CLIENT=@@CHARACTER_SET_CLIENT */;
/*!40101 SET @OLD_CHARACTER_SET_RESULTS=@@CHARACTER_SET_RESULTS */;
/*!40101 SET @OLD_COLLATION_CONNECTION=@@COLLATION_CONNECTION */;
/*!40101 SET NAMES utf8 */;
/*!40103 SET @OLD_TIME_ZONE=@@TIME_ZONE */;
/*!40103 SET TIME_ZONE='+00:00' */;
/*!40014 SET @OLD_UNIQUE_CHECKS=@@UNIQUE_CHECKS, UNIQUE_CHECKS=0 */;
/*!40014 SET @OLD_FOREIGN_KEY_CHECKS=@@FOREIGN_KEY_CHECKS, FOREIGN_KEY_CHECKS=0 */;
/*!40101 SET @OLD_SQL_MODE=@@SQL_MODE, SQL_MODE='NO_AUTO_VALUE_ON_ZERO' */;
/*!40111 SET @OLD_SQL_NOTES=@@SQL_NOTES, SQL_NOTES=0 */;

--
-- Table structure for table `apertura_turno`
--

DROP TABLE IF EXISTS `apertura_turno`;
/*!40101 SET @saved_cs_client     = @@character_set_client */;
/*!40101 SET character_set_client = utf8 */;
CREATE TABLE `apertura_turno` (
  `id` bigint(20) NOT NULL AUTO_INCREMENT,
  `turno` bigint(20) NOT NULL,
  `fx` bigint(20) NOT NULL,
  `nominal` decimal(15,2) NOT NULL,
  `precio_promedio` decimal(15,2) DEFAULT NULL,
  PRIMARY KEY (`id`),
  KEY `fk_moneda_caja_moneda_idx` (`fx`),
  KEY `fk_caja_saldo0_idx` (`turno`),
  CONSTRAINT `fk_caja_saldo_inicial` FOREIGN KEY (`turno`) REFERENCES `turno` (`id`) ON UPDATE CASCADE,
  CONSTRAINT `fk_moneda_saldo_inicial` FOREIGN KEY (`fx`) REFERENCES `fx` (`id`) ON UPDATE CASCADE
) ENGINE=InnoDB AUTO_INCREMENT=399 DEFAULT CHARSET=utf8;
/*!40101 SET character_set_client = @saved_cs_client */;

--
-- Dumping data for table `apertura_turno`
--

LOCK TABLES `apertura_turno` WRITE;
/*!40000 ALTER TABLE `apertura_turno` DISABLE KEYS */;
INSERT INTO `apertura_turno` VALUES (345,28,1,17236650.00,1.00),(346,28,2,27000.00,2900.00),(347,28,3,9000.00,3100.00),(348,29,1,1000000.00,1.00),(349,29,2,700.00,2900.00),(350,29,3,160.00,3100.00),(351,30,1,19000000.00,1.00),(352,30,2,14000.00,2900.00),(353,30,3,9000.00,3100.00),(354,31,1,312000.00,1.00),(355,31,2,230.00,2900.00),(356,31,3,200.00,3100.00),(357,32,1,18436650.00,1.00),(358,32,2,26620.00,2897.94),(359,32,3,9000.00,3098.92),(360,33,1,1000000.00,1.00),(361,33,2,700.00,2897.92),(362,33,3,160.00,3098.92),(363,34,1,18408650.00,1.00),(364,34,2,26630.00,2897.92),(365,34,3,9000.00,3098.92),(366,35,1,1290000.00,1.00),(367,35,2,600.00,2897.92),(368,35,3,160.00,3098.92),(369,36,1,19030000.00,1.00),(370,36,2,14000.00,2897.92),(371,36,3,9000.00,3098.92),(372,37,1,312000.00,1.00),(373,37,2,230.00,2897.92),(374,37,3,200.00,3098.92),(375,38,1,14350400.00,1.00),(376,38,2,28125.00,2892.04),(377,38,3,9000.00,3098.92),(378,39,1,19030000.00,1.00),(379,39,2,14000.00,2892.04),(380,39,3,9000.00,3098.92),(381,40,1,14350400.00,1.00),(382,40,2,28125.00,2883.96),(383,40,3,9000.00,3098.92),(384,41,1,14696600.00,1.00),(385,41,2,15660.00,2883.96),(386,41,3,9000.00,3098.92),(387,42,1,14350400.00,1.00),(388,42,2,27545.00,2883.96),(389,42,3,9000.00,3098.92),(390,43,1,13386400.00,1.00),(391,43,2,27545.00,2883.96),(392,43,3,9000.00,3098.92),(393,44,1,312000.00,1.00),(394,44,2,230.00,2883.96),(395,44,3,200.00,3098.92),(396,45,1,312000.00,1.00),(397,45,2,230.00,2883.96),(398,45,3,200.00,3098.92);
/*!40000 ALTER TABLE `apertura_turno` ENABLE KEYS */;
UNLOCK TABLES;

--
-- Table structure for table `arqueo`
--

DROP TABLE IF EXISTS `arqueo`;
/*!40101 SET @saved_cs_client     = @@character_set_client */;
/*!40101 SET character_set_client = utf8 */;
CREATE TABLE `arqueo` (
  `id` bigint(20) NOT NULL AUTO_INCREMENT,
  `fecha` datetime NOT NULL,
  `turno` bigint(20) NOT NULL,
  PRIMARY KEY (`id`),
  KEY `arqueo_turno_FK` (`turno`),
  CONSTRAINT `arqueo_turno_FK` FOREIGN KEY (`turno`) REFERENCES `turno` (`id`) ON UPDATE CASCADE
) ENGINE=InnoDB AUTO_INCREMENT=291 DEFAULT CHARSET=utf8;
/*!40101 SET character_set_client = @saved_cs_client */;

--
-- Dumping data for table `arqueo`
--

LOCK TABLES `arqueo` WRITE;
/*!40000 ALTER TABLE `arqueo` DISABLE KEYS */;
INSERT INTO `arqueo` VALUES (286,'2019-07-27 08:53:59',39),(287,'2019-08-08 22:18:59',44),(288,'2019-08-08 22:23:30',45),(289,'2019-08-16 00:13:05',43),(290,'2019-08-16 00:14:15',43);
/*!40000 ALTER TABLE `arqueo` ENABLE KEYS */;
UNLOCK TABLES;

--
-- Table structure for table `caja`
--

DROP TABLE IF EXISTS `caja`;
/*!40101 SET @saved_cs_client     = @@character_set_client */;
/*!40101 SET character_set_client = utf8 */;
CREATE TABLE `caja` (
  `id` bigint(20) NOT NULL AUTO_INCREMENT,
  `nombre` varchar(45) NOT NULL,
  `sucursal` bigint(20) NOT NULL,
  PRIMARY KEY (`id`),
  KEY `fk_sucursal_turnos_idx` (`sucursal`),
  CONSTRAINT `fk_sucursal_turnos` FOREIGN KEY (`sucursal`) REFERENCES `sucursal` (`id`) ON UPDATE CASCADE
) ENGINE=InnoDB AUTO_INCREMENT=13 DEFAULT CHARSET=utf8;
/*!40101 SET character_set_client = @saved_cs_client */;

--
-- Dumping data for table `caja`
--

LOCK TABLES `caja` WRITE;
/*!40000 ALTER TABLE `caja` DISABLE KEYS */;
INSERT INTO `caja` VALUES (9,'CAJA1',1),(10,'CAJA1',2),(11,'CAJA2',1),(12,'CAJA2',2);
/*!40000 ALTER TABLE `caja` ENABLE KEYS */;
UNLOCK TABLES;

--
-- Table structure for table `cierre`
--

DROP TABLE IF EXISTS `cierre`;
/*!40101 SET @saved_cs_client     = @@character_set_client */;
/*!40101 SET character_set_client = utf8 */;
CREATE TABLE `cierre` (
  `id` bigint(20) NOT NULL AUTO_INCREMENT,
  `moneda` bigint(20) DEFAULT NULL,
  `fecha` date DEFAULT NULL,
  `saldo_inicial` decimal(15,4) DEFAULT NULL,
  `precio_promedio_inicial` decimal(15,4) DEFAULT NULL,
  `valor_compra_inicial` decimal(15,4) DEFAULT NULL,
  `nominal_compra` decimal(15,4) DEFAULT NULL,
  `precio_compra` decimal(15,4) DEFAULT NULL,
  `valor_compra` decimal(15,4) DEFAULT NULL,
  `nominal_venta` decimal(15,4) DEFAULT NULL,
  `precio_venta` decimal(15,4) DEFAULT NULL,
  `valor_venta` decimal(15,4) DEFAULT NULL,
  `nominal_traslados_entrantes` decimal(15,4) DEFAULT 0.0000,
  `precio_traslado_entrantes` decimal(15,4) DEFAULT 0.0000,
  `saldo_final` decimal(15,4) DEFAULT NULL,
  `precio_promedio_final` decimal(15,4) DEFAULT NULL,
  `valor_compra_final` decimal(15,4) DEFAULT 0.0000,
  `margen` decimal(15,4) DEFAULT 0.0000,
  `utilidad_diaria` decimal(15,4) DEFAULT 0.0000,
  `pyg_caja` decimal(15,4) DEFAULT 0.0000,
  `precio_valoracion` decimal(15,4) DEFAULT 0.0000,
  `margen_prec_valora_y_prec_prom` decimal(15,4) DEFAULT 0.0000,
  `valoracion` decimal(15,4) DEFAULT 0.0000,
  `pyg_valoracion` decimal(15,4) DEFAULT 0.0000,
  `pyg_valoracion_d` decimal(15,4) DEFAULT 0.0000,
  `pyg_bruto` decimal(15,4) DEFAULT 0.0000,
  `renta_caja` decimal(10,5) DEFAULT 0.00000,
  `renta_val` decimal(10,5) DEFAULT 0.00000,
  `renta_bruta` decimal(10,5) DEFAULT 0.00000,
  `egresos` decimal(15,4) DEFAULT 0.0000,
  `egresos_acumulados` decimal(15,4) DEFAULT 0.0000,
  `pyg_neto` decimal(15,4) DEFAULT 0.0000,
  `renta_neta` decimal(10,5) DEFAULT 0.00000,
  `saldo_cop` decimal(15,4) DEFAULT 0.0000,
  `pyg_traslado_diario` decimal(15,4) DEFAULT 0.0000,
  `pyg_traslado_acumulado` decimal(15,4) DEFAULT 0.0000,
  `pyg_bruto_con_traslado` decimal(15,4) DEFAULT 0.0000,
  `pyg_neto_con_traslado` decimal(15,4) DEFAULT 0.0000,
  `fc_diario` decimal(15,4) DEFAULT 0.0000,
  `fc_acumulado` decimal(15,4) DEFAULT 0.0000,
  `valor_port` decimal(15,4) DEFAULT 0.0000,
  `pyg_caja_d` decimal(15,4) DEFAULT 0.0000,
  `valor_traslados` decimal(15,4) DEFAULT 0.0000,
  `sucursal` bigint(20) NOT NULL,
  `traslados_acumulados` decimal(15,4) DEFAULT 0.0000,
  `nominal_traslados_salientes` decimal(15,4) DEFAULT 0.0000,
  `valor_giro_traslado_salientes` decimal(15,4) DEFAULT 0.0000,
  `precio_traslado_salientes` decimal(15,4) DEFAULT 0.0000,
  `egresos_moneda` decimal(15,4) DEFAULT 0.0000,
  `valor_giro_traslado_entrantes` decimal(15,4) DEFAULT 0.0000,
  `saldo_precierre` decimal(15,4) DEFAULT 0.0000 COMMENT 'saldo sin tener en cuenta los traslados',
  `valor_giro_precierre` decimal(15,4) DEFAULT 0.0000,
  `precio_valoracion_anterior` decimal(8,4) DEFAULT 0.0000,
  `valoracion_precierre_anterior` decimal(15,4) DEFAULT 0.0000,
  `pyg_val_precierre_mensual` decimal(15,4) DEFAULT 0.0000,
  `pyg_val_precierre_diaria` decimal(15,4) DEFAULT 0.0000,
  `pyg_traslado_entrante` decimal(15,4) DEFAULT 0.0000,
  `pyg_traslado_saliente` decimal(15,4) DEFAULT 0.0000,
  `valoracion_precierre_actual` decimal(15,4) DEFAULT 0.0000,
  `pyg_val_cierre_diaria` decimal(15,4) DEFAULT 0.0000,
  `pyg_val_cierre_mensual` decimal(15,4) DEFAULT 0.0000,
  `diferencia_egresos_ingresos` decimal(15,4) DEFAULT 0.0000,
  `ingresos` decimal(15,4) DEFAULT 0.0000,
  `pyg_val_cierre_acumulada` decimal(15,4) DEFAULT 0.0000,
  `pyg_val_precierre_acumulada` decimal(15,4) DEFAULT 0.0000,
  PRIMARY KEY (`id`),
  KEY `fk_moneda_caja_moneda_idx` (`moneda`) USING BTREE,
  KEY `cierre_sucursal_FK` (`sucursal`),
  CONSTRAINT `cierre_sucursal_FK` FOREIGN KEY (`sucursal`) REFERENCES `sucursal` (`id`) ON UPDATE CASCADE,
  CONSTRAINT `fk_moneda_cierre` FOREIGN KEY (`moneda`) REFERENCES `fx` (`id`) ON UPDATE CASCADE
) ENGINE=InnoDB AUTO_INCREMENT=470 DEFAULT CHARSET=utf8;
/*!40101 SET character_set_client = @saved_cs_client */;

--
-- Dumping data for table `cierre`
--

LOCK TABLES `cierre` WRITE;
/*!40000 ALTER TABLE `cierre` DISABLE KEYS */;
INSERT INTO `cierre` VALUES (446,2,'2019-07-26',27700.0000,2900.0000,80330000.0000,790.0000,2800.0000,2212000.0000,1260.0000,2900.0000,3654000.0000,0.0000,0.0000,27230.0000,2897.9215,78910403.3161,2.0785,2618.8697,2618.8697,2850.0000,-47.9215,77605500.0000,-1304903.3161,-1304903.3161,82715.5536,0.00266,-1.32388,-1.32122,0.0000,0.0000,-1302284.4464,-1.32122,19698650.0000,0.0000,0.0000,-1302284.4464,-1302284.4464,1442000.0000,1442000.0000,97304150.0000,2618.8697,0.0000,1,0.0000,0.0000,0.0000,0.0000,0.0000,0.0000,27230.0000,78910403.3161,2850.0000,78945000.0000,80096.6839,80096.6839,0.0000,0.0000,77605500.0000,0.0000,0.0000,0.0000,0.0000,-1304903.3161,-1304903.3161),(447,3,'2019-07-26',9160.0000,3100.0000,28396000.0000,100.0000,3000.0000,300000.0000,100.0000,3200.0000,320000.0000,0.0000,0.0000,9160.0000,3098.9224,28386129.3103,101.0776,10107.7586,10107.7586,3100.0000,1.0776,28396000.0000,9870.6897,9870.6897,19978.4483,0.02168,0.02117,0.04284,0.0000,0.0000,19978.4483,0.04284,19698650.0000,0.0000,0.0000,19978.4483,19978.4483,20000.0000,20000.0000,48094650.0000,10107.7586,0.0000,1,0.0000,0.0000,0.0000,0.0000,0.0000,0.0000,9160.0000,28386129.3103,3100.0000,28396000.0000,9870.6897,9870.6897,0.0000,0.0000,28396000.0000,0.0000,0.0000,0.0000,0.0000,9870.6897,9870.6897),(448,1,'2019-07-26',18236650.0000,1.0000,18236650.0000,2512000.0000,1.0000,2512000.0000,3974000.0000,1.0000,3974000.0000,NULL,NULL,19698650.0000,1.0000,19698650.0000,NULL,NULL,NULL,NULL,NULL,NULL,NULL,NULL,NULL,NULL,NULL,NULL,NULL,NULL,NULL,NULL,NULL,NULL,NULL,NULL,NULL,NULL,NULL,NULL,NULL,NULL,1,NULL,NULL,NULL,NULL,NULL,NULL,NULL,NULL,NULL,NULL,NULL,NULL,NULL,NULL,NULL,NULL,NULL,0.0000,NULL,NULL,NULL),(449,2,'2019-07-26',14230.0000,2900.0000,41267000.0000,100.0000,2800.0000,280000.0000,100.0000,2900.0000,290000.0000,0.0000,0.0000,14230.0000,2897.9215,41237423.4002,2.0785,207.8468,207.8468,2850.0000,-47.9215,40555500.0000,-681923.4002,-681923.4002,29784.4466,0.00034,-1.12568,-1.12533,0.0000,0.0000,-681715.5534,-1.12533,19342000.0000,0.0000,0.0000,-681715.5534,-681715.5534,10000.0000,10000.0000,59897500.0000,207.8468,0.0000,2,0.0000,0.0000,0.0000,0.0000,0.0000,0.0000,14230.0000,41237423.4002,2850.0000,40555500.0000,29576.5998,29576.5998,0.0000,0.0000,40555500.0000,0.0000,0.0000,0.0000,0.0000,-681923.4002,-681923.4002),(450,3,'2019-07-26',9200.0000,3100.0000,28520000.0000,100.0000,3000.0000,300000.0000,100.0000,3200.0000,320000.0000,0.0000,0.0000,9200.0000,3098.9224,28510086.2069,101.0776,10107.7586,10107.7586,3100.0000,1.0776,28520000.0000,9913.7931,9913.7931,20021.5518,0.02113,0.02073,0.04186,0.0000,0.0000,20021.5518,0.04186,19342000.0000,0.0000,0.0000,20021.5518,20021.5518,20000.0000,20000.0000,47862000.0000,10107.7586,0.0000,2,0.0000,0.0000,0.0000,0.0000,0.0000,0.0000,9200.0000,28510086.2069,3100.0000,28520000.0000,9913.7931,9913.7931,0.0000,0.0000,28520000.0000,0.0000,0.0000,0.0000,0.0000,9913.7931,9913.7931),(451,1,'2019-07-26',19312000.0000,1.0000,19312000.0000,580000.0000,1.0000,580000.0000,610000.0000,1.0000,610000.0000,NULL,NULL,19342000.0000,1.0000,19342000.0000,NULL,NULL,NULL,NULL,NULL,NULL,NULL,NULL,NULL,NULL,NULL,NULL,NULL,NULL,NULL,NULL,NULL,NULL,NULL,NULL,NULL,NULL,NULL,NULL,NULL,NULL,2,NULL,NULL,NULL,NULL,NULL,NULL,NULL,NULL,NULL,NULL,NULL,NULL,NULL,NULL,NULL,NULL,NULL,0.0000,NULL,NULL,NULL),(464,2,'2019-07-27',27230.0000,2897.9200,78910361.6000,3190.0000,2815.5486,8981600.0000,1695.0000,2904.6313,4923350.0000,0.0000,0.0000,28145.0000,2883.9556,81168929.8920,20.6757,35045.2863,37664.1560,2864.0678,-19.8878,80609188.7914,-559741.1006,745162.2155,760471.5474,0.03820,-0.56764,-0.52944,964000.0000,-964000.0000,-1486076.9446,-1.50704,14676400.0000,-19694.2383,-19694.2383,-541771.1829,-1505771.1829,-3094250.0000,-1652250.0000,95285588.7914,35045.2863,1672694.2383,1,0.0000,580.0000,1653000.0000,2850.0000,0.0000,0.0000,28725.0000,82841624.1303,2850.0000,77605500.0000,813682.2805,733585.5966,0.0000,-19694.2383,82270348.1269,11534.9028,11534.9028,-964000.0000,0.0000,-559741.1006,1101418.2349),(465,3,'2019-07-27',9160.0000,3098.9200,28386107.2000,0.0000,0.0000,0.0000,0.0000,0.0000,0.0000,0.0000,0.0000,9160.0000,3098.9200,28386107.2000,0.0000,0.0000,10107.7586,3100.0000,1.0800,28396000.0000,9892.8000,22.1103,0.0000,0.02102,0.02057,0.04159,964000.0000,-964000.0000,-943999.4414,-1.96320,14676400.0000,0.0000,0.0000,20000.5586,-943999.4414,964000.0000,984000.0000,43072400.0000,0.0000,0.0000,1,0.0000,0.0000,0.0000,0.0000,0.0000,0.0000,9160.0000,28386107.2000,3100.0000,28396000.0000,9870.6897,0.0000,0.0000,0.0000,28396000.0000,0.0000,0.0000,-964000.0000,0.0000,9892.8000,9892.8000),(466,1,'2019-07-27',19698650.0000,1.0000,19698650.0000,8981600.0000,1.0000,8981600.0000,4923350.0000,1.0000,4923350.0000,NULL,NULL,14676400.0000,1.0000,14676400.0000,NULL,NULL,NULL,NULL,NULL,NULL,NULL,NULL,NULL,NULL,NULL,NULL,NULL,NULL,NULL,NULL,NULL,NULL,NULL,NULL,NULL,NULL,NULL,NULL,NULL,NULL,1,NULL,NULL,NULL,NULL,NULL,NULL,NULL,NULL,NULL,NULL,NULL,NULL,NULL,NULL,NULL,NULL,NULL,-964000.0000,NULL,NULL,NULL),(467,2,'2019-07-27',14230.0000,2897.9200,41237401.6000,6610.0000,2829.3797,18702200.0000,4950.0000,2902.7879,14368800.0000,580.0000,2850.0000,16470.0000,2883.9556,47498748.4570,18.8323,93219.8627,93427.7095,2864.0678,-19.8878,47171196.9939,-327551.4630,354371.9372,467264.2380,0.15422,-0.54070,-0.38647,0.0000,0.0000,-234123.7536,-0.38647,15008600.0000,19694.2383,0.0000,-234123.7536,-234123.7536,-4333400.0000,-4323400.0000,62179796.9939,93219.8627,0.0000,2,580.0000,0.0000,0.0000,0.0000,0.0000,1653000.0000,15890.0000,45826054.2186,2850.0000,40555500.0000,395461.6395,365885.0397,19694.2383,0.0000,45510037.6584,-11534.9028,-11534.9028,0.0000,0.0000,-327551.4630,-1988710.7986),(468,3,'2019-07-27',9200.0000,3098.9200,28510064.0000,0.0000,0.0000,0.0000,0.0000,0.0000,0.0000,0.0000,0.0000,9200.0000,3098.9200,28510064.0000,0.0000,0.0000,10107.7586,3100.0000,1.0800,28520000.0000,9936.0000,22.2069,0.0000,0.02112,0.02076,0.04189,0.0000,0.0000,20043.7586,0.04189,15008600.0000,0.0000,0.0000,20043.7586,20043.7586,0.0000,20000.0000,43528600.0000,0.0000,0.0000,2,0.0000,0.0000,0.0000,0.0000,0.0000,0.0000,9200.0000,28510064.0000,3100.0000,28520000.0000,9913.7931,0.0000,0.0000,0.0000,28520000.0000,0.0000,0.0000,0.0000,0.0000,9936.0000,9936.0000),(469,1,'2019-07-27',19342000.0000,1.0000,19342000.0000,18702200.0000,1.0000,18702200.0000,14368800.0000,1.0000,14368800.0000,NULL,NULL,15008600.0000,1.0000,15008600.0000,NULL,NULL,NULL,NULL,NULL,NULL,NULL,NULL,NULL,NULL,NULL,NULL,NULL,NULL,NULL,NULL,NULL,NULL,NULL,NULL,NULL,NULL,NULL,NULL,NULL,NULL,2,NULL,NULL,NULL,NULL,NULL,NULL,NULL,NULL,NULL,NULL,NULL,NULL,NULL,NULL,NULL,NULL,NULL,0.0000,NULL,NULL,NULL);
/*!40000 ALTER TABLE `cierre` ENABLE KEYS */;
UNLOCK TABLES;

--
-- Table structure for table `cierre_consolidado`
--

DROP TABLE IF EXISTS `cierre_consolidado`;
/*!40101 SET @saved_cs_client     = @@character_set_client */;
/*!40101 SET character_set_client = utf8 */;
CREATE TABLE `cierre_consolidado` (
  `id` bigint(20) NOT NULL AUTO_INCREMENT,
  `moneda` bigint(20) NOT NULL,
  `fecha` date NOT NULL,
  `saldo_inicial` decimal(15,4) DEFAULT 0.0000,
  `precio_promedio_inicial` decimal(15,4) DEFAULT 0.0000,
  `valor_compra_inicial` decimal(15,4) DEFAULT 0.0000,
  `nominal_compra` decimal(15,4) DEFAULT 0.0000,
  `precio_compra` decimal(15,4) DEFAULT 0.0000,
  `valor_compra` decimal(15,4) DEFAULT 0.0000,
  `nominal_venta` decimal(15,4) DEFAULT 0.0000,
  `precio_venta` decimal(15,4) DEFAULT 0.0000,
  `valor_venta` decimal(15,4) DEFAULT 0.0000,
  `nominal_traslados_entrantes` decimal(15,4) DEFAULT 0.0000,
  `precio_traslado_entrantes` decimal(15,4) DEFAULT 0.0000,
  `saldo_final` decimal(15,4) DEFAULT 0.0000,
  `precio_promedio_final` decimal(15,4) DEFAULT 0.0000,
  `valor_compra_final` decimal(15,4) DEFAULT 0.0000,
  `margen` decimal(15,4) DEFAULT 0.0000,
  `utilidad_diaria` decimal(15,4) DEFAULT 0.0000,
  `pyg_caja` decimal(15,4) DEFAULT 0.0000,
  `precio_valoracion` decimal(15,4) DEFAULT 0.0000,
  `margen_prec_valora_y_prec_prom` decimal(15,4) DEFAULT 0.0000,
  `valoracion` decimal(15,4) DEFAULT 0.0000,
  `pyg_valoracion` decimal(15,4) DEFAULT 0.0000,
  `pyg_valoracion_d` decimal(15,4) DEFAULT 0.0000,
  `pyg_bruto` decimal(15,4) DEFAULT 0.0000,
  `renta_caja` decimal(10,5) DEFAULT 0.00000,
  `renta_val` decimal(10,5) DEFAULT 0.00000,
  `renta_bruta` decimal(10,5) DEFAULT 0.00000,
  `egresos` decimal(15,4) DEFAULT 0.0000,
  `egresos_acumulados` decimal(15,4) DEFAULT 0.0000,
  `pyg_neto` decimal(15,4) DEFAULT 0.0000,
  `renta_neta` decimal(10,5) DEFAULT 0.00000,
  `saldo_cop` decimal(15,4) DEFAULT 0.0000,
  `pyg_traslado_diario` decimal(15,4) DEFAULT 0.0000,
  `pyg_traslado_acumulado` decimal(15,4) DEFAULT 0.0000,
  `pyg_bruto_con_traslado` decimal(15,4) DEFAULT 0.0000,
  `pyg_neto_con_traslado` decimal(15,4) DEFAULT 0.0000,
  `fc_diario` decimal(15,4) DEFAULT 0.0000,
  `fc_acumulado` decimal(15,4) DEFAULT 0.0000,
  `valor_port` decimal(15,4) DEFAULT 0.0000,
  `pyg_caja_d` decimal(15,4) DEFAULT 0.0000,
  `valor_traslados` decimal(15,4) DEFAULT 0.0000,
  `traslados_acumulados` decimal(15,4) DEFAULT 0.0000,
  `nominal_traslados_salientes` decimal(15,4) DEFAULT 0.0000,
  `valor_giro_traslado_salientes` decimal(15,4) DEFAULT 0.0000,
  `precio_traslado_salientes` decimal(15,4) DEFAULT 0.0000,
  `egresos_moneda` decimal(15,4) DEFAULT 0.0000,
  `valor_giro_traslado_entrantes` decimal(15,4) DEFAULT 0.0000,
  `saldo_precierre` decimal(15,4) DEFAULT 0.0000,
  `valor_giro_precierre` decimal(15,4) DEFAULT 0.0000,
  `precio_valoracion_anterior` decimal(15,4) DEFAULT 0.0000,
  `valoracion_precierre_anterior` decimal(15,4) DEFAULT 0.0000,
  `pyg_val_precierre_mensual` decimal(15,4) DEFAULT 0.0000,
  `pyg_val_precierre_diaria` decimal(15,4) DEFAULT 0.0000,
  `pyg_traslado_entrante` decimal(15,4) DEFAULT 0.0000,
  `pyg_traslado_saliente` decimal(15,4) DEFAULT 0.0000,
  `valoracion_precierre_actual` decimal(15,4) DEFAULT 0.0000,
  `pyg_val_cierre_diaria` decimal(15,4) DEFAULT 0.0000,
  `pyg_val_cierre_mensual` decimal(15,4) DEFAULT 0.0000,
  `diferencia_egresos_ingresos` decimal(15,4) DEFAULT 0.0000,
  `ingresos` decimal(15,4) DEFAULT 0.0000,
  `pyg_val_cierre_acumulada` decimal(15,4) DEFAULT 0.0000,
  `pyg_val_precierre_acumulada` decimal(15,4) DEFAULT 0.0000,
  PRIMARY KEY (`id`),
  KEY `conso-fk_moneda_caja_moneda_idx` (`moneda`) USING BTREE,
  CONSTRAINT `conso-fk_moneda_cierre` FOREIGN KEY (`moneda`) REFERENCES `fx` (`id`) ON UPDATE CASCADE
) ENGINE=InnoDB AUTO_INCREMENT=296 DEFAULT CHARSET=utf8;
/*!40101 SET character_set_client = @saved_cs_client */;

--
-- Dumping data for table `cierre_consolidado`
--

LOCK TABLES `cierre_consolidado` WRITE;
/*!40000 ALTER TABLE `cierre_consolidado` DISABLE KEYS */;
INSERT INTO `cierre_consolidado` VALUES (284,2,'2019-07-26',41930.0000,2900.0000,121597000.0000,890.0000,2800.0000,2492000.0000,1360.0000,2900.0000,3944000.0000,NULL,NULL,41460.0000,2897.9215,120147826.7163,2.0785,2826.7165,NULL,2850.0000,-47.9215,118161000.0000,-1986826.7163,NULL,112500.0002,NULL,NULL,NULL,-964000.0000,NULL,NULL,NULL,NULL,NULL,NULL,NULL,NULL,NULL,NULL,NULL,NULL,NULL,NULL,NULL,NULL,NULL,NULL,NULL,41460.0000,120147826.7163,2850.0000,119500500.0000,109673.2837,109673.2837,NULL,NULL,118161000.0000,0.0000,0.0000,0.0000,0.0000,-1986826.7163,-1986826.7163),(285,3,'2019-07-26',18360.0000,3100.0000,56916000.0000,200.0000,3000.0000,600000.0000,200.0000,3200.0000,640000.0000,NULL,NULL,18360.0000,3098.9224,56896215.5172,101.0776,20215.5172,NULL,3100.0000,1.0776,56916000.0000,19784.4828,NULL,40000.0001,NULL,NULL,NULL,-964000.0000,NULL,NULL,NULL,NULL,NULL,NULL,NULL,NULL,NULL,NULL,NULL,NULL,NULL,NULL,NULL,NULL,NULL,NULL,NULL,18360.0000,56896215.5172,3100.0000,56916000.0000,19784.4828,19784.4828,NULL,NULL,56916000.0000,0.0000,0.0000,0.0000,0.0000,19784.4828,19784.4828),(286,1,'2019-07-26',37548650.0000,NULL,NULL,3092000.0000,1.0000,3092000.0000,4584000.0000,1.0000,4584000.0000,NULL,NULL,39040650.0000,1.0000,39040650.0000,NULL,NULL,NULL,NULL,NULL,NULL,NULL,NULL,NULL,NULL,NULL,NULL,NULL,NULL,NULL,NULL,NULL,NULL,NULL,NULL,NULL,NULL,NULL,NULL,NULL,NULL,NULL,NULL,NULL,NULL,NULL,NULL,NULL,NULL,NULL,NULL,NULL,NULL,NULL,NULL,NULL,NULL,NULL,0.0000,NULL,NULL,NULL),(293,2,'2019-07-27',41460.0000,2897.9200,120147763.2000,9800.0000,2824.8776,27683800.0000,6645.0000,2903.2581,19292150.0000,NULL,NULL,44615.0000,2883.9556,128667678.3489,19.3025,128265.1490,NULL,2864.0678,-19.8878,127780385.7853,-887292.5636,NULL,1227735.7853,NULL,NULL,NULL,-964000.0000,NULL,NULL,NULL,NULL,NULL,NULL,NULL,NULL,NULL,NULL,NULL,NULL,NULL,NULL,NULL,NULL,NULL,NULL,NULL,44615.0000,128667678.3489,2850.0000,118161000.0000,1209143.9201,1099470.6364,NULL,NULL,127780385.7853,0.0000,0.0000,-964000.0000,0.0000,-887292.5636,-887292.5636),(294,3,'2019-07-27',18360.0000,3098.9200,56896171.2000,0.0000,0.0000,0.0000,0.0000,0.0000,0.0000,NULL,NULL,18360.0000,3098.9200,56896171.2000,0.0000,0.0000,NULL,3100.0000,1.0800,56916000.0000,19828.8000,NULL,0.0000,NULL,NULL,NULL,-964000.0000,NULL,NULL,NULL,NULL,NULL,NULL,NULL,NULL,NULL,NULL,NULL,NULL,NULL,NULL,NULL,NULL,NULL,NULL,NULL,18360.0000,56896171.2000,3100.0000,56916000.0000,19784.4828,0.0000,NULL,NULL,56916000.0000,0.0000,0.0000,-964000.0000,0.0000,19828.8000,19828.8000),(295,1,'2019-07-27',39040650.0000,NULL,NULL,27683800.0000,1.0000,27683800.0000,19292150.0000,1.0000,19292150.0000,NULL,NULL,29685000.0000,1.0000,29685000.0000,NULL,NULL,NULL,NULL,NULL,NULL,NULL,NULL,NULL,NULL,NULL,NULL,NULL,NULL,NULL,NULL,NULL,NULL,NULL,NULL,NULL,NULL,NULL,NULL,NULL,NULL,NULL,NULL,NULL,NULL,NULL,NULL,NULL,NULL,NULL,NULL,NULL,NULL,NULL,NULL,NULL,NULL,NULL,-964000.0000,NULL,NULL,NULL);
/*!40000 ALTER TABLE `cierre_consolidado` ENABLE KEYS */;
UNLOCK TABLES;

--
-- Table structure for table `cierre_turno`
--

DROP TABLE IF EXISTS `cierre_turno`;
/*!40101 SET @saved_cs_client     = @@character_set_client */;
/*!40101 SET character_set_client = utf8 */;
CREATE TABLE `cierre_turno` (
  `id` bigint(20) NOT NULL AUTO_INCREMENT,
  `turno` bigint(20) NOT NULL,
  `moneda` bigint(20) NOT NULL,
  `nominal` decimal(15,2) NOT NULL,
  `precio_promedio` decimal(15,2) NOT NULL,
  PRIMARY KEY (`id`),
  KEY `fk_moneda_caja_moneda_idx` (`moneda`),
  KEY `fk_caja_saldo0_idx` (`turno`),
  CONSTRAINT `fk_caja_saldo_inicial0` FOREIGN KEY (`turno`) REFERENCES `turno` (`id`) ON UPDATE CASCADE,
  CONSTRAINT `fk_moneda_saldo_inicial0` FOREIGN KEY (`moneda`) REFERENCES `fx` (`id`) ON UPDATE CASCADE
) ENGINE=InnoDB AUTO_INCREMENT=556 DEFAULT CHARSET=utf8;
/*!40101 SET character_set_client = @saved_cs_client */;

--
-- Dumping data for table `cierre_turno`
--

LOCK TABLES `cierre_turno` WRITE;
/*!40000 ALTER TABLE `cierre_turno` DISABLE KEYS */;
INSERT INTO `cierre_turno` VALUES (508,28,1,18436650.00,1.00),(509,28,2,26620.00,2900.00),(510,28,3,9000.00,3100.00),(511,29,1,1000000.00,1.00),(512,29,2,700.00,2900.00),(513,29,3,160.00,3100.00),(514,30,1,19030000.00,1.00),(515,30,2,14000.00,2900.00),(516,30,3,9000.00,3100.00),(517,31,1,312000.00,1.00),(518,31,2,230.00,2900.00),(519,31,3,200.00,3100.00),(520,32,1,18408650.00,1.00),(521,32,2,26630.00,2897.94),(522,32,3,9000.00,3098.92),(523,33,1,1290000.00,1.00),(524,33,2,600.00,2897.92),(525,33,3,160.00,3098.92),(526,34,1,14350400.00,1.00),(527,34,2,28125.00,2897.92),(528,34,3,9000.00,3098.92),(529,35,1,1290000.00,1.00),(530,35,2,600.00,2897.92),(531,35,3,160.00,3098.92),(532,36,1,19030000.00,1.00),(533,36,2,14000.00,2897.92),(534,36,3,9000.00,3098.92),(535,37,1,312000.00,1.00),(536,37,2,230.00,2897.92),(537,37,3,200.00,3098.92),(538,38,1,14350400.00,1.00),(539,38,2,28125.00,2892.04),(540,38,3,9000.00,3098.92),(541,39,1,14696600.00,1.00),(542,39,2,15660.00,2892.04),(543,39,3,9000.00,3098.92),(544,40,1,14350400.00,1.00),(545,40,2,27545.00,2883.96),(546,40,3,9000.00,3098.92),(547,41,1,14696600.00,1.00),(548,41,2,16240.00,2883.96),(549,41,3,9000.00,3098.92),(550,42,1,13386400.00,1.00),(551,42,2,27545.00,2883.96),(552,42,3,9000.00,3098.92),(553,44,1,312000.00,1.00),(554,44,2,230.00,2883.96),(555,44,3,200.00,3098.92);
/*!40000 ALTER TABLE `cierre_turno` ENABLE KEYS */;
UNLOCK TABLES;

--
-- Table structure for table `denominacion`
--

DROP TABLE IF EXISTS `denominacion`;
/*!40101 SET @saved_cs_client     = @@character_set_client */;
/*!40101 SET character_set_client = utf8 */;
CREATE TABLE `denominacion` (
  `id` bigint(20) NOT NULL AUTO_INCREMENT,
  `valor` decimal(15,2) NOT NULL,
  `moneda` bigint(20) NOT NULL,
  PRIMARY KEY (`id`),
  KEY `fk_fx_denominaciones_idx` (`moneda`),
  CONSTRAINT `fk_fx_denominaciones` FOREIGN KEY (`moneda`) REFERENCES `fx` (`id`) ON UPDATE CASCADE
) ENGINE=InnoDB AUTO_INCREMENT=146 DEFAULT CHARSET=utf8;
/*!40101 SET character_set_client = @saved_cs_client */;

--
-- Dumping data for table `denominacion`
--

LOCK TABLES `denominacion` WRITE;
/*!40000 ALTER TABLE `denominacion` DISABLE KEYS */;
INSERT INTO `denominacion` VALUES (113,1.00,1),(114,1000.00,1),(115,2000.00,1),(116,5000.00,1),(117,10000.00,1),(118,20000.00,1),(119,50000.00,1),(120,100000.00,1),(121,1.00,2),(122,2.00,2),(123,5.00,2),(124,10.00,2),(125,20.00,2),(126,50.00,2),(127,100.00,2),(128,5.00,3),(129,10.00,3),(130,20.00,3),(131,50.00,3),(132,100.00,3),(133,200.00,3),(134,500.00,3);
/*!40000 ALTER TABLE `denominacion` ENABLE KEYS */;
UNLOCK TABLES;

--
-- Table structure for table `denominacion_cantidad`
--

DROP TABLE IF EXISTS `denominacion_cantidad`;
/*!40101 SET @saved_cs_client     = @@character_set_client */;
/*!40101 SET character_set_client = utf8 */;
CREATE TABLE `denominacion_cantidad` (
  `id` bigint(20) NOT NULL AUTO_INCREMENT,
  `denominacion` bigint(20) NOT NULL,
  `operacion` bigint(20) DEFAULT NULL,
  `cantidad` int(11) NOT NULL,
  `flujo_extraordinario` bigint(20) DEFAULT NULL,
  `traslado` bigint(20) DEFAULT NULL,
  `tipo` varchar(30) NOT NULL,
  `saldo` bigint(20) DEFAULT NULL,
  `fondeo` bigint(20) DEFAULT NULL,
  PRIMARY KEY (`id`),
  KEY `fk_denominacion_flujos_idx` (`denominacion`),
  KEY `fk_operacion_flujos_idx` (`operacion`),
  KEY `denominacion_cantidad_flujo_extraordinario_FK` (`flujo_extraordinario`),
  KEY `denominacion_cantidad_traslado_FK` (`traslado`),
  KEY `denominacion_cantidad_saldo_FK` (`saldo`),
  KEY `denominacion_cantidad_fondeo_FK` (`fondeo`),
  CONSTRAINT `denominacion_cantidad_flujo_extraordinario_FK` FOREIGN KEY (`flujo_extraordinario`) REFERENCES `flujo_extraordinario` (`id`) ON UPDATE CASCADE,
  CONSTRAINT `denominacion_cantidad_fondeo_FK` FOREIGN KEY (`fondeo`) REFERENCES `fondeo` (`id`) ON UPDATE CASCADE,
  CONSTRAINT `denominacion_cantidad_saldo_FK` FOREIGN KEY (`saldo`) REFERENCES `saldo` (`id`) ON UPDATE CASCADE,
  CONSTRAINT `denominacion_cantidad_traslado_FK` FOREIGN KEY (`traslado`) REFERENCES `traslado` (`id`) ON UPDATE CASCADE,
  CONSTRAINT `fk_denominacion_flujos` FOREIGN KEY (`denominacion`) REFERENCES `denominacion` (`id`) ON UPDATE CASCADE,
  CONSTRAINT `fk_operacion_flujos` FOREIGN KEY (`operacion`) REFERENCES `operacion` (`id`) ON UPDATE CASCADE
) ENGINE=InnoDB AUTO_INCREMENT=2355 DEFAULT CHARSET=utf8;
/*!40101 SET character_set_client = @saved_cs_client */;

--
-- Dumping data for table `denominacion_cantidad`
--

LOCK TABLES `denominacion_cantidad` WRITE;
/*!40000 ALTER TABLE `denominacion_cantidad` DISABLE KEYS */;
INSERT INTO `denominacion_cantidad` VALUES (2097,120,NULL,116,NULL,NULL,'ENTRADA',152,NULL),(2098,119,NULL,9,NULL,NULL,'ENTRADA',152,NULL),(2099,118,NULL,12,NULL,NULL,'ENTRADA',152,NULL),(2100,117,NULL,62,NULL,NULL,'ENTRADA',152,NULL),(2101,116,NULL,8,NULL,NULL,'ENTRADA',152,NULL),(2102,115,NULL,9,NULL,NULL,'ENTRADA',152,NULL),(2103,114,NULL,412,NULL,NULL,'ENTRADA',152,NULL),(2104,113,NULL,600,NULL,NULL,'ENTRADA',152,NULL),(2105,127,NULL,272,NULL,NULL,'ENTRADA',153,NULL),(2106,126,NULL,6,NULL,NULL,'ENTRADA',153,NULL),(2107,125,NULL,1,NULL,NULL,'ENTRADA',153,NULL),(2108,124,NULL,1,NULL,NULL,'ENTRADA',153,NULL),(2109,123,NULL,0,NULL,NULL,'ENTRADA',153,NULL),(2110,122,NULL,0,NULL,NULL,'ENTRADA',153,NULL),(2111,121,NULL,17,NULL,NULL,'ENTRADA',153,NULL),(2112,134,NULL,0,NULL,NULL,'ENTRADA',154,NULL),(2113,133,NULL,0,NULL,NULL,'ENTRADA',154,NULL),(2114,132,NULL,89,NULL,NULL,'ENTRADA',154,NULL),(2115,131,NULL,0,NULL,NULL,'ENTRADA',154,NULL),(2116,130,NULL,0,NULL,NULL,'ENTRADA',154,NULL),(2117,129,NULL,10,NULL,NULL,'ENTRADA',154,NULL),(2118,128,NULL,0,NULL,NULL,'ENTRADA',154,NULL),(2119,120,NULL,10,NULL,NULL,'ENTRADA',155,NULL),(2120,119,NULL,0,NULL,NULL,'ENTRADA',155,NULL),(2121,118,NULL,0,NULL,NULL,'ENTRADA',155,NULL),(2122,117,NULL,0,NULL,NULL,'ENTRADA',155,NULL),(2123,116,NULL,0,NULL,NULL,'ENTRADA',155,NULL),(2124,115,NULL,0,NULL,NULL,'ENTRADA',155,NULL),(2125,114,NULL,290,NULL,NULL,'ENTRADA',155,NULL),(2126,113,NULL,0,NULL,NULL,'ENTRADA',155,NULL),(2127,127,NULL,6,NULL,NULL,'ENTRADA',156,NULL),(2128,126,NULL,0,NULL,NULL,'ENTRADA',156,NULL),(2129,125,NULL,0,NULL,NULL,'ENTRADA',156,NULL),(2130,124,NULL,0,NULL,NULL,'ENTRADA',156,NULL),(2131,123,NULL,0,NULL,NULL,'ENTRADA',156,NULL),(2132,122,NULL,0,NULL,NULL,'ENTRADA',156,NULL),(2133,121,NULL,0,NULL,NULL,'ENTRADA',156,NULL),(2134,134,NULL,0,NULL,NULL,'ENTRADA',157,NULL),(2135,133,NULL,0,NULL,NULL,'ENTRADA',157,NULL),(2136,132,NULL,0,NULL,NULL,'ENTRADA',157,NULL),(2137,131,NULL,0,NULL,NULL,'ENTRADA',157,NULL),(2138,130,NULL,0,NULL,NULL,'ENTRADA',157,NULL),(2139,129,NULL,16,NULL,NULL,'ENTRADA',157,NULL),(2140,128,NULL,0,NULL,NULL,'ENTRADA',157,NULL),(2163,120,NULL,0,NULL,NULL,'ENTRADA',161,NULL),(2164,119,NULL,0,NULL,NULL,'ENTRADA',161,NULL),(2165,118,NULL,0,NULL,NULL,'ENTRADA',161,NULL),(2166,117,NULL,0,NULL,NULL,'ENTRADA',161,NULL),(2167,116,NULL,0,NULL,NULL,'ENTRADA',161,NULL),(2168,115,NULL,0,NULL,NULL,'ENTRADA',161,NULL),(2169,114,NULL,312,NULL,NULL,'ENTRADA',161,NULL),(2170,113,NULL,0,NULL,NULL,'ENTRADA',161,NULL),(2171,127,NULL,0,NULL,NULL,'ENTRADA',162,NULL),(2172,126,NULL,0,NULL,NULL,'ENTRADA',162,NULL),(2173,125,NULL,0,NULL,NULL,'ENTRADA',162,NULL),(2174,124,NULL,0,NULL,NULL,'ENTRADA',162,NULL),(2175,123,NULL,0,NULL,NULL,'ENTRADA',162,NULL),(2176,122,NULL,0,NULL,NULL,'ENTRADA',162,NULL),(2177,121,NULL,230,NULL,NULL,'ENTRADA',162,NULL),(2178,134,NULL,0,NULL,NULL,'ENTRADA',163,NULL),(2179,133,NULL,0,NULL,NULL,'ENTRADA',163,NULL),(2180,132,NULL,2,NULL,NULL,'ENTRADA',163,NULL),(2181,131,NULL,0,NULL,NULL,'ENTRADA',163,NULL),(2182,130,NULL,0,NULL,NULL,'ENTRADA',163,NULL),(2183,129,NULL,0,NULL,NULL,'ENTRADA',163,NULL),(2184,128,NULL,0,NULL,NULL,'ENTRADA',163,NULL),(2185,118,63,4,NULL,NULL,'SALIDA',NULL,NULL),(2186,120,63,21,NULL,NULL,'SALIDA',NULL,NULL),(2187,114,63,4,NULL,NULL,'SALIDA',NULL,NULL),(2188,127,63,7,NULL,NULL,'ENTRADA',NULL,NULL),(2189,125,63,4,NULL,NULL,'ENTRADA',NULL,NULL),(2190,121,64,60,NULL,NULL,'SALIDA',NULL,NULL),(2191,127,64,11,NULL,NULL,'SALIDA',NULL,NULL),(2192,114,64,64,NULL,NULL,'ENTRADA',NULL,NULL),(2193,120,64,33,NULL,NULL,'ENTRADA',NULL,NULL),(2194,120,65,3,NULL,NULL,'SALIDA',NULL,NULL),(2195,132,65,1,NULL,NULL,'ENTRADA',NULL,NULL),(2196,132,66,1,NULL,NULL,'SALIDA',NULL,NULL),(2197,120,66,3,NULL,NULL,'ENTRADA',NULL,NULL),(2198,117,66,2,NULL,NULL,'ENTRADA',NULL,NULL),(2199,114,67,40,NULL,NULL,'SALIDA',NULL,NULL),(2200,120,67,2,NULL,NULL,'SALIDA',NULL,NULL),(2201,113,67,40000,NULL,NULL,'SALIDA',NULL,NULL),(2202,127,67,1,NULL,NULL,'ENTRADA',NULL,NULL),(2203,127,68,1,NULL,NULL,'SALIDA',NULL,NULL),(2204,118,68,2,NULL,NULL,'ENTRADA',NULL,NULL),(2205,119,68,1,NULL,NULL,'ENTRADA',NULL,NULL),(2206,120,68,2,NULL,NULL,'ENTRADA',NULL,NULL),(2207,120,69,3,NULL,NULL,'SALIDA',NULL,NULL),(2208,132,69,1,NULL,NULL,'ENTRADA',NULL,NULL),(2209,132,70,1,NULL,NULL,'SALIDA',NULL,NULL),(2210,118,70,1,NULL,NULL,'ENTRADA',NULL,NULL),(2211,120,70,3,NULL,NULL,'ENTRADA',NULL,NULL),(2212,114,71,28,NULL,NULL,'SALIDA',NULL,NULL),(2213,124,71,1,NULL,NULL,'ENTRADA',NULL,NULL),(2214,127,72,1,NULL,NULL,'SALIDA',NULL,NULL),(2215,114,72,290,NULL,NULL,'ENTRADA',NULL,NULL),(2216,113,73,600,NULL,NULL,'SALIDA',NULL,NULL),(2217,120,73,79,NULL,NULL,'SALIDA',NULL,NULL),(2218,114,73,4,NULL,NULL,'SALIDA',NULL,NULL),(2219,117,73,9,NULL,NULL,'SALIDA',NULL,NULL),(2220,124,73,4,NULL,NULL,'ENTRADA',NULL,NULL),(2221,127,73,28,NULL,NULL,'ENTRADA',NULL,NULL),(2222,116,74,2,NULL,NULL,'SALIDA',NULL,NULL),(2223,114,74,7,NULL,NULL,'SALIDA',NULL,NULL),(2224,120,74,9,NULL,NULL,'SALIDA',NULL,NULL),(2225,119,74,1,NULL,NULL,'SALIDA',NULL,NULL),(2226,118,74,1,NULL,NULL,'SALIDA',NULL,NULL),(2227,126,74,7,NULL,NULL,'ENTRADA',NULL,NULL),(2228,125,75,2,NULL,NULL,'SALIDA',NULL,NULL),(2229,124,75,3,NULL,NULL,'SALIDA',NULL,NULL),(2230,127,75,15,NULL,NULL,'SALIDA',NULL,NULL),(2231,114,75,160,NULL,NULL,'ENTRADA',NULL,NULL),(2232,120,75,40,NULL,NULL,'ENTRADA',NULL,NULL),(2233,117,75,40,NULL,NULL,'ENTRADA',NULL,NULL),(2234,113,75,850,NULL,NULL,'ENTRADA',NULL,NULL),(2235,127,76,1,NULL,NULL,'SALIDA',NULL,NULL),(2236,121,76,5,NULL,NULL,'SALIDA',NULL,NULL),(2237,125,76,1,NULL,NULL,'SALIDA',NULL,NULL),(2238,114,76,2,NULL,NULL,'ENTRADA',NULL,NULL),(2239,113,76,500,NULL,NULL,'ENTRADA',NULL,NULL),(2240,118,76,10,NULL,NULL,'ENTRADA',NULL,NULL),(2241,117,76,6,NULL,NULL,'ENTRADA',NULL,NULL),(2242,120,76,1,NULL,NULL,'ENTRADA',NULL,NULL),(2243,120,NULL,121,NULL,NULL,'ENTRADA',164,NULL),(2244,119,NULL,23,NULL,NULL,'ENTRADA',164,NULL),(2245,118,NULL,51,NULL,NULL,'ENTRADA',164,NULL),(2246,117,NULL,31,NULL,NULL,'ENTRADA',164,NULL),(2247,116,NULL,0,NULL,NULL,'ENTRADA',164,NULL),(2248,115,NULL,0,NULL,NULL,'ENTRADA',164,NULL),(2249,114,NULL,30,NULL,NULL,'ENTRADA',164,NULL),(2250,113,NULL,86600,NULL,NULL,'ENTRADA',164,NULL),(2251,127,NULL,154,NULL,NULL,'ENTRADA',165,NULL),(2252,126,NULL,5,NULL,NULL,'ENTRADA',165,NULL),(2253,125,NULL,9,NULL,NULL,'ENTRADA',165,NULL),(2254,124,NULL,3,NULL,NULL,'ENTRADA',165,NULL),(2255,123,NULL,48,NULL,NULL,'ENTRADA',165,NULL),(2256,122,NULL,0,NULL,NULL,'ENTRADA',165,NULL),(2257,121,NULL,140,NULL,NULL,'ENTRADA',165,NULL),(2258,134,NULL,0,NULL,NULL,'ENTRADA',166,NULL),(2259,133,NULL,0,NULL,NULL,'ENTRADA',166,NULL),(2260,132,NULL,90,NULL,NULL,'ENTRADA',166,NULL),(2261,131,NULL,0,NULL,NULL,'ENTRADA',166,NULL),(2262,130,NULL,0,NULL,NULL,'ENTRADA',166,NULL),(2263,129,NULL,0,NULL,NULL,'ENTRADA',166,NULL),(2264,128,NULL,0,NULL,NULL,'ENTRADA',166,NULL),(2265,113,77,5700,NULL,NULL,'SALIDA',NULL,NULL),(2266,120,77,163,NULL,NULL,'SALIDA',NULL,NULL),(2267,117,77,1,NULL,NULL,'SALIDA',NULL,NULL),(2268,119,77,1,NULL,NULL,'SALIDA',NULL,NULL),(2269,118,77,1,NULL,NULL,'SALIDA',NULL,NULL),(2270,127,77,50,NULL,NULL,'ENTRADA',NULL,NULL),(2271,126,77,5,NULL,NULL,'ENTRADA',NULL,NULL),(2272,123,77,48,NULL,NULL,'ENTRADA',NULL,NULL),(2273,125,77,10,NULL,NULL,'ENTRADA',NULL,NULL),(2274,124,77,10,NULL,NULL,'ENTRADA',NULL,NULL),(2275,118,78,18,NULL,NULL,'SALIDA',NULL,NULL),(2276,117,78,28,NULL,NULL,'SALIDA',NULL,NULL),(2277,113,78,26500,NULL,NULL,'SALIDA',NULL,NULL),(2278,119,78,1,NULL,NULL,'SALIDA',NULL,NULL),(2279,120,78,16,NULL,NULL,'SALIDA',NULL,NULL),(2280,121,78,20,NULL,NULL,'ENTRADA',NULL,NULL),(2281,127,78,8,NULL,NULL,'ENTRADA',NULL,NULL),(2282,127,79,35,NULL,NULL,'SALIDA',NULL,NULL),(2283,124,79,7,NULL,NULL,'SALIDA',NULL,NULL),(2284,117,79,30,NULL,NULL,'ENTRADA',NULL,NULL),(2285,118,79,50,NULL,NULL,'ENTRADA',NULL,NULL),(2286,120,79,80,NULL,NULL,'ENTRADA',NULL,NULL),(2287,113,79,53000,NULL,NULL,'ENTRADA',NULL,NULL),(2288,119,79,20,NULL,NULL,'ENTRADA',NULL,NULL),(2289,124,80,1,NULL,NULL,'SALIDA',NULL,NULL),(2290,125,80,1,NULL,NULL,'SALIDA',NULL,NULL),(2291,126,80,1,NULL,NULL,'SALIDA',NULL,NULL),(2292,127,80,13,NULL,NULL,'SALIDA',NULL,NULL),(2293,120,80,40,NULL,NULL,'ENTRADA',NULL,NULL),(2294,113,80,15800,NULL,NULL,'ENTRADA',NULL,NULL),(2295,125,NULL,0,NULL,3,'SALIDA',NULL,NULL),(2296,123,NULL,0,NULL,3,'SALIDA',NULL,NULL),(2297,127,NULL,5,NULL,3,'SALIDA',NULL,NULL),(2298,126,NULL,1,NULL,3,'SALIDA',NULL,NULL),(2299,121,NULL,20,NULL,3,'SALIDA',NULL,NULL),(2300,122,NULL,0,NULL,3,'SALIDA',NULL,NULL),(2301,124,NULL,1,NULL,3,'SALIDA',NULL,NULL),(2302,119,NULL,0,2,NULL,'SALIDA',NULL,NULL),(2303,118,NULL,3,2,NULL,'SALIDA',NULL,NULL),(2304,117,NULL,0,2,NULL,'SALIDA',NULL,NULL),(2305,113,NULL,0,2,NULL,'SALIDA',NULL,NULL),(2306,120,NULL,9,2,NULL,'SALIDA',NULL,NULL),(2307,116,NULL,0,2,NULL,'SALIDA',NULL,NULL),(2308,114,NULL,4,2,NULL,'SALIDA',NULL,NULL),(2309,115,NULL,0,2,NULL,'SALIDA',NULL,NULL),(2310,114,NULL,0,3,NULL,'SALIDA',NULL,NULL),(2311,120,NULL,0,3,NULL,'SALIDA',NULL,NULL),(2312,117,NULL,0,3,NULL,'SALIDA',NULL,NULL),(2313,116,NULL,0,3,NULL,'SALIDA',NULL,NULL),(2314,113,NULL,1,3,NULL,'SALIDA',NULL,NULL),(2315,119,NULL,0,3,NULL,'SALIDA',NULL,NULL),(2316,118,NULL,0,3,NULL,'SALIDA',NULL,NULL),(2317,115,NULL,0,3,NULL,'SALIDA',NULL,NULL),(2318,120,NULL,0,4,NULL,'SALIDA',NULL,NULL),(2319,113,NULL,0,4,NULL,'SALIDA',NULL,NULL),(2320,116,NULL,0,4,NULL,'SALIDA',NULL,NULL),(2321,115,NULL,1,4,NULL,'SALIDA',NULL,NULL),(2322,118,NULL,0,4,NULL,'SALIDA',NULL,NULL),(2323,119,NULL,0,4,NULL,'SALIDA',NULL,NULL),(2324,114,NULL,0,4,NULL,'SALIDA',NULL,NULL),(2325,117,NULL,0,4,NULL,'SALIDA',NULL,NULL),(2326,113,81,800,NULL,NULL,'SALIDA',NULL,NULL),(2327,115,81,1,NULL,NULL,'SALIDA',NULL,NULL),(2328,121,81,1,NULL,NULL,'ENTRADA',NULL,NULL),(2329,119,NULL,0,5,NULL,'SALIDA',NULL,NULL),(2330,114,NULL,1,5,NULL,'SALIDA',NULL,NULL),(2331,115,NULL,0,5,NULL,'SALIDA',NULL,NULL),(2332,120,NULL,0,5,NULL,'SALIDA',NULL,NULL),(2333,113,NULL,0,5,NULL,'SALIDA',NULL,NULL),(2334,117,NULL,0,5,NULL,'SALIDA',NULL,NULL),(2335,118,NULL,0,5,NULL,'SALIDA',NULL,NULL),(2336,116,NULL,0,5,NULL,'SALIDA',NULL,NULL),(2337,118,NULL,0,6,NULL,'SALIDA',NULL,NULL),(2338,115,NULL,0,6,NULL,'SALIDA',NULL,NULL),(2339,120,NULL,0,6,NULL,'SALIDA',NULL,NULL),(2340,119,NULL,0,6,NULL,'SALIDA',NULL,NULL),(2341,117,NULL,0,6,NULL,'SALIDA',NULL,NULL),(2342,114,NULL,1,6,NULL,'SALIDA',NULL,NULL),(2343,113,NULL,0,6,NULL,'SALIDA',NULL,NULL),(2344,116,NULL,0,6,NULL,'SALIDA',NULL,NULL),(2345,113,NULL,0,7,NULL,'SALIDA',NULL,NULL),(2346,119,NULL,0,7,NULL,'SALIDA',NULL,NULL),(2347,117,NULL,0,7,NULL,'SALIDA',NULL,NULL),(2348,114,NULL,0,7,NULL,'SALIDA',NULL,NULL),(2349,116,NULL,0,7,NULL,'SALIDA',NULL,NULL),(2350,115,NULL,1,7,NULL,'SALIDA',NULL,NULL),(2351,120,NULL,0,7,NULL,'SALIDA',NULL,NULL),(2352,118,NULL,0,7,NULL,'SALIDA',NULL,NULL),(2353,114,82,3,NULL,NULL,'SALIDA',NULL,NULL),(2354,121,82,1,NULL,NULL,'ENTRADA',NULL,NULL);
/*!40000 ALTER TABLE `denominacion_cantidad` ENABLE KEYS */;
UNLOCK TABLES;

--
-- Table structure for table `empresa`
--

DROP TABLE IF EXISTS `empresa`;
/*!40101 SET @saved_cs_client     = @@character_set_client */;
/*!40101 SET character_set_client = utf8 */;
CREATE TABLE `empresa` (
  `id` bigint(20) NOT NULL AUTO_INCREMENT,
  `nit` varchar(45) NOT NULL,
  `razon_social` varchar(150) NOT NULL,
  `direccion` varchar(100) NOT NULL,
  `ciiu` varchar(150) NOT NULL,
  `concepto` varchar(150) DEFAULT NULL,
  PRIMARY KEY (`id`)
) ENGINE=InnoDB DEFAULT CHARSET=utf8;
/*!40101 SET character_set_client = @saved_cs_client */;

--
-- Dumping data for table `empresa`
--

LOCK TABLES `empresa` WRITE;
/*!40000 ALTER TABLE `empresa` DISABLE KEYS */;
/*!40000 ALTER TABLE `empresa` ENABLE KEYS */;
UNLOCK TABLES;

--
-- Table structure for table `flujo_extraordinario`
--

DROP TABLE IF EXISTS `flujo_extraordinario`;
/*!40101 SET @saved_cs_client     = @@character_set_client */;
/*!40101 SET character_set_client = utf8 */;
CREATE TABLE `flujo_extraordinario` (
  `id` bigint(20) NOT NULL AUTO_INCREMENT,
  `idsoipc` varchar(450) DEFAULT NULL,
  `tipo` varchar(20) NOT NULL,
  `valor` decimal(15,2) NOT NULL,
  `turno` bigint(20) NOT NULL,
  `fecha` datetime NOT NULL,
  `estado` varchar(20) NOT NULL,
  `fx` bigint(20) NOT NULL,
  `descripcion` varchar(256) DEFAULT NULL,
  `criterio` varchar(100) NOT NULL,
  `naturaleza` varchar(100) DEFAULT NULL,
  `receptor` varchar(100) DEFAULT NULL,
  `cuenta` varchar(100) DEFAULT NULL,
  `concepto` varchar(100) DEFAULT NULL,
  PRIMARY KEY (`id`),
  KEY `flujo_extraordinario_turno_FK` (`turno`),
  KEY `flujo_extraordinario_fx_FK` (`fx`),
  CONSTRAINT `flujo_extraordinario_fx_FK` FOREIGN KEY (`fx`) REFERENCES `fx` (`id`) ON UPDATE CASCADE,
  CONSTRAINT `flujo_extraordinario_turno_FK` FOREIGN KEY (`turno`) REFERENCES `turno` (`id`) ON UPDATE CASCADE
) ENGINE=InnoDB AUTO_INCREMENT=8 DEFAULT CHARSET=utf8;
/*!40101 SET character_set_client = @saved_cs_client */;

--
-- Dumping data for table `flujo_extraordinario`
--

LOCK TABLES `flujo_extraordinario` WRITE;
/*!40000 ALTER TABLE `flujo_extraordinario` DISABLE KEYS */;
INSERT INTO `flujo_extraordinario` VALUES (2,NULL,'EGRESO',964000.00,42,'2019-07-27 09:45:42','EJECUTADO',1,NULL,'SERVICIOS','OPERACION','SUCURSAL-1','11112','prueba'),(3,NULL,'EGRESO',1.00,43,'2019-08-15 22:35:54','CANCELADO',1,NULL,'NOMINA','OPERACION','GENERAL','255','dfghjkl'),(4,NULL,'EGRESO',2000.00,43,'2019-08-15 22:37:13','CANCELADO',1,NULL,'PROVEEDORES','OPERACION','COMERCIAL','23','23'),(5,NULL,'EGRESO',1000.00,43,'2019-08-15 22:47:54','CANCELADO',1,NULL,'NOMINA','OPERACION','COMERCIAL','1212',NULL),(6,NULL,'EGRESO',1000.00,43,'2019-08-15 22:49:36','CANCELADO',1,NULL,'PROVEEDORES','OPERACION','GENERAL','8','sasa'),(7,NULL,'EGRESO',2000.00,43,'2019-08-15 22:52:57','CANCELADO',1,NULL,'PROVEEDORES','OPERACION','GENERAL','2','2323');
/*!40000 ALTER TABLE `flujo_extraordinario` ENABLE KEYS */;
UNLOCK TABLES;

--
-- Table structure for table `fondeo`
--

DROP TABLE IF EXISTS `fondeo`;
/*!40101 SET @saved_cs_client     = @@character_set_client */;
/*!40101 SET character_set_client = utf8 */;
CREATE TABLE `fondeo` (
  `id` bigint(20) NOT NULL AUTO_INCREMENT,
  `fecha` datetime NOT NULL,
  `sucursal` bigint(20) DEFAULT NULL,
  `turno_origen` bigint(20) DEFAULT NULL,
  `turno_destino` bigint(20) DEFAULT NULL,
  `estado` varchar(20) NOT NULL,
  `valor_giro` decimal(14,2) NOT NULL,
  `fx` bigint(20) NOT NULL,
  PRIMARY KEY (`id`),
  KEY `fk_usuario_traslados_idx` (`turno_origen`),
  KEY `fk_usuario_traslados_idx1` (`turno_destino`),
  KEY `fk_fx_traslado_idx` (`fx`),
  KEY `fk_sucursal_destino_idx` (`sucursal`),
  CONSTRAINT `fk_fx_fondeo` FOREIGN KEY (`fx`) REFERENCES `fx` (`id`) ON UPDATE CASCADE,
  CONSTRAINT `fondeo_turno_FK` FOREIGN KEY (`turno_origen`) REFERENCES `turno` (`id`) ON UPDATE CASCADE,
  CONSTRAINT `fondeo_turno_FK_1` FOREIGN KEY (`turno_destino`) REFERENCES `turno` (`id`) ON DELETE CASCADE
) ENGINE=InnoDB AUTO_INCREMENT=4 DEFAULT CHARSET=utf8;
/*!40101 SET character_set_client = @saved_cs_client */;

--
-- Dumping data for table `fondeo`
--

LOCK TABLES `fondeo` WRITE;
/*!40000 ALTER TABLE `fondeo` DISABLE KEYS */;
/*!40000 ALTER TABLE `fondeo` ENABLE KEYS */;
UNLOCK TABLES;

--
-- Table structure for table `functionality`
--

DROP TABLE IF EXISTS `functionality`;
/*!40101 SET @saved_cs_client     = @@character_set_client */;
/*!40101 SET character_set_client = utf8 */;
CREATE TABLE `functionality` (
  `id` bigint(20) NOT NULL AUTO_INCREMENT,
  `name` varchar(100) NOT NULL,
  `description` varchar(400) NOT NULL,
  `menu` bigint(20) DEFAULT NULL,
  PRIMARY KEY (`id`),
  UNIQUE KEY `name_UNIQUE` (`name`),
  UNIQUE KEY `menu_UNIQUE` (`menu`),
  KEY `fk_menu_functionalities_idx` (`menu`),
  CONSTRAINT `fk_menu_functionalities` FOREIGN KEY (`menu`) REFERENCES `menu` (`id`) ON UPDATE CASCADE
) ENGINE=InnoDB AUTO_INCREMENT=2 DEFAULT CHARSET=utf8;
/*!40101 SET character_set_client = @saved_cs_client */;

--
-- Dumping data for table `functionality`
--

LOCK TABLES `functionality` WRITE;
/*!40000 ALTER TABLE `functionality` DISABLE KEYS */;
/*!40000 ALTER TABLE `functionality` ENABLE KEYS */;
UNLOCK TABLES;

--
-- Table structure for table `functionality_resource`
--

DROP TABLE IF EXISTS `functionality_resource`;
/*!40101 SET @saved_cs_client     = @@character_set_client */;
/*!40101 SET character_set_client = utf8 */;
CREATE TABLE `functionality_resource` (
  `functionality` bigint(20) NOT NULL,
  `resource` bigint(20) NOT NULL,
  PRIMARY KEY (`functionality`,`resource`),
  KEY `fk_role_permission_permission_idx` (`resource`),
  CONSTRAINT `fk_functionality_resources` FOREIGN KEY (`functionality`) REFERENCES `functionality` (`id`) ON UPDATE CASCADE,
  CONSTRAINT `fk_resource_functionalities` FOREIGN KEY (`resource`) REFERENCES `resource` (`id`) ON UPDATE CASCADE
) ENGINE=InnoDB DEFAULT CHARSET=utf8;
/*!40101 SET character_set_client = @saved_cs_client */;

--
-- Dumping data for table `functionality_resource`
--

LOCK TABLES `functionality_resource` WRITE;
/*!40000 ALTER TABLE `functionality_resource` DISABLE KEYS */;
/*!40000 ALTER TABLE `functionality_resource` ENABLE KEYS */;
UNLOCK TABLES;

--
-- Table structure for table `fx`
--

DROP TABLE IF EXISTS `fx`;
/*!40101 SET @saved_cs_client     = @@character_set_client */;
/*!40101 SET character_set_client = utf8 */;
CREATE TABLE `fx` (
  `id` bigint(20) NOT NULL AUTO_INCREMENT,
  `cod` varchar(15) CHARACTER SET utf8 COLLATE utf8_bin NOT NULL,
  `concepto` varchar(245) NOT NULL,
  PRIMARY KEY (`id`),
  UNIQUE KEY `cod_UNIQUE` (`cod`)
) ENGINE=InnoDB AUTO_INCREMENT=6 DEFAULT CHARSET=utf8;
/*!40101 SET character_set_client = @saved_cs_client */;

--
-- Dumping data for table `fx`
--

LOCK TABLES `fx` WRITE;
/*!40000 ALTER TABLE `fx` DISABLE KEYS */;
INSERT INTO `fx` VALUES (1,'COP','Peso Colombiano'),(2,'USD','Dolar Americano'),(3,'EUR','Euro');
/*!40000 ALTER TABLE `fx` ENABLE KEYS */;
UNLOCK TABLES;

--
-- Table structure for table `fx_sucursal`
--

DROP TABLE IF EXISTS `fx_sucursal`;
/*!40101 SET @saved_cs_client     = @@character_set_client */;
/*!40101 SET character_set_client = utf8 */;
CREATE TABLE `fx_sucursal` (
  `id` bigint(20) NOT NULL AUTO_INCREMENT,
  `fx` bigint(20) NOT NULL,
  `sucursal` bigint(20) NOT NULL,
  `precio_compra` decimal(15,2) NOT NULL,
  `precio_venta` decimal(15,2) NOT NULL,
  `precio_valoracion` decimal(15,2) NOT NULL,
  PRIMARY KEY (`id`),
  UNIQUE KEY `idx_fx_sucursal` (`fx`,`sucursal`),
  KEY `fk_sucursal_fx_sucursales_idx` (`sucursal`),
  KEY `fk_fx_fx_sucursales_idx` (`fx`),
  CONSTRAINT `fk_fx_fx_sucursales` FOREIGN KEY (`fx`) REFERENCES `fx` (`id`) ON UPDATE CASCADE,
  CONSTRAINT `fk_sucursal_fx_sucursales` FOREIGN KEY (`sucursal`) REFERENCES `sucursal` (`id`) ON UPDATE CASCADE
) ENGINE=InnoDB AUTO_INCREMENT=9 DEFAULT CHARSET=utf8;
/*!40101 SET character_set_client = @saved_cs_client */;

--
-- Dumping data for table `fx_sucursal`
--

LOCK TABLES `fx_sucursal` WRITE;
/*!40000 ALTER TABLE `fx_sucursal` DISABLE KEYS */;
INSERT INTO `fx_sucursal` VALUES (1,2,1,2800.00,2900.00,2850.00),(2,3,1,3000.00,3200.00,3100.00),(3,2,2,2800.00,2900.00,2850.00),(4,3,2,3000.00,3200.00,3100.00);
/*!40000 ALTER TABLE `fx_sucursal` ENABLE KEYS */;
UNLOCK TABLES;

--
-- Table structure for table `item_arqueo`
--

DROP TABLE IF EXISTS `item_arqueo`;
/*!40101 SET @saved_cs_client     = @@character_set_client */;
/*!40101 SET character_set_client = utf8 */;
CREATE TABLE `item_arqueo` (
  `id` bigint(20) NOT NULL AUTO_INCREMENT,
  `arqueo` bigint(20) NOT NULL,
  `saldo_inicial` decimal(15,4) DEFAULT 0.0000,
  `saldo_final` decimal(15,4) DEFAULT 0.0000,
  `nominal_compras` decimal(15,4) DEFAULT 0.0000,
  `nominal_ventas` decimal(15,4) DEFAULT 0.0000,
  `nominal_egresos` decimal(15,4) DEFAULT 0.0000,
  `nominal_ingresos` decimal(15,4) DEFAULT 0.0000,
  `nominal_traslados_entrantes` decimal(15,4) DEFAULT 0.0000,
  `nominal_traslados_salientes` decimal(15,4) DEFAULT 0.0000,
  `moneda` bigint(20) NOT NULL,
  `saldo_real` decimal(15,4) DEFAULT NULL,
  PRIMARY KEY (`id`),
  KEY `item_arqueo_arqueo_FK` (`arqueo`),
  KEY `item_arqueo_fx_FK` (`moneda`),
  CONSTRAINT `item_arqueo_arqueo_FK` FOREIGN KEY (`arqueo`) REFERENCES `arqueo` (`id`) ON UPDATE CASCADE,
  CONSTRAINT `item_arqueo_fx_FK` FOREIGN KEY (`moneda`) REFERENCES `fx` (`id`) ON UPDATE CASCADE
) ENGINE=InnoDB AUTO_INCREMENT=328 DEFAULT CHARSET=utf8;
/*!40101 SET character_set_client = @saved_cs_client */;

--
-- Dumping data for table `item_arqueo`
--

LOCK TABLES `item_arqueo` WRITE;
/*!40000 ALTER TABLE `item_arqueo` DISABLE KEYS */;
INSERT INTO `item_arqueo` VALUES (313,286,14000.0000,14000.0000,0.0000,0.0000,0.0000,0.0000,0.0000,0.0000,2,0.0000),(314,286,9000.0000,9000.0000,0.0000,0.0000,0.0000,0.0000,0.0000,0.0000,3,0.0000),(315,286,19030000.0000,19030000.0000,0.0000,0.0000,0.0000,0.0000,0.0000,0.0000,1,0.0000),(316,287,230.0000,230.0000,0.0000,0.0000,0.0000,0.0000,0.0000,0.0000,2,0.0000),(317,287,200.0000,200.0000,0.0000,0.0000,0.0000,0.0000,0.0000,0.0000,3,0.0000),(318,287,312000.0000,312000.0000,0.0000,0.0000,0.0000,0.0000,0.0000,0.0000,1,0.0000),(319,288,312000.0000,312000.0000,0.0000,0.0000,0.0000,0.0000,0.0000,0.0000,1,0.0000),(320,288,230.0000,230.0000,0.0000,0.0000,0.0000,0.0000,0.0000,0.0000,2,0.0000),(321,288,200.0000,200.0000,0.0000,0.0000,0.0000,0.0000,0.0000,0.0000,3,0.0000),(322,289,9000.0000,9000.0000,0.0000,0.0000,0.0000,0.0000,0.0000,0.0000,3,0.0000),(323,289,13386400.0000,13377599.0000,2800.0000,0.0000,6001.0000,0.0000,0.0000,0.0000,1,0.0000),(324,289,27545.0000,27546.0000,1.0000,0.0000,0.0000,0.0000,0.0000,0.0000,2,0.0000),(325,290,13386400.0000,13383600.0000,2800.0000,0.0000,0.0000,0.0000,0.0000,0.0000,1,0.0000),(326,290,9000.0000,9000.0000,0.0000,0.0000,0.0000,0.0000,0.0000,0.0000,3,0.0000),(327,290,27545.0000,27546.0000,1.0000,0.0000,0.0000,0.0000,0.0000,0.0000,2,0.0000);
/*!40000 ALTER TABLE `item_arqueo` ENABLE KEYS */;
UNLOCK TABLES;

--
-- Table structure for table `menu`
--

DROP TABLE IF EXISTS `menu`;
/*!40101 SET @saved_cs_client     = @@character_set_client */;
/*!40101 SET character_set_client = utf8 */;
CREATE TABLE `menu` (
  `id` bigint(20) NOT NULL AUTO_INCREMENT,
  `name` varchar(45) NOT NULL,
  `index` int(11) NOT NULL,
  `parent` bigint(20) DEFAULT NULL,
  `description` varchar(500) DEFAULT NULL,
  `target` varchar(500) DEFAULT NULL,
  PRIMARY KEY (`id`),
  KEY `fk_menu_parent_idx` (`parent`),
  CONSTRAINT `fk_menu_children` FOREIGN KEY (`parent`) REFERENCES `menu` (`id`) ON UPDATE CASCADE
) ENGINE=InnoDB AUTO_INCREMENT=2 DEFAULT CHARSET=utf8;
/*!40101 SET character_set_client = @saved_cs_client */;

--
-- Dumping data for table `menu`
--

LOCK TABLES `menu` WRITE;
/*!40000 ALTER TABLE `menu` DISABLE KEYS */;
/*!40000 ALTER TABLE `menu` ENABLE KEYS */;
UNLOCK TABLES;

--
-- Table structure for table `operacion`
--

DROP TABLE IF EXISTS `operacion`;
/*!40101 SET @saved_cs_client     = @@character_set_client */;
/*!40101 SET character_set_client = utf8 */;
CREATE TABLE `operacion` (
  `id` bigint(20) NOT NULL AUTO_INCREMENT,
  `fecha_operacion` datetime NOT NULL,
  `fx_base` bigint(20) NOT NULL,
  `fx_oper` bigint(20) NOT NULL,
  `tipo` varchar(10) NOT NULL,
  `nominal` decimal(14,2) NOT NULL,
  `valor_fx_operacion` decimal(14,2) NOT NULL,
  `estado` varchar(20) NOT NULL,
  `id_soipc` varchar(45) DEFAULT NULL,
  `valor_valoracion` decimal(14,2) NOT NULL,
  `turno` bigint(20) DEFAULT NULL,
  `turno_edicion` bigint(20) DEFAULT NULL,
  `descripcion` varchar(300) DEFAULT NULL,
  PRIMARY KEY (`id`),
  KEY `fk_fx_operaciones_idx` (`fx_base`),
  KEY `fk_fx_operaciones_idx1` (`fx_oper`),
  KEY `fk_sucursal_operaciones_idx` (`turno`),
  KEY `fk_turno_edicion_operaciones` (`turno_edicion`),
  CONSTRAINT `fk_fx_bases` FOREIGN KEY (`fx_base`) REFERENCES `fx` (`id`) ON UPDATE CASCADE,
  CONSTRAINT `fk_fx_operaciones` FOREIGN KEY (`fx_oper`) REFERENCES `fx` (`id`) ON UPDATE CASCADE,
  CONSTRAINT `fk_turno_edicion_operaciones` FOREIGN KEY (`turno_edicion`) REFERENCES `turno` (`id`) ON UPDATE CASCADE,
  CONSTRAINT `fk_turno_operacion` FOREIGN KEY (`turno`) REFERENCES `turno` (`id`) ON UPDATE CASCADE
) ENGINE=InnoDB AUTO_INCREMENT=83 DEFAULT CHARSET=utf8;
/*!40101 SET character_set_client = @saved_cs_client */;

--
-- Dumping data for table `operacion`
--

LOCK TABLES `operacion` WRITE;
/*!40000 ALTER TABLE `operacion` DISABLE KEYS */;
INSERT INTO `operacion` VALUES (63,'2019-07-26 23:57:20',1,2,'COMPRA',780.00,2800.00,'EJECUTADA',NULL,2850.00,28,NULL,NULL),(64,'2019-07-26 23:57:20',1,2,'VENTA',1160.00,2900.00,'EJECUTADA',NULL,2850.00,28,NULL,NULL),(65,'2019-07-26 23:57:20',1,3,'COMPRA',100.00,3000.00,'EJECUTADA',NULL,3100.00,28,NULL,NULL),(66,'2019-07-26 23:57:20',1,3,'VENTA',100.00,3200.00,'EJECUTADA',NULL,3100.00,28,NULL,NULL),(67,'2019-07-26 23:57:20',1,2,'COMPRA',100.00,2800.00,'EJECUTADA',NULL,2850.00,30,NULL,NULL),(68,'2019-07-26 23:57:20',1,2,'VENTA',100.00,2900.00,'EJECUTADA',NULL,2850.00,30,NULL,NULL),(69,'2019-07-26 23:57:20',1,3,'COMPRA',100.00,3000.00,'EJECUTADA',NULL,3100.00,30,NULL,NULL),(70,'2019-07-26 23:57:20',1,3,'VENTA',100.00,3200.00,'EJECUTADA',NULL,3100.00,30,NULL,NULL),(71,'2019-07-26 23:57:20',1,2,'COMPRA',10.00,2800.00,'EJECUTADA',NULL,2850.00,32,NULL,NULL),(72,'2019-07-26 23:57:20',1,2,'VENTA',100.00,2900.00,'EJECUTADA',NULL,2850.00,33,NULL,NULL),(73,'2019-07-27 08:32:40',1,2,'COMPRA',2840.00,2815.00,'EJECUTADA',NULL,2850.00,34,NULL,NULL),(74,'2019-07-27 08:34:09',1,2,'COMPRA',350.00,2820.00,'EJECUTADA',NULL,2850.00,34,NULL,NULL),(75,'2019-07-27 08:35:50',1,2,'VENTA',1570.00,2905.00,'EJECUTADA',NULL,2850.00,34,NULL,NULL),(76,'2019-07-27 08:36:56',1,2,'VENTA',125.00,2900.00,'EJECUTADA',NULL,2850.00,34,NULL,NULL),(77,'2019-07-27 09:03:21',1,2,'COMPRA',5790.00,2830.00,'EJECUTADA',NULL,2850.00,39,NULL,NULL),(78,'2019-07-27 09:05:02',1,2,'COMPRA',820.00,2825.00,'EJECUTADA',NULL,2850.00,39,NULL,NULL),(79,'2019-07-27 09:06:33',1,2,'VENTA',3570.00,2900.00,'EJECUTADA',NULL,2850.00,39,NULL,NULL),(80,'2019-07-27 09:07:36',1,2,'VENTA',1380.00,2910.00,'EJECUTADA',NULL,2850.00,39,NULL,NULL),(81,'2019-08-15 22:45:13',1,2,'COMPRA',1.00,2800.00,'EJECUTADA',NULL,2850.00,43,NULL,NULL),(82,'2019-08-16 00:15:41',1,2,'COMPRA',1.00,3000.00,'EJECUTADA',NULL,2850.00,43,NULL,NULL);
/*!40000 ALTER TABLE `operacion` ENABLE KEYS */;
UNLOCK TABLES;

--
-- Table structure for table `permission`
--

DROP TABLE IF EXISTS `permission`;
/*!40101 SET @saved_cs_client     = @@character_set_client */;
/*!40101 SET character_set_client = utf8 */;
CREATE TABLE `permission` (
  `id` bigint(20) NOT NULL AUTO_INCREMENT,
  `role` bigint(20) NOT NULL,
  `functionality` bigint(20) NOT NULL,
  `access_types` varchar(45) NOT NULL COMMENT 'Lectura, Escritura, Edicin, Eliminacin',
  PRIMARY KEY (`id`),
  UNIQUE KEY `uq_role_funct_access` (`role`,`functionality`,`access_types`),
  KEY `fk_functionality_roles_idx` (`functionality`),
  CONSTRAINT `fk_functionality_roles` FOREIGN KEY (`functionality`) REFERENCES `functionality` (`id`) ON UPDATE CASCADE,
  CONSTRAINT `fk_role_functionalies` FOREIGN KEY (`role`) REFERENCES `role` (`id`) ON UPDATE CASCADE
) ENGINE=InnoDB AUTO_INCREMENT=2 DEFAULT CHARSET=utf8;
/*!40101 SET character_set_client = @saved_cs_client */;

--
-- Dumping data for table `permission`
--

LOCK TABLES `permission` WRITE;
/*!40000 ALTER TABLE `permission` DISABLE KEYS */;
/*!40000 ALTER TABLE `permission` ENABLE KEYS */;
UNLOCK TABLES;

--
-- Table structure for table `provision`
--

DROP TABLE IF EXISTS `provision`;
/*!40101 SET @saved_cs_client     = @@character_set_client */;
/*!40101 SET character_set_client = utf8 */;
CREATE TABLE `provision` (
  `id` bigint(20) NOT NULL AUTO_INCREMENT,
  `fecha_registro` datetime NOT NULL,
  `fecha_cumplimiento` datetime NOT NULL,
  `sucursal` bigint(20) NOT NULL,
  `tipo` varchar(45) NOT NULL,
  `clase` varchar(45) NOT NULL,
  `fx` bigint(20) NOT NULL,
  `monto` decimal(14,2) NOT NULL,
  `estado` varchar(45) NOT NULL,
  PRIMARY KEY (`id`),
  KEY `fk_sucursal_provisiones_idx` (`sucursal`),
  KEY `fk_fx_provisiones_idx` (`fx`),
  CONSTRAINT `fk_fx_provisiones` FOREIGN KEY (`fx`) REFERENCES `fx` (`id`) ON UPDATE CASCADE,
  CONSTRAINT `fk_sucursal_provisiones` FOREIGN KEY (`sucursal`) REFERENCES `sucursal` (`id`) ON UPDATE CASCADE
) ENGINE=InnoDB DEFAULT CHARSET=utf8;
/*!40101 SET character_set_client = @saved_cs_client */;

--
-- Dumping data for table `provision`
--

LOCK TABLES `provision` WRITE;
/*!40000 ALTER TABLE `provision` DISABLE KEYS */;
/*!40000 ALTER TABLE `provision` ENABLE KEYS */;
UNLOCK TABLES;

--
-- Table structure for table `resource`
--

DROP TABLE IF EXISTS `resource`;
/*!40101 SET @saved_cs_client     = @@character_set_client */;
/*!40101 SET character_set_client = utf8 */;
CREATE TABLE `resource` (
  `id` bigint(20) NOT NULL AUTO_INCREMENT,
  `name` varchar(100) NOT NULL,
  `uri` varchar(45) NOT NULL,
  `access_type` varchar(45) NOT NULL,
  `description` varchar(500) DEFAULT NULL,
  PRIMARY KEY (`id`),
  UNIQUE KEY `name_UNIQUE` (`name`)
) ENGINE=InnoDB AUTO_INCREMENT=2 DEFAULT CHARSET=utf8;
/*!40101 SET character_set_client = @saved_cs_client */;

--
-- Dumping data for table `resource`
--

LOCK TABLES `resource` WRITE;
/*!40000 ALTER TABLE `resource` DISABLE KEYS */;
/*!40000 ALTER TABLE `resource` ENABLE KEYS */;
UNLOCK TABLES;

--
-- Table structure for table `role`
--

DROP TABLE IF EXISTS `role`;
/*!40101 SET @saved_cs_client     = @@character_set_client */;
/*!40101 SET character_set_client = utf8 */;
CREATE TABLE `role` (
  `id` bigint(20) NOT NULL AUTO_INCREMENT,
  `name` varchar(45) NOT NULL,
  PRIMARY KEY (`id`)
) ENGINE=InnoDB AUTO_INCREMENT=6 DEFAULT CHARSET=utf8;
/*!40101 SET character_set_client = @saved_cs_client */;

--
-- Dumping data for table `role`
--

LOCK TABLES `role` WRITE;
/*!40000 ALTER TABLE `role` DISABLE KEYS */;
INSERT INTO `role` VALUES (1,'ROLE_ADMIN'),(2,'ROLE_OPERADOR_JR'),(3,'ROLE_OPERADOR_SR'),(4,'ROLE_JEFE_OPERADOR'),(5,'SUPER_ADMIN');
/*!40000 ALTER TABLE `role` ENABLE KEYS */;
UNLOCK TABLES;

--
-- Table structure for table `saldo`
--

DROP TABLE IF EXISTS `saldo`;
/*!40101 SET @saved_cs_client     = @@character_set_client */;
/*!40101 SET character_set_client = utf8 */;
CREATE TABLE `saldo` (
  `id` bigint(20) NOT NULL AUTO_INCREMENT,
  `caja` bigint(20) NOT NULL,
  `moneda` bigint(20) NOT NULL,
  `nominal` decimal(15,2) NOT NULL,
  `precio_promedio` decimal(15,2) NOT NULL,
  PRIMARY KEY (`id`),
  KEY `fk_caja_caja_moneda_idx` (`caja`),
  KEY `fk_moneda_caja_moneda_idx` (`moneda`),
  CONSTRAINT `fk_caja_saldo` FOREIGN KEY (`caja`) REFERENCES `caja` (`id`) ON UPDATE CASCADE,
  CONSTRAINT `fk_moneda_saldo` FOREIGN KEY (`moneda`) REFERENCES `fx` (`id`) ON UPDATE CASCADE
) ENGINE=InnoDB AUTO_INCREMENT=167 DEFAULT CHARSET=utf8;
/*!40101 SET character_set_client = @saved_cs_client */;

--
-- Dumping data for table `saldo`
--

LOCK TABLES `saldo` WRITE;
/*!40000 ALTER TABLE `saldo` DISABLE KEYS */;
INSERT INTO `saldo` VALUES (152,9,1,13380600.00,1.00),(153,9,2,27547.00,2883.96),(154,9,3,9000.00,3098.92),(155,11,1,1290000.00,1.00),(156,11,2,600.00,2883.96),(157,11,3,160.00,3098.92),(161,12,1,312000.00,1.00),(162,12,2,230.00,2883.96),(163,12,3,200.00,3098.92),(164,10,1,14696600.00,1.00),(165,10,2,16240.00,2883.96),(166,10,3,9000.00,3098.92);
/*!40000 ALTER TABLE `saldo` ENABLE KEYS */;
UNLOCK TABLES;

--
-- Table structure for table `session`
--

DROP TABLE IF EXISTS `session`;
/*!40101 SET @saved_cs_client     = @@character_set_client */;
/*!40101 SET character_set_client = utf8 */;
CREATE TABLE `session` (
  `id` bigint(20) NOT NULL AUTO_INCREMENT,
  `token` varchar(100) NOT NULL,
  `date` date NOT NULL,
  `time` time NOT NULL,
  `ip` varchar(45) NOT NULL,
  `user` bigint(20) NOT NULL,
  PRIMARY KEY (`id`),
  KEY `fk_session_user_idx` (`user`),
  CONSTRAINT `fk_user_sessions` FOREIGN KEY (`user`) REFERENCES `user` (`id`) ON UPDATE CASCADE
) ENGINE=InnoDB DEFAULT CHARSET=utf8;
/*!40101 SET character_set_client = @saved_cs_client */;

--
-- Dumping data for table `session`
--

LOCK TABLES `session` WRITE;
/*!40000 ALTER TABLE `session` DISABLE KEYS */;
/*!40000 ALTER TABLE `session` ENABLE KEYS */;
UNLOCK TABLES;

--
-- Table structure for table `sucursal`
--

DROP TABLE IF EXISTS `sucursal`;
/*!40101 SET @saved_cs_client     = @@character_set_client */;
/*!40101 SET character_set_client = utf8 */;
CREATE TABLE `sucursal` (
  `id` bigint(20) NOT NULL AUTO_INCREMENT,
  `cod` varchar(45) NOT NULL,
  `nombre` varchar(45) NOT NULL,
  `direccion` varchar(100) NOT NULL,
  `estado` varchar(45) NOT NULL,
  `chk_principal` tinyint(4) NOT NULL,
  `telefonos` varchar(255) DEFAULT NULL,
  PRIMARY KEY (`id`)
) ENGINE=InnoDB AUTO_INCREMENT=3 DEFAULT CHARSET=utf8;
/*!40101 SET character_set_client = @saved_cs_client */;

--
-- Dumping data for table `sucursal`
--

LOCK TABLES `sucursal` WRITE;
/*!40000 ALTER TABLE `sucursal` DISABLE KEYS */;
INSERT INTO `sucursal` VALUES (1,'CC1','CC1','Calle 150 323','1',1,'3262'),(2,'CC2','CC2','calle 232 ','1',0,'515515');
/*!40000 ALTER TABLE `sucursal` ENABLE KEYS */;
UNLOCK TABLES;

--
-- Table structure for table `telefono`
--

DROP TABLE IF EXISTS `telefono`;
/*!40101 SET @saved_cs_client     = @@character_set_client */;
/*!40101 SET character_set_client = utf8 */;
CREATE TABLE `telefono` (
  `id` int(11) NOT NULL AUTO_INCREMENT,
  `telefono` varchar(45) NOT NULL,
  `sucursal` bigint(20) NOT NULL,
  PRIMARY KEY (`id`),
  KEY `fk_sucursal_telefonos_idx` (`sucursal`),
  CONSTRAINT `fk_sucursal_telefonos` FOREIGN KEY (`sucursal`) REFERENCES `sucursal` (`id`) ON UPDATE CASCADE
) ENGINE=InnoDB DEFAULT CHARSET=utf8;
/*!40101 SET character_set_client = @saved_cs_client */;

--
-- Dumping data for table `telefono`
--

LOCK TABLES `telefono` WRITE;
/*!40000 ALTER TABLE `telefono` DISABLE KEYS */;
/*!40000 ALTER TABLE `telefono` ENABLE KEYS */;
UNLOCK TABLES;

--
-- Table structure for table `traslado`
--

DROP TABLE IF EXISTS `traslado`;
/*!40101 SET @saved_cs_client     = @@character_set_client */;
/*!40101 SET character_set_client = utf8 */;
CREATE TABLE `traslado` (
  `id` bigint(20) NOT NULL AUTO_INCREMENT,
  `fecha` datetime NOT NULL,
  `sucursal_origen` bigint(20) NOT NULL,
  `sucursal_destino` bigint(20) NOT NULL,
  `tipo_traslado` varchar(45) NOT NULL,
  `turno_origen` bigint(20) DEFAULT NULL,
  `turno_destino` bigint(20) DEFAULT NULL,
  `estado` varchar(20) NOT NULL,
  `precio_traslado` decimal(14,2) NOT NULL,
  `valor_giro` decimal(14,2) NOT NULL,
  `fx` bigint(20) NOT NULL,
  PRIMARY KEY (`id`),
  KEY `fk_usuario_traslados_idx` (`turno_origen`),
  KEY `fk_usuario_traslados_idx1` (`turno_destino`),
  KEY `fk_fx_traslado_idx` (`fx`),
  KEY `fk_sucursal_origen_idx` (`sucursal_origen`),
  KEY `fk_sucursal_destino_idx` (`sucursal_destino`),
  CONSTRAINT `fk_fx_traslado` FOREIGN KEY (`fx`) REFERENCES `fx` (`id`) ON UPDATE CASCADE,
  CONSTRAINT `fk_sucursal_destino` FOREIGN KEY (`sucursal_destino`) REFERENCES `sucursal` (`id`) ON UPDATE CASCADE,
  CONSTRAINT `fk_sucursal_origen` FOREIGN KEY (`sucursal_origen`) REFERENCES `sucursal` (`id`) ON UPDATE CASCADE,
  CONSTRAINT `traslado_turno_FK` FOREIGN KEY (`turno_origen`) REFERENCES `turno` (`id`) ON UPDATE CASCADE,
  CONSTRAINT `traslado_turno_FK_1` FOREIGN KEY (`turno_destino`) REFERENCES `turno` (`id`) ON UPDATE CASCADE
) ENGINE=InnoDB AUTO_INCREMENT=4 DEFAULT CHARSET=utf8;
/*!40101 SET character_set_client = @saved_cs_client */;

--
-- Dumping data for table `traslado`
--

LOCK TABLES `traslado` WRITE;
/*!40000 ALTER TABLE `traslado` DISABLE KEYS */;
INSERT INTO `traslado` VALUES (3,'2019-07-27 09:31:02',1,2,'PRECIO ESPECIFICO',40,41,'EJECUTADO',2850.00,580.00,2);
/*!40000 ALTER TABLE `traslado` ENABLE KEYS */;
UNLOCK TABLES;

--
-- Table structure for table `turno`
--

DROP TABLE IF EXISTS `turno`;
/*!40101 SET @saved_cs_client     = @@character_set_client */;
/*!40101 SET character_set_client = utf8 */;
CREATE TABLE `turno` (
  `id` bigint(20) NOT NULL AUTO_INCREMENT,
  `caja` bigint(20) NOT NULL,
  `usuario` bigint(20) NOT NULL,
  `fecha_inicio` datetime NOT NULL,
  `fecha_fin` datetime DEFAULT NULL,
  PRIMARY KEY (`id`),
  KEY `fk_usuario_turno_idx` (`usuario`),
  KEY `fk_caja_turno_idx` (`caja`),
  CONSTRAINT `fk_caja_turno` FOREIGN KEY (`caja`) REFERENCES `caja` (`id`) ON UPDATE CASCADE,
  CONSTRAINT `fk_usuario_turno` FOREIGN KEY (`usuario`) REFERENCES `usuario` (`id`) ON UPDATE CASCADE
) ENGINE=InnoDB AUTO_INCREMENT=46 DEFAULT CHARSET=utf8;
/*!40101 SET character_set_client = @saved_cs_client */;

--
-- Dumping data for table `turno`
--

LOCK TABLES `turno` WRITE;
/*!40000 ALTER TABLE `turno` DISABLE KEYS */;
INSERT INTO `turno` VALUES (28,9,1,'2019-07-26 13:53:30','2019-07-26 15:01:18'),(29,11,1,'2019-07-26 00:01:49','2019-07-26 00:02:03'),(30,10,1,'2019-07-26 00:02:21','2019-07-26 00:09:53'),(31,12,1,'2019-07-26 00:10:08','2019-07-26 00:10:18'),(32,9,1,'2019-07-26 18:30:35','2019-07-26 16:32:33'),(33,11,1,'2019-07-26 20:23:48','2019-07-26 20:25:00'),(34,9,1,'2019-07-27 08:24:02','2019-07-27 08:37:41'),(35,11,1,'2019-07-27 08:38:36','2019-07-27 08:39:18'),(36,10,1,'2019-07-27 08:39:35','2019-07-27 08:39:49'),(37,12,1,'2019-07-27 08:40:06','2019-07-27 08:40:18'),(38,9,1,'2019-07-27 08:45:44','2019-07-27 08:46:53'),(39,10,1,'2019-07-27 08:50:19','2019-07-27 09:08:13'),(40,9,1,'2019-07-27 09:29:47','2019-07-27 09:31:25'),(41,10,1,'2019-07-27 09:31:51','2019-07-27 09:32:30'),(42,9,1,'2019-07-27 09:36:07','2019-07-27 09:47:04'),(43,9,1,'2019-08-08 21:26:42',NULL),(44,12,1,'2019-08-08 22:07:03','2019-08-08 22:22:34'),(45,12,1,'2019-08-08 22:23:03',NULL);
/*!40000 ALTER TABLE `turno` ENABLE KEYS */;
UNLOCK TABLES;

--
-- Table structure for table `user`
--

DROP TABLE IF EXISTS `user`;
/*!40101 SET @saved_cs_client     = @@character_set_client */;
/*!40101 SET character_set_client = utf8 */;
CREATE TABLE `user` (
  `id` bigint(20) NOT NULL AUTO_INCREMENT,
  `username` varchar(45) NOT NULL,
  `password` varchar(100) NOT NULL,
  `salt` varchar(45) NOT NULL,
  `enabled` tinyint(1) NOT NULL,
  `locked` tinyint(1) NOT NULL,
  `failed_logins` int(11) NOT NULL,
  `role` bigint(20) NOT NULL,
  PRIMARY KEY (`id`),
  KEY `fk_user_role_idx` (`role`),
  CONSTRAINT `fk_role_users` FOREIGN KEY (`role`) REFERENCES `role` (`id`) ON UPDATE CASCADE
) ENGINE=InnoDB AUTO_INCREMENT=7 DEFAULT CHARSET=utf8;
/*!40101 SET character_set_client = @saved_cs_client */;

--
-- Dumping data for table `user`
--

LOCK TABLES `user` WRITE;
/*!40000 ALTER TABLE `user` DISABLE KEYS */;
INSERT INTO `user` VALUES (1,'root','$2a$04$fx4HJlEUiHFwn2ajnmIp8e3GyVBNij6bKEuMZwfZYUykeXFPHinoO','123456',1,0,0,1),(2,'admin','$2a$04$fx4HJlEUiHFwn2ajnmIp8e3GyVBNij6bKEuMZwfZYUykeXFPHinoO','123456',1,0,0,1),(3,'operador','$2a$04$fx4HJlEUiHFwn2ajnmIp8e3GyVBNij6bKEuMZwfZYUykeXFPHinoO','123456',1,0,0,2),(5,'superadmin','$2a$04$fx4HJlEUiHFwn2ajnmIp8e3GyVBNij6bKEuMZwfZYUykeXFPHinoO','1225800673543000',0,0,0,5);
/*!40000 ALTER TABLE `user` ENABLE KEYS */;
UNLOCK TABLES;

--
-- Table structure for table `usuario`
--

DROP TABLE IF EXISTS `usuario`;
/*!40101 SET @saved_cs_client     = @@character_set_client */;
/*!40101 SET character_set_client = utf8 */;
CREATE TABLE `usuario` (
  `id` bigint(20) NOT NULL AUTO_INCREMENT,
  `nombre` varchar(45) NOT NULL,
  `apellido` varchar(45) NOT NULL,
  `user` bigint(20) NOT NULL,
  PRIMARY KEY (`id`),
  UNIQUE KEY `user_UNIQUE` (`user`),
  KEY `fk_user_usuario_idx` (`user`),
  CONSTRAINT `fk_user_usuario` FOREIGN KEY (`user`) REFERENCES `user` (`id`) ON UPDATE CASCADE
) ENGINE=InnoDB AUTO_INCREMENT=4 DEFAULT CHARSET=utf8;
/*!40101 SET character_set_client = @saved_cs_client */;

--
-- Dumping data for table `usuario`
--

LOCK TABLES `usuario` WRITE;
/*!40000 ALTER TABLE `usuario` DISABLE KEYS */;
INSERT INTO `usuario` VALUES (1,'admin','admin',2),(2,'operador','operador',3),(3,'superadmin','admin',5);
/*!40000 ALTER TABLE `usuario` ENABLE KEYS */;
UNLOCK TABLES;

--
-- Dumping routines for database 'smart-auth'
--
/*!40103 SET TIME_ZONE=@OLD_TIME_ZONE */;

/*!40101 SET SQL_MODE=@OLD_SQL_MODE */;
/*!40014 SET FOREIGN_KEY_CHECKS=@OLD_FOREIGN_KEY_CHECKS */;
/*!40014 SET UNIQUE_CHECKS=@OLD_UNIQUE_CHECKS */;
/*!40101 SET CHARACTER_SET_CLIENT=@OLD_CHARACTER_SET_CLIENT */;
/*!40101 SET CHARACTER_SET_RESULTS=@OLD_CHARACTER_SET_RESULTS */;
/*!40101 SET COLLATION_CONNECTION=@OLD_COLLATION_CONNECTION */;
/*!40111 SET SQL_NOTES=@OLD_SQL_NOTES */;

-- Dump completed on 2019-09-04 19:45:01
