-- MySQL dump 10.16  Distrib 10.3.9-MariaDB, for Win64 (AMD64)
--
-- Host: 167.99.227.123    Database: smart-auth
-- ------------------------------------------------------
-- Server version	10.4.5-MariaDB-1:10.4.5+maria~bionic

/*!40101 SET @OLD_CHARACTER_SET_CLIENT=@@CHARACTER_SET_CLIENT */;
/*!40101 SET @OLD_CHARACTER_SET_RESULTS=@@CHARACTER_SET_RESULTS */;
/*!40101 SET @OLD_COLLATION_CONNECTION=@@COLLATION_CONNECTION */;
/*!40101 SET NAMES utf8 */;
/*!40103 SET @OLD_TIME_ZONE=@@TIME_ZONE */;
/*!40103 SET TIME_ZONE='+00:00' */;
/*!40014 SET @OLD_UNIQUE_CHECKS=@@UNIQUE_CHECKS, UNIQUE_CHECKS=0 */;
/*!40014 SET @OLD_FOREIGN_KEY_CHECKS=@@FOREIGN_KEY_CHECKS, FOREIGN_KEY_CHECKS=0 */;
/*!40101 SET @OLD_SQL_MODE=@@SQL_MODE, SQL_MODE='NO_AUTO_VALUE_ON_ZERO' */;
/*!40111 SET @OLD_SQL_NOTES=@@SQL_NOTES, SQL_NOTES=0 */;

--
-- Table structure for table `apertura_turno`
--

DROP TABLE IF EXISTS `apertura_turno`;
/*!40101 SET @saved_cs_client     = @@character_set_client */;
/*!40101 SET character_set_client = utf8 */;
CREATE TABLE `apertura_turno` (
  `id` bigint(20) NOT NULL AUTO_INCREMENT,
  `turno` bigint(20) NOT NULL,
  `fx` bigint(20) NOT NULL,
  `nominal` decimal(15,2) NOT NULL,
  `precio_promedio` decimal(15,2) DEFAULT NULL,
  PRIMARY KEY (`id`),
  KEY `fk_moneda_caja_moneda_idx` (`fx`),
  KEY `fk_caja_saldo0_idx` (`turno`),
  CONSTRAINT `fk_caja_saldo_inicial` FOREIGN KEY (`turno`) REFERENCES `turno` (`id`) ON UPDATE CASCADE,
  CONSTRAINT `fk_moneda_saldo_inicial` FOREIGN KEY (`fx`) REFERENCES `fx` (`id`) ON UPDATE CASCADE
) ENGINE=InnoDB AUTO_INCREMENT=681 DEFAULT CHARSET=utf8;
/*!40101 SET character_set_client = @saved_cs_client */;

--
-- Dumping data for table `apertura_turno`
--

LOCK TABLES `apertura_turno` WRITE;
/*!40000 ALTER TABLE `apertura_turno` DISABLE KEYS */;
INSERT INTO `apertura_turno` VALUES (585,56,1,60891543.00,1.00),(586,56,2,85283.00,3205.98),(587,56,3,31310.00,3590.38),(588,56,11,85.00,4138.07),(589,56,15,18000.00,2565.79),(590,56,16,37900.00,180.77),(591,56,17,2.00,739.80),(592,56,18,4800.00,2249.22),(593,56,19,10.00,920.76),(594,56,20,10010.00,50.63),(595,56,21,161000.00,3.98),(596,56,22,790.00,3002.94),(597,56,23,2000.00,24.76),(598,56,24,41.00,359.26),(599,56,25,10.00,220.00),(600,56,26,1000.00,230.42),(601,57,1,107467985.00,1.00),(602,57,2,30735.00,3164.39),(603,57,3,19855.00,3533.93),(604,57,11,135.00,4139.07),(605,57,15,9595.00,2576.63),(606,57,16,40.00,152.27),(607,57,17,1232.00,739.58),(608,57,18,115.00,2250.00),(609,57,19,50.00,902.62),(610,57,20,340.00,45.49),(611,57,21,43000.00,3.90),(612,57,22,3230.00,3048.11),(613,57,23,1000.00,24.76),(614,57,24,829.00,369.44),(615,57,25,200.00,220.00),(616,57,26,1000.00,230.42),(617,58,1,79979232.00,1.00),(618,58,2,28938.00,3176.95),(619,58,3,2810.00,3503.47),(620,58,11,5.00,3980.00),(621,58,15,20.00,2481.62),(622,58,16,5540.00,150.93),(623,58,17,2.00,735.39),(624,58,18,10550.00,2246.46),(625,58,19,3030.00,932.58),(626,58,20,21150.00,84.66),(627,58,21,148000.00,3.90),(628,58,22,2640.00,3041.45),(629,58,23,26000.00,23.85),(630,58,24,1.00,369.44),(631,58,25,10.00,220.00),(632,58,26,1000.00,230.42),(633,59,1,96042147.00,1.00),(634,59,2,18190.00,3158.17),(635,59,3,2515.00,3527.31),(636,59,11,40.00,3999.53),(637,59,15,395.00,2469.97),(638,59,16,20.00,155.10),(639,59,17,2.00,737.47),(640,59,18,2590.00,2247.63),(641,59,19,340.00,900.00),(642,59,20,75030.00,3.94),(643,59,21,70000.00,3.89),(644,59,22,70.00,2900.00),(645,59,23,3000.00,23.00),(646,59,24,71.00,360.00),(647,59,25,10.00,220.00),(648,59,26,1000.00,230.42),(649,60,1,82161503.00,1.00),(650,60,2,8688.00,3164.62),(651,60,3,1280.00,3495.39),(652,60,11,10.00,3980.00),(653,60,15,175.00,2449.95),(654,60,16,70.00,159.68),(655,60,17,3380.00,732.34),(656,60,18,1835.00,2250.00),(657,60,19,0.00,922.17),(658,60,20,310.00,50.00),(659,60,21,78000.00,3.84),(660,60,22,420.00,3070.00),(661,60,23,0.00,21.00),(662,60,24,1.00,400.00),(663,60,25,0.00,220.00),(664,60,26,0.00,230.42),(665,61,1,29613774.00,1.00),(666,61,2,15751.00,3168.00),(667,61,3,520.00,3513.53),(668,61,11,100.00,3980.00),(669,61,15,1915.00,2468.14),(670,61,16,5500.00,169.65),(671,61,17,288.00,736.32),(672,61,18,235.00,2250.00),(673,61,19,720.00,899.81),(674,61,20,7255.00,40.54),(675,61,21,27000.00,3.90),(676,61,22,680.00,3050.00),(677,61,23,2000.00,21.00),(678,61,24,1.00,369.44),(679,61,25,10.00,220.00),(680,61,26,1000.00,230.42);
/*!40000 ALTER TABLE `apertura_turno` ENABLE KEYS */;
UNLOCK TABLES;

--
-- Table structure for table `arqueo`
--

DROP TABLE IF EXISTS `arqueo`;
/*!40101 SET @saved_cs_client     = @@character_set_client */;
/*!40101 SET character_set_client = utf8 */;
CREATE TABLE `arqueo` (
  `id` bigint(20) NOT NULL AUTO_INCREMENT,
  `fecha` datetime NOT NULL,
  `turno` bigint(20) NOT NULL,
  PRIMARY KEY (`id`),
  KEY `arqueo_turno_FK` (`turno`),
  CONSTRAINT `arqueo_turno_FK` FOREIGN KEY (`turno`) REFERENCES `turno` (`id`) ON UPDATE CASCADE
) ENGINE=InnoDB AUTO_INCREMENT=288 DEFAULT CHARSET=utf8;
/*!40101 SET character_set_client = @saved_cs_client */;

--
-- Dumping data for table `arqueo`
--

LOCK TABLES `arqueo` WRITE;
/*!40000 ALTER TABLE `arqueo` DISABLE KEYS */;
/*!40000 ALTER TABLE `arqueo` ENABLE KEYS */;
UNLOCK TABLES;

--
-- Table structure for table `caja`
--

DROP TABLE IF EXISTS `caja`;
/*!40101 SET @saved_cs_client     = @@character_set_client */;
/*!40101 SET character_set_client = utf8 */;
CREATE TABLE `caja` (
  `id` bigint(20) NOT NULL AUTO_INCREMENT,
  `nombre` varchar(45) NOT NULL,
  `sucursal` bigint(20) NOT NULL,
  PRIMARY KEY (`id`),
  KEY `fk_sucursal_turnos_idx` (`sucursal`),
  CONSTRAINT `fk_sucursal_turnos` FOREIGN KEY (`sucursal`) REFERENCES `sucursal` (`id`) ON UPDATE CASCADE
) ENGINE=InnoDB AUTO_INCREMENT=18 DEFAULT CHARSET=utf8;
/*!40101 SET character_set_client = @saved_cs_client */;

--
-- Dumping data for table `caja`
--

LOCK TABLES `caja` WRITE;
/*!40000 ALTER TABLE `caja` DISABLE KEYS */;
INSERT INTO `caja` VALUES (9,'CAJA1 CCHIA',1),(10,'CAJA1 FONT',2),(13,'CAJA1 SANTAFE',3),(14,'CAJA1 COLINA',4),(15,'CAJA1 CASONA',5),(16,'CAJA1 SABANA',6);
/*!40000 ALTER TABLE `caja` ENABLE KEYS */;
UNLOCK TABLES;

--
-- Table structure for table `cierre`
--

DROP TABLE IF EXISTS `cierre`;
/*!40101 SET @saved_cs_client     = @@character_set_client */;
/*!40101 SET character_set_client = utf8 */;
CREATE TABLE `cierre` (
  `id` bigint(20) NOT NULL AUTO_INCREMENT,
  `moneda` bigint(20) DEFAULT NULL,
  `fecha` date DEFAULT NULL,
  `saldo_inicial` decimal(15,4) DEFAULT NULL,
  `precio_promedio_inicial` decimal(15,4) DEFAULT NULL,
  `valor_compra_inicial` decimal(15,4) DEFAULT NULL,
  `nominal_compra` decimal(15,4) DEFAULT NULL,
  `precio_compra` decimal(15,4) DEFAULT NULL,
  `valor_compra` decimal(15,4) DEFAULT NULL,
  `nominal_venta` decimal(15,4) DEFAULT NULL,
  `precio_venta` decimal(15,4) DEFAULT NULL,
  `valor_venta` decimal(15,4) DEFAULT NULL,
  `nominal_traslados_entrantes` decimal(15,4) DEFAULT 0.0000,
  `precio_traslado_entrantes` decimal(15,4) DEFAULT 0.0000,
  `saldo_final` decimal(15,4) DEFAULT NULL,
  `precio_promedio_final` decimal(15,4) DEFAULT NULL,
  `valor_compra_final` decimal(15,4) DEFAULT 0.0000,
  `margen` decimal(15,4) DEFAULT 0.0000,
  `utilidad_diaria` decimal(15,4) DEFAULT 0.0000,
  `pyg_caja` decimal(15,4) DEFAULT 0.0000,
  `precio_valoracion` decimal(15,4) DEFAULT 0.0000,
  `margen_prec_valora_y_prec_prom` decimal(15,4) DEFAULT 0.0000,
  `valoracion` decimal(15,4) DEFAULT 0.0000,
  `pyg_valoracion` decimal(15,4) DEFAULT 0.0000,
  `pyg_valoracion_d` decimal(15,4) DEFAULT 0.0000,
  `pyg_bruto` decimal(15,4) DEFAULT 0.0000,
  `renta_caja` decimal(10,5) DEFAULT 0.00000,
  `renta_val` decimal(10,5) DEFAULT 0.00000,
  `renta_bruta` decimal(10,5) DEFAULT 0.00000,
  `egresos` decimal(15,4) DEFAULT 0.0000,
  `egresos_acumulados` decimal(15,4) DEFAULT 0.0000,
  `pyg_neto` decimal(15,4) DEFAULT 0.0000,
  `renta_neta` decimal(10,5) DEFAULT 0.00000,
  `saldo_cop` decimal(15,4) DEFAULT 0.0000,
  `pyg_traslado_diario` decimal(15,4) DEFAULT 0.0000,
  `pyg_traslado_acumulado` decimal(15,4) DEFAULT 0.0000,
  `pyg_bruto_con_traslado` decimal(15,4) DEFAULT 0.0000,
  `pyg_neto_con_traslado` decimal(15,4) DEFAULT 0.0000,
  `fc_diario` decimal(15,4) DEFAULT 0.0000,
  `fc_acumulado` decimal(15,4) DEFAULT 0.0000,
  `valor_port` decimal(15,4) DEFAULT 0.0000,
  `pyg_caja_d` decimal(15,4) DEFAULT 0.0000,
  `valor_traslados` decimal(15,4) DEFAULT 0.0000,
  `sucursal` bigint(20) NOT NULL,
  `traslados_acumulados` decimal(15,4) DEFAULT 0.0000,
  `nominal_traslados_salientes` decimal(15,4) DEFAULT 0.0000,
  `valor_giro_traslado_salientes` decimal(15,4) DEFAULT 0.0000,
  `precio_traslado_salientes` decimal(15,4) DEFAULT 0.0000,
  `egresos_moneda` decimal(15,4) DEFAULT 0.0000,
  `valor_giro_traslado_entrantes` decimal(15,4) DEFAULT 0.0000,
  `saldo_precierre` decimal(15,4) DEFAULT 0.0000 COMMENT 'saldo sin tener en cuenta los traslados',
  `valor_giro_precierre` decimal(15,4) DEFAULT 0.0000,
  `precio_valoracion_anterior` decimal(8,4) DEFAULT 0.0000,
  `valoracion_precierre_anterior` decimal(15,4) DEFAULT 0.0000,
  `pyg_val_precierre_mensual` decimal(15,4) DEFAULT 0.0000,
  `pyg_val_precierre_diaria` decimal(15,4) DEFAULT 0.0000,
  `pyg_traslado_entrante` decimal(15,4) DEFAULT 0.0000,
  `pyg_traslado_saliente` decimal(15,4) DEFAULT 0.0000,
  `valoracion_precierre_actual` decimal(15,4) DEFAULT 0.0000,
  `pyg_val_cierre_diaria` decimal(15,4) DEFAULT 0.0000,
  `pyg_val_cierre_mensual` decimal(15,4) DEFAULT 0.0000,
  `diferencia_egresos_ingresos` decimal(15,4) DEFAULT 0.0000,
  `ingresos` decimal(15,4) DEFAULT 0.0000,
  `pyg_val_cierre_acumulada` decimal(15,4) DEFAULT 0.0000,
  `pyg_val_precierre_acumulada` decimal(15,4) DEFAULT 0.0000,
  PRIMARY KEY (`id`),
  KEY `fk_moneda_caja_moneda_idx` (`moneda`) USING BTREE,
  KEY `cierre_sucursal_FK` (`sucursal`),
  CONSTRAINT `cierre_sucursal_FK` FOREIGN KEY (`sucursal`) REFERENCES `sucursal` (`id`) ON UPDATE CASCADE,
  CONSTRAINT `fk_moneda_cierre` FOREIGN KEY (`moneda`) REFERENCES `fx` (`id`) ON UPDATE CASCADE
) ENGINE=InnoDB AUTO_INCREMENT=482 DEFAULT CHARSET=utf8;
/*!40101 SET character_set_client = @saved_cs_client */;

--
-- Dumping data for table `cierre`
--

LOCK TABLES `cierre` WRITE;
/*!40000 ALTER TABLE `cierre` DISABLE KEYS */;
/*!40000 ALTER TABLE `cierre` ENABLE KEYS */;
UNLOCK TABLES;

--
-- Table structure for table `cierre_consolidado`
--

DROP TABLE IF EXISTS `cierre_consolidado`;
/*!40101 SET @saved_cs_client     = @@character_set_client */;
/*!40101 SET character_set_client = utf8 */;
CREATE TABLE `cierre_consolidado` (
  `id` bigint(20) NOT NULL AUTO_INCREMENT,
  `moneda` bigint(20) NOT NULL,
  `fecha` date NOT NULL,
  `saldo_inicial` decimal(15,4) DEFAULT 0.0000,
  `precio_promedio_inicial` decimal(15,4) DEFAULT 0.0000,
  `valor_compra_inicial` decimal(15,4) DEFAULT 0.0000,
  `nominal_compra` decimal(15,4) DEFAULT 0.0000,
  `precio_compra` decimal(15,4) DEFAULT 0.0000,
  `valor_compra` decimal(15,4) DEFAULT 0.0000,
  `nominal_venta` decimal(15,4) DEFAULT 0.0000,
  `precio_venta` decimal(15,4) DEFAULT 0.0000,
  `valor_venta` decimal(15,4) DEFAULT 0.0000,
  `nominal_traslados_entrantes` decimal(15,4) DEFAULT 0.0000,
  `precio_traslado_entrantes` decimal(15,4) DEFAULT 0.0000,
  `saldo_final` decimal(15,4) DEFAULT 0.0000,
  `precio_promedio_final` decimal(15,4) DEFAULT 0.0000,
  `valor_compra_final` decimal(15,4) DEFAULT 0.0000,
  `margen` decimal(15,4) DEFAULT 0.0000,
  `utilidad_diaria` decimal(15,4) DEFAULT 0.0000,
  `pyg_caja` decimal(15,4) DEFAULT 0.0000,
  `precio_valoracion` decimal(15,4) DEFAULT 0.0000,
  `margen_prec_valora_y_prec_prom` decimal(15,4) DEFAULT 0.0000,
  `valoracion` decimal(15,4) DEFAULT 0.0000,
  `pyg_valoracion` decimal(15,4) DEFAULT 0.0000,
  `pyg_valoracion_d` decimal(15,4) DEFAULT 0.0000,
  `pyg_bruto` decimal(15,4) DEFAULT 0.0000,
  `renta_caja` decimal(10,5) DEFAULT 0.00000,
  `renta_val` decimal(10,5) DEFAULT 0.00000,
  `renta_bruta` decimal(10,5) DEFAULT 0.00000,
  `egresos` decimal(15,4) DEFAULT 0.0000,
  `egresos_acumulados` decimal(15,4) DEFAULT 0.0000,
  `pyg_neto` decimal(15,4) DEFAULT 0.0000,
  `renta_neta` decimal(10,5) DEFAULT 0.00000,
  `saldo_cop` decimal(15,4) DEFAULT 0.0000,
  `pyg_traslado_diario` decimal(15,4) DEFAULT 0.0000,
  `pyg_traslado_acumulado` decimal(15,4) DEFAULT 0.0000,
  `pyg_bruto_con_traslado` decimal(15,4) DEFAULT 0.0000,
  `pyg_neto_con_traslado` decimal(15,4) DEFAULT 0.0000,
  `fc_diario` decimal(15,4) DEFAULT 0.0000,
  `fc_acumulado` decimal(15,4) DEFAULT 0.0000,
  `valor_port` decimal(15,4) DEFAULT 0.0000,
  `pyg_caja_d` decimal(15,4) DEFAULT 0.0000,
  `valor_traslados` decimal(15,4) DEFAULT 0.0000,
  `traslados_acumulados` decimal(15,4) DEFAULT 0.0000,
  `nominal_traslados_salientes` decimal(15,4) DEFAULT 0.0000,
  `valor_giro_traslado_salientes` decimal(15,4) DEFAULT 0.0000,
  `precio_traslado_salientes` decimal(15,4) DEFAULT 0.0000,
  `egresos_moneda` decimal(15,4) DEFAULT 0.0000,
  `valor_giro_traslado_entrantes` decimal(15,4) DEFAULT 0.0000,
  `saldo_precierre` decimal(15,4) DEFAULT 0.0000,
  `valor_giro_precierre` decimal(15,4) DEFAULT 0.0000,
  `precio_valoracion_anterior` decimal(15,4) DEFAULT 0.0000,
  `valoracion_precierre_anterior` decimal(15,4) DEFAULT 0.0000,
  `pyg_val_precierre_mensual` decimal(15,4) DEFAULT 0.0000,
  `pyg_val_precierre_diaria` decimal(15,4) DEFAULT 0.0000,
  `pyg_traslado_entrante` decimal(15,4) DEFAULT 0.0000,
  `pyg_traslado_saliente` decimal(15,4) DEFAULT 0.0000,
  `valoracion_precierre_actual` decimal(15,4) DEFAULT 0.0000,
  `pyg_val_cierre_diaria` decimal(15,4) DEFAULT 0.0000,
  `pyg_val_cierre_mensual` decimal(15,4) DEFAULT 0.0000,
  `diferencia_egresos_ingresos` decimal(15,4) DEFAULT 0.0000,
  `ingresos` decimal(15,4) DEFAULT 0.0000,
  `pyg_val_cierre_acumulada` decimal(15,4) DEFAULT 0.0000,
  `pyg_val_precierre_acumulada` decimal(15,4) DEFAULT 0.0000,
  PRIMARY KEY (`id`),
  KEY `conso-fk_moneda_caja_moneda_idx` (`moneda`) USING BTREE,
  CONSTRAINT `conso-fk_moneda_cierre` FOREIGN KEY (`moneda`) REFERENCES `fx` (`id`) ON UPDATE CASCADE
) ENGINE=InnoDB AUTO_INCREMENT=302 DEFAULT CHARSET=utf8;
/*!40101 SET character_set_client = @saved_cs_client */;

--
-- Dumping data for table `cierre_consolidado`
--

LOCK TABLES `cierre_consolidado` WRITE;
/*!40000 ALTER TABLE `cierre_consolidado` DISABLE KEYS */;
/*!40000 ALTER TABLE `cierre_consolidado` ENABLE KEYS */;
UNLOCK TABLES;

--
-- Table structure for table `cierre_turno`
--

DROP TABLE IF EXISTS `cierre_turno`;
/*!40101 SET @saved_cs_client     = @@character_set_client */;
/*!40101 SET character_set_client = utf8 */;
CREATE TABLE `cierre_turno` (
  `id` bigint(20) NOT NULL AUTO_INCREMENT,
  `turno` bigint(20) NOT NULL,
  `moneda` bigint(20) NOT NULL,
  `nominal` decimal(15,2) NOT NULL,
  `precio_promedio` decimal(15,2) NOT NULL,
  PRIMARY KEY (`id`),
  KEY `fk_moneda_caja_moneda_idx` (`moneda`),
  KEY `fk_caja_saldo0_idx` (`turno`),
  CONSTRAINT `fk_caja_saldo_inicial0` FOREIGN KEY (`turno`) REFERENCES `turno` (`id`) ON UPDATE CASCADE,
  CONSTRAINT `fk_moneda_saldo_inicial0` FOREIGN KEY (`moneda`) REFERENCES `fx` (`id`) ON UPDATE CASCADE
) ENGINE=InnoDB AUTO_INCREMENT=681 DEFAULT CHARSET=utf8;
/*!40101 SET character_set_client = @saved_cs_client */;

--
-- Dumping data for table `cierre_turno`
--

LOCK TABLES `cierre_turno` WRITE;
/*!40000 ALTER TABLE `cierre_turno` DISABLE KEYS */;
INSERT INTO `cierre_turno` VALUES (617,57,1,203765050.00,1.00),(618,57,2,27954.00,3164.39),(619,57,3,14695.00,3533.93),(620,57,11,75.00,4139.07),(621,57,15,9415.00,2576.63),(622,57,16,40.00,152.27),(623,57,17,128.00,739.58),(624,57,18,115.00,2250.00),(625,57,19,50.00,902.62),(626,57,20,340.00,45.49),(627,57,21,43000.00,3.90),(628,57,22,3230.00,3048.11),(629,57,23,0.00,24.76),(630,57,24,1254.00,369.44),(631,57,25,200.00,220.00),(632,57,26,0.00,230.42),(633,58,1,70359227.00,1.00),(634,58,2,32329.00,3176.95),(635,58,3,2680.00,3503.47),(636,58,11,0.00,3980.00),(637,58,15,20.00,2481.62),(638,58,16,1440.00,150.93),(639,58,17,0.00,735.39),(640,58,18,10550.00,2246.46),(641,58,19,3030.00,932.58),(642,58,20,21150.00,84.66),(643,58,21,148000.00,3.90),(644,58,22,2640.00,3041.45),(645,58,23,26000.00,23.85),(646,58,24,0.00,369.44),(647,58,25,0.00,220.00),(648,58,26,0.00,230.42),(649,59,1,86708882.00,1.00),(650,59,2,19315.00,3158.17),(651,59,3,4325.00,3527.31),(652,59,11,40.00,3999.53),(653,59,15,395.00,2469.97),(654,59,16,0.00,155.10),(655,59,17,0.00,737.47),(656,59,18,2590.00,2247.63),(657,59,19,340.00,900.00),(658,59,20,75120.00,3.94),(659,59,21,70000.00,3.89),(660,59,22,70.00,2900.00),(661,59,23,3000.00,23.00),(662,59,24,71.00,360.00),(663,59,25,0.00,220.00),(664,59,26,0.00,230.42),(665,61,1,35992549.00,1.00),(666,61,2,15547.00,3168.00),(667,61,3,1080.00,3513.53),(668,61,11,100.00,3980.00),(669,61,15,1915.00,2468.14),(670,61,16,5500.00,169.65),(671,61,17,288.00,736.32),(672,61,18,235.00,2250.00),(673,61,19,720.00,899.81),(674,61,20,7255.00,40.54),(675,61,21,27000.00,3.90),(676,61,22,680.00,3050.00),(677,61,23,2000.00,21.00),(678,61,24,0.00,369.44),(679,61,25,0.00,220.00),(680,61,26,0.00,230.42);
/*!40000 ALTER TABLE `cierre_turno` ENABLE KEYS */;
UNLOCK TABLES;

--
-- Table structure for table `denominacion`
--

DROP TABLE IF EXISTS `denominacion`;
/*!40101 SET @saved_cs_client     = @@character_set_client */;
/*!40101 SET character_set_client = utf8 */;
CREATE TABLE `denominacion` (
  `id` bigint(20) NOT NULL AUTO_INCREMENT,
  `valor` decimal(15,2) NOT NULL,
  `moneda` bigint(20) NOT NULL,
  PRIMARY KEY (`id`),
  KEY `fk_fx_denominaciones_idx` (`moneda`),
  CONSTRAINT `fk_fx_denominaciones` FOREIGN KEY (`moneda`) REFERENCES `fx` (`id`) ON UPDATE CASCADE
) ENGINE=InnoDB AUTO_INCREMENT=267 DEFAULT CHARSET=utf8;
/*!40101 SET character_set_client = @saved_cs_client */;

--
-- Dumping data for table `denominacion`
--

LOCK TABLES `denominacion` WRITE;
/*!40000 ALTER TABLE `denominacion` DISABLE KEYS */;
INSERT INTO `denominacion` VALUES (113,1.00,1),(114,1000.00,1),(115,2000.00,1),(116,5000.00,1),(117,10000.00,1),(118,20000.00,1),(119,50000.00,1),(120,100000.00,1),(121,1.00,2),(122,2.00,2),(123,5.00,2),(124,10.00,2),(125,20.00,2),(126,50.00,2),(127,100.00,2),(128,5.00,3),(129,10.00,3),(130,20.00,3),(131,50.00,3),(132,100.00,3),(133,200.00,3),(134,500.00,3),(180,50.00,11),(181,20.00,11),(182,10.00,11),(183,5.00,11),(199,100.00,15),(200,50.00,15),(201,20.00,15),(202,10.00,15),(203,5.00,15),(204,1000.00,16),(205,500.00,16),(206,200.00,16),(207,100.00,16),(208,50.00,16),(209,20.00,16),(210,100.00,17),(211,50.00,17),(212,20.00,17),(213,10.00,17),(214,5.00,17),(215,2.00,17),(216,100.00,18),(217,50.00,18),(218,20.00,18),(219,10.00,18),(220,5.00,18),(221,200.00,19),(222,100.00,19),(223,50.00,19),(224,20.00,19),(225,10.00,19),(226,1000.00,20),(227,500.00,20),(228,200.00,20),(229,100.00,20),(230,50.00,20),(231,20.00,20),(232,10.00,20),(233,5.00,20),(234,20000.00,21),(235,10000.00,21),(236,5000.00,21),(237,2000.00,21),(238,1000.00,21),(239,1000.00,22),(240,200.00,22),(241,100.00,22),(242,50.00,22),(243,20.00,22),(244,10.00,22),(245,10000.00,23),(246,5000.00,23),(247,2000.00,23),(248,1000.00,23),(249,100.00,24),(250,50.00,24),(251,20.00,24),(252,10.00,24),(253,5.00,24),(254,2.00,24),(255,1.00,24),(256,1000.00,25),(257,500.00,25),(258,100.00,25),(259,50.00,25),(260,20.00,25),(261,10.00,25),(262,50000.00,26),(263,10000.00,26),(264,5000.00,26),(265,2000.00,26),(266,1000.00,26);
/*!40000 ALTER TABLE `denominacion` ENABLE KEYS */;
UNLOCK TABLES;

--
-- Table structure for table `denominacion_cantidad`
--

DROP TABLE IF EXISTS `denominacion_cantidad`;
/*!40101 SET @saved_cs_client     = @@character_set_client */;
/*!40101 SET character_set_client = utf8 */;
CREATE TABLE `denominacion_cantidad` (
  `id` bigint(20) NOT NULL AUTO_INCREMENT,
  `denominacion` bigint(20) NOT NULL,
  `operacion` bigint(20) DEFAULT NULL,
  `cantidad` int(11) NOT NULL,
  `flujo_extraordinario` bigint(20) DEFAULT NULL,
  `traslado` bigint(20) DEFAULT NULL,
  `tipo` varchar(30) NOT NULL,
  `saldo` bigint(20) DEFAULT NULL,
  `fondeo` bigint(20) DEFAULT NULL,
  PRIMARY KEY (`id`),
  KEY `fk_denominacion_flujos_idx` (`denominacion`),
  KEY `fk_operacion_flujos_idx` (`operacion`),
  KEY `denominacion_cantidad_flujo_extraordinario_FK` (`flujo_extraordinario`),
  KEY `denominacion_cantidad_traslado_FK` (`traslado`),
  KEY `denominacion_cantidad_saldo_FK` (`saldo`),
  KEY `denominacion_cantidad_fondeo_FK` (`fondeo`),
  CONSTRAINT `denominacion_cantidad_flujo_extraordinario_FK` FOREIGN KEY (`flujo_extraordinario`) REFERENCES `flujo_extraordinario` (`id`) ON UPDATE CASCADE,
  CONSTRAINT `denominacion_cantidad_fondeo_FK` FOREIGN KEY (`fondeo`) REFERENCES `fondeo` (`id`) ON UPDATE CASCADE,
  CONSTRAINT `denominacion_cantidad_saldo_FK` FOREIGN KEY (`saldo`) REFERENCES `saldo` (`id`) ON UPDATE CASCADE,
  CONSTRAINT `denominacion_cantidad_traslado_FK` FOREIGN KEY (`traslado`) REFERENCES `traslado` (`id`) ON UPDATE CASCADE,
  CONSTRAINT `fk_denominacion_flujos` FOREIGN KEY (`denominacion`) REFERENCES `denominacion` (`id`) ON UPDATE CASCADE,
  CONSTRAINT `fk_operacion_flujos` FOREIGN KEY (`operacion`) REFERENCES `operacion` (`id`) ON UPDATE CASCADE
) ENGINE=InnoDB AUTO_INCREMENT=7124 DEFAULT CHARSET=utf8;
/*!40101 SET character_set_client = @saved_cs_client */;

--
-- Dumping data for table `denominacion_cantidad`
--

LOCK TABLES `denominacion_cantidad` WRITE;
/*!40000 ALTER TABLE `denominacion_cantidad` DISABLE KEYS */;
INSERT INTO `denominacion_cantidad` VALUES (4897,113,96,600,NULL,NULL,'SALIDA',NULL,NULL),(4898,114,96,20217,NULL,NULL,'SALIDA',NULL,NULL),(4899,121,96,6318,NULL,NULL,'ENTRADA',NULL,NULL),(4900,120,NULL,0,NULL,NULL,'ENTRADA',581,NULL),(4901,119,NULL,0,NULL,NULL,'ENTRADA',581,NULL),(4902,118,NULL,0,NULL,NULL,'ENTRADA',581,NULL),(4903,117,NULL,0,NULL,NULL,'ENTRADA',581,NULL),(4904,116,NULL,0,NULL,NULL,'ENTRADA',581,NULL),(4905,115,NULL,0,NULL,NULL,'ENTRADA',581,NULL),(4906,114,NULL,131557,NULL,NULL,'ENTRADA',581,NULL),(4907,113,NULL,7825,NULL,NULL,'ENTRADA',581,NULL),(4908,127,NULL,0,NULL,NULL,'ENTRADA',582,NULL),(4909,126,NULL,0,NULL,NULL,'ENTRADA',582,NULL),(4910,125,NULL,0,NULL,NULL,'ENTRADA',582,NULL),(4911,124,NULL,0,NULL,NULL,'ENTRADA',582,NULL),(4912,123,NULL,0,NULL,NULL,'ENTRADA',582,NULL),(4913,122,NULL,0,NULL,NULL,'ENTRADA',582,NULL),(4914,121,NULL,37854,NULL,NULL,'ENTRADA',582,NULL),(4915,134,NULL,0,NULL,NULL,'ENTRADA',583,NULL),(4916,133,NULL,0,NULL,NULL,'ENTRADA',583,NULL),(4917,132,NULL,0,NULL,NULL,'ENTRADA',583,NULL),(4918,131,NULL,0,NULL,NULL,'ENTRADA',583,NULL),(4919,130,NULL,0,NULL,NULL,'ENTRADA',583,NULL),(4920,129,NULL,563,NULL,NULL,'ENTRADA',583,NULL),(4921,128,NULL,2262,NULL,NULL,'ENTRADA',583,NULL),(4922,180,NULL,0,NULL,NULL,'ENTRADA',584,NULL),(4923,181,NULL,0,NULL,NULL,'ENTRADA',584,NULL),(4924,182,NULL,0,NULL,NULL,'ENTRADA',584,NULL),(4925,183,NULL,0,NULL,NULL,'ENTRADA',584,NULL),(4926,199,NULL,0,NULL,NULL,'ENTRADA',585,NULL),(4927,200,NULL,0,NULL,NULL,'ENTRADA',585,NULL),(4928,201,NULL,0,NULL,NULL,'ENTRADA',585,NULL),(4929,202,NULL,0,NULL,NULL,'ENTRADA',585,NULL),(4930,203,NULL,3262,NULL,NULL,'ENTRADA',585,NULL),(4931,204,NULL,0,NULL,NULL,'ENTRADA',586,NULL),(4932,205,NULL,0,NULL,NULL,'ENTRADA',586,NULL),(4933,206,NULL,0,NULL,NULL,'ENTRADA',586,NULL),(4934,207,NULL,0,NULL,NULL,'ENTRADA',586,NULL),(4935,208,NULL,3,NULL,NULL,'ENTRADA',586,NULL),(4936,209,NULL,1375,NULL,NULL,'ENTRADA',586,NULL),(4937,210,NULL,0,NULL,NULL,'ENTRADA',587,NULL),(4938,211,NULL,0,NULL,NULL,'ENTRADA',587,NULL),(4939,212,NULL,0,NULL,NULL,'ENTRADA',587,NULL),(4940,213,NULL,0,NULL,NULL,'ENTRADA',587,NULL),(4941,214,NULL,11,NULL,NULL,'ENTRADA',587,NULL),(4942,215,NULL,87,NULL,NULL,'ENTRADA',587,NULL),(4943,216,NULL,0,NULL,NULL,'ENTRADA',588,NULL),(4944,217,NULL,0,NULL,NULL,'ENTRADA',588,NULL),(4945,218,NULL,0,NULL,NULL,'ENTRADA',588,NULL),(4946,219,NULL,0,NULL,NULL,'ENTRADA',588,NULL),(4947,220,NULL,960,NULL,NULL,'ENTRADA',588,NULL),(4948,221,NULL,0,NULL,NULL,'ENTRADA',589,NULL),(4949,222,NULL,0,NULL,NULL,'ENTRADA',589,NULL),(4950,223,NULL,0,NULL,NULL,'ENTRADA',589,NULL),(4951,224,NULL,0,NULL,NULL,'ENTRADA',589,NULL),(4952,225,NULL,1,NULL,NULL,'ENTRADA',589,NULL),(4953,226,NULL,0,NULL,NULL,'ENTRADA',590,NULL),(4954,227,NULL,0,NULL,NULL,'ENTRADA',590,NULL),(4955,228,NULL,0,NULL,NULL,'ENTRADA',590,NULL),(4956,229,NULL,0,NULL,NULL,'ENTRADA',590,NULL),(4957,230,NULL,0,NULL,NULL,'ENTRADA',590,NULL),(4958,231,NULL,0,NULL,NULL,'ENTRADA',590,NULL),(4959,232,NULL,0,NULL,NULL,'ENTRADA',590,NULL),(4960,233,NULL,0,NULL,NULL,'ENTRADA',590,NULL),(4961,234,NULL,0,NULL,NULL,'ENTRADA',591,NULL),(4962,235,NULL,0,NULL,NULL,'ENTRADA',591,NULL),(4963,236,NULL,0,NULL,NULL,'ENTRADA',591,NULL),(4964,237,NULL,0,NULL,NULL,'ENTRADA',591,NULL),(4965,238,NULL,341,NULL,NULL,'ENTRADA',591,NULL),(4966,239,NULL,0,NULL,NULL,'ENTRADA',592,NULL),(4967,240,NULL,0,NULL,NULL,'ENTRADA',592,NULL),(4968,241,NULL,0,NULL,NULL,'ENTRADA',592,NULL),(4969,242,NULL,0,NULL,NULL,'ENTRADA',592,NULL),(4970,243,NULL,0,NULL,NULL,'ENTRADA',592,NULL),(4971,244,NULL,79,NULL,NULL,'ENTRADA',592,NULL),(4972,245,NULL,0,NULL,NULL,'ENTRADA',593,NULL),(4973,246,NULL,0,NULL,NULL,'ENTRADA',593,NULL),(4974,247,NULL,0,NULL,NULL,'ENTRADA',593,NULL),(4975,248,NULL,2,NULL,NULL,'ENTRADA',593,NULL),(4976,249,NULL,0,NULL,NULL,'ENTRADA',594,NULL),(4977,250,NULL,0,NULL,NULL,'ENTRADA',594,NULL),(4978,251,NULL,0,NULL,NULL,'ENTRADA',594,NULL),(4979,252,NULL,0,NULL,NULL,'ENTRADA',594,NULL),(4980,253,NULL,0,NULL,NULL,'ENTRADA',594,NULL),(4981,254,NULL,0,NULL,NULL,'ENTRADA',594,NULL),(4982,255,NULL,41,NULL,NULL,'ENTRADA',594,NULL),(4983,262,NULL,0,NULL,NULL,'ENTRADA',595,NULL),(4984,263,NULL,0,NULL,NULL,'ENTRADA',595,NULL),(4985,264,NULL,0,NULL,NULL,'ENTRADA',595,NULL),(4986,265,NULL,0,NULL,NULL,'ENTRADA',595,NULL),(4987,266,NULL,1,NULL,NULL,'ENTRADA',595,NULL),(4988,256,NULL,0,NULL,NULL,'ENTRADA',596,NULL),(4989,257,NULL,0,NULL,NULL,'ENTRADA',596,NULL),(4990,258,NULL,0,NULL,NULL,'ENTRADA',596,NULL),(4991,259,NULL,0,NULL,NULL,'ENTRADA',596,NULL),(4992,260,NULL,0,NULL,NULL,'ENTRADA',596,NULL),(4993,261,NULL,1,NULL,NULL,'ENTRADA',596,NULL),(4994,113,97,600,NULL,NULL,'SALIDA',NULL,NULL),(4995,114,97,20217,NULL,NULL,'SALIDA',NULL,NULL),(4996,121,97,6318,NULL,NULL,'ENTRADA',NULL,NULL),(4997,121,98,7674,NULL,NULL,'SALIDA',NULL,NULL),(4998,114,98,25170,NULL,NULL,'ENTRADA',NULL,NULL),(4999,113,98,720,NULL,NULL,'ENTRADA',NULL,NULL),(5000,121,99,10496,NULL,NULL,'SALIDA',NULL,NULL),(5001,114,99,34531,NULL,NULL,'ENTRADA',NULL,NULL),(5002,113,99,840,NULL,NULL,'ENTRADA',NULL,NULL),(5003,121,100,977,NULL,NULL,'SALIDA',NULL,NULL),(5004,114,100,3219,NULL,NULL,'ENTRADA',NULL,NULL),(5005,113,100,215,NULL,NULL,'ENTRADA',NULL,NULL),(5006,114,101,710,NULL,NULL,'SALIDA',NULL,NULL),(5007,129,101,20,NULL,NULL,'ENTRADA',NULL,NULL),(5008,113,102,500,NULL,NULL,'SALIDA',NULL,NULL),(5009,114,102,1606,NULL,NULL,'SALIDA',NULL,NULL),(5010,129,102,45,NULL,NULL,'ENTRADA',NULL,NULL),(5011,113,103,600,NULL,NULL,'SALIDA',NULL,NULL),(5012,114,103,3293,NULL,NULL,'SALIDA',NULL,NULL),(5013,129,103,92,NULL,NULL,'ENTRADA',NULL,NULL),(5014,114,104,359,NULL,NULL,'SALIDA',NULL,NULL),(5015,129,104,10,NULL,NULL,'ENTRADA',NULL,NULL),(5016,129,105,1076,NULL,NULL,'SALIDA',NULL,NULL),(5017,114,105,39489,NULL,NULL,'ENTRADA',NULL,NULL),(5018,113,105,200,NULL,NULL,'ENTRADA',NULL,NULL),(5019,129,106,155,NULL,NULL,'SALIDA',NULL,NULL),(5020,114,106,5704,NULL,NULL,'ENTRADA',NULL,NULL),(5021,129,107,173,NULL,NULL,'SALIDA',NULL,NULL),(5022,113,107,700,NULL,NULL,'ENTRADA',NULL,NULL),(5023,114,107,6383,NULL,NULL,'ENTRADA',NULL,NULL),(5024,114,108,3,NULL,NULL,'SALIDA',NULL,NULL),(5025,113,108,200,NULL,NULL,'SALIDA',NULL,NULL),(5026,209,108,1,NULL,NULL,'ENTRADA',NULL,NULL),(5027,114,109,36,NULL,NULL,'SALIDA',NULL,NULL),(5028,113,109,154,NULL,NULL,'SALIDA',NULL,NULL),(5029,208,109,4,NULL,NULL,'ENTRADA',NULL,NULL),(5030,209,110,10,NULL,NULL,'SALIDA',NULL,NULL),(5031,113,110,154,NULL,NULL,'ENTRADA',NULL,NULL),(5032,114,110,36,NULL,NULL,'ENTRADA',NULL,NULL),(5033,208,111,1,NULL,NULL,'SALIDA',NULL,NULL),(5034,209,111,511,NULL,NULL,'SALIDA',NULL,NULL),(5035,113,111,650,NULL,NULL,'ENTRADA',NULL,NULL),(5036,114,111,2002,NULL,NULL,'ENTRADA',NULL,NULL),(5037,114,112,167,NULL,NULL,'SALIDA',NULL,NULL),(5038,113,112,980,NULL,NULL,'SALIDA',NULL,NULL),(5039,215,112,86,NULL,NULL,'ENTRADA',NULL,NULL),(5040,214,112,11,NULL,NULL,'ENTRADA',NULL,NULL),(5041,114,113,702,NULL,NULL,'SALIDA',NULL,NULL),(5042,238,113,180,NULL,NULL,'ENTRADA',NULL,NULL),(5043,183,114,7,NULL,NULL,'SALIDA',NULL,NULL),(5044,113,114,250,NULL,NULL,'ENTRADA',NULL,NULL),(5045,114,114,152,NULL,NULL,'ENTRADA',NULL,NULL),(5046,183,115,10,NULL,NULL,'SALIDA',NULL,NULL),(5047,114,115,212,NULL,NULL,'ENTRADA',NULL,NULL),(5048,113,115,500,NULL,NULL,'ENTRADA',NULL,NULL),(5049,203,116,338,NULL,NULL,'SALIDA',NULL,NULL),(5050,114,116,4495,NULL,NULL,'ENTRADA',NULL,NULL),(5051,113,116,400,NULL,NULL,'ENTRADA',NULL,NULL),(5052,233,117,2002,NULL,NULL,'SALIDA',NULL,NULL),(5053,114,117,950,NULL,NULL,'ENTRADA',NULL,NULL),(5054,113,117,950,NULL,NULL,'ENTRADA',NULL,NULL),(5055,118,NULL,0,5,NULL,'SALIDA',NULL,NULL),(5056,119,NULL,0,5,NULL,'SALIDA',NULL,NULL),(5057,120,NULL,0,5,NULL,'SALIDA',NULL,NULL),(5058,117,NULL,0,5,NULL,'SALIDA',NULL,NULL),(5059,116,NULL,0,5,NULL,'SALIDA',NULL,NULL),(5060,113,NULL,113,5,NULL,'SALIDA',NULL,NULL),(5061,115,NULL,0,5,NULL,'SALIDA',NULL,NULL),(5062,114,NULL,663,5,NULL,'SALIDA',NULL,NULL),(5063,125,NULL,0,NULL,4,'SALIDA',NULL,NULL),(5064,126,NULL,0,NULL,4,'SALIDA',NULL,NULL),(5065,124,NULL,0,NULL,4,'SALIDA',NULL,NULL),(5066,121,NULL,14000,NULL,4,'SALIDA',NULL,NULL),(5067,123,NULL,0,NULL,4,'SALIDA',NULL,NULL),(5068,127,NULL,0,NULL,4,'SALIDA',NULL,NULL),(5069,122,NULL,0,NULL,4,'SALIDA',NULL,NULL),(5070,127,NULL,0,NULL,5,'SALIDA',NULL,NULL),(5071,126,NULL,0,NULL,5,'SALIDA',NULL,NULL),(5072,124,NULL,0,NULL,5,'SALIDA',NULL,NULL),(5073,122,NULL,0,NULL,5,'SALIDA',NULL,NULL),(5074,121,NULL,20000,NULL,5,'SALIDA',NULL,NULL),(5075,123,NULL,0,NULL,5,'SALIDA',NULL,NULL),(5076,125,NULL,0,NULL,5,'SALIDA',NULL,NULL),(5077,116,NULL,0,6,NULL,'SALIDA',NULL,NULL),(5078,117,NULL,0,6,NULL,'SALIDA',NULL,NULL),(5079,120,NULL,0,6,NULL,'SALIDA',NULL,NULL),(5080,119,NULL,0,6,NULL,'SALIDA',NULL,NULL),(5081,114,NULL,6000,6,NULL,'SALIDA',NULL,NULL),(5082,113,NULL,0,6,NULL,'SALIDA',NULL,NULL),(5083,118,NULL,0,6,NULL,'SALIDA',NULL,NULL),(5084,115,NULL,0,6,NULL,'SALIDA',NULL,NULL),(5085,129,NULL,200,NULL,6,'SALIDA',NULL,NULL),(5086,132,NULL,0,NULL,6,'SALIDA',NULL,NULL),(5087,134,NULL,0,NULL,6,'SALIDA',NULL,NULL),(5088,130,NULL,0,NULL,6,'SALIDA',NULL,NULL),(5089,128,NULL,0,NULL,6,'SALIDA',NULL,NULL),(5090,131,NULL,0,NULL,6,'SALIDA',NULL,NULL),(5091,133,NULL,0,NULL,6,'SALIDA',NULL,NULL),(5280,120,NULL,0,NULL,NULL,'ENTRADA',629,NULL),(5281,119,NULL,0,NULL,NULL,'ENTRADA',629,NULL),(5282,118,NULL,0,NULL,NULL,'ENTRADA',629,NULL),(5283,117,NULL,0,NULL,NULL,'ENTRADA',629,NULL),(5284,116,NULL,0,NULL,NULL,'ENTRADA',629,NULL),(5285,115,NULL,0,NULL,NULL,'ENTRADA',629,NULL),(5286,114,NULL,203694,NULL,NULL,'ENTRADA',629,NULL),(5287,113,NULL,71050,NULL,NULL,'ENTRADA',629,NULL),(5288,127,NULL,0,NULL,NULL,'ENTRADA',630,NULL),(5289,126,NULL,0,NULL,NULL,'ENTRADA',630,NULL),(5290,125,NULL,0,NULL,NULL,'ENTRADA',630,NULL),(5291,124,NULL,0,NULL,NULL,'ENTRADA',630,NULL),(5292,123,NULL,0,NULL,NULL,'ENTRADA',630,NULL),(5293,122,NULL,0,NULL,NULL,'ENTRADA',630,NULL),(5294,121,NULL,27954,NULL,NULL,'ENTRADA',630,NULL),(5295,134,NULL,0,NULL,NULL,'ENTRADA',631,NULL),(5296,133,NULL,0,NULL,NULL,'ENTRADA',631,NULL),(5297,132,NULL,0,NULL,NULL,'ENTRADA',631,NULL),(5298,131,NULL,0,NULL,NULL,'ENTRADA',631,NULL),(5299,130,NULL,0,NULL,NULL,'ENTRADA',631,NULL),(5300,129,NULL,7,NULL,NULL,'ENTRADA',631,NULL),(5301,128,NULL,2925,NULL,NULL,'ENTRADA',631,NULL),(5302,180,NULL,0,NULL,NULL,'ENTRADA',632,NULL),(5303,181,NULL,0,NULL,NULL,'ENTRADA',632,NULL),(5304,182,NULL,0,NULL,NULL,'ENTRADA',632,NULL),(5305,183,NULL,15,NULL,NULL,'ENTRADA',632,NULL),(5306,199,NULL,0,NULL,NULL,'ENTRADA',633,NULL),(5307,200,NULL,0,NULL,NULL,'ENTRADA',633,NULL),(5308,201,NULL,0,NULL,NULL,'ENTRADA',633,NULL),(5309,202,NULL,0,NULL,NULL,'ENTRADA',633,NULL),(5310,203,NULL,1883,NULL,NULL,'ENTRADA',633,NULL),(5311,204,NULL,0,NULL,NULL,'ENTRADA',634,NULL),(5312,205,NULL,0,NULL,NULL,'ENTRADA',634,NULL),(5313,206,NULL,0,NULL,NULL,'ENTRADA',634,NULL),(5314,207,NULL,0,NULL,NULL,'ENTRADA',634,NULL),(5315,208,NULL,0,NULL,NULL,'ENTRADA',634,NULL),(5316,209,NULL,2,NULL,NULL,'ENTRADA',634,NULL),(5317,210,NULL,0,NULL,NULL,'ENTRADA',635,NULL),(5318,211,NULL,0,NULL,NULL,'ENTRADA',635,NULL),(5319,212,NULL,0,NULL,NULL,'ENTRADA',635,NULL),(5320,213,NULL,0,NULL,NULL,'ENTRADA',635,NULL),(5321,214,NULL,0,NULL,NULL,'ENTRADA',635,NULL),(5322,215,NULL,64,NULL,NULL,'ENTRADA',635,NULL),(5323,216,NULL,0,NULL,NULL,'ENTRADA',636,NULL),(5324,217,NULL,0,NULL,NULL,'ENTRADA',636,NULL),(5325,218,NULL,0,NULL,NULL,'ENTRADA',636,NULL),(5326,219,NULL,0,NULL,NULL,'ENTRADA',636,NULL),(5327,220,NULL,23,NULL,NULL,'ENTRADA',636,NULL),(5328,221,NULL,0,NULL,NULL,'ENTRADA',637,NULL),(5329,222,NULL,0,NULL,NULL,'ENTRADA',637,NULL),(5330,223,NULL,0,NULL,NULL,'ENTRADA',637,NULL),(5331,224,NULL,0,NULL,NULL,'ENTRADA',637,NULL),(5332,225,NULL,5,NULL,NULL,'ENTRADA',637,NULL),(5333,226,NULL,0,NULL,NULL,'ENTRADA',638,NULL),(5334,227,NULL,0,NULL,NULL,'ENTRADA',638,NULL),(5335,228,NULL,0,NULL,NULL,'ENTRADA',638,NULL),(5336,229,NULL,0,NULL,NULL,'ENTRADA',638,NULL),(5337,230,NULL,0,NULL,NULL,'ENTRADA',638,NULL),(5338,231,NULL,0,NULL,NULL,'ENTRADA',638,NULL),(5339,232,NULL,0,NULL,NULL,'ENTRADA',638,NULL),(5340,233,NULL,68,NULL,NULL,'ENTRADA',638,NULL),(5341,234,NULL,0,NULL,NULL,'ENTRADA',639,NULL),(5342,235,NULL,0,NULL,NULL,'ENTRADA',639,NULL),(5343,236,NULL,0,NULL,NULL,'ENTRADA',639,NULL),(5344,237,NULL,0,NULL,NULL,'ENTRADA',639,NULL),(5345,238,NULL,43,NULL,NULL,'ENTRADA',639,NULL),(5346,239,NULL,0,NULL,NULL,'ENTRADA',640,NULL),(5347,240,NULL,0,NULL,NULL,'ENTRADA',640,NULL),(5348,241,NULL,0,NULL,NULL,'ENTRADA',640,NULL),(5349,242,NULL,0,NULL,NULL,'ENTRADA',640,NULL),(5350,243,NULL,0,NULL,NULL,'ENTRADA',640,NULL),(5351,244,NULL,323,NULL,NULL,'ENTRADA',640,NULL),(5352,245,NULL,0,NULL,NULL,'ENTRADA',641,NULL),(5353,246,NULL,0,NULL,NULL,'ENTRADA',641,NULL),(5354,247,NULL,0,NULL,NULL,'ENTRADA',641,NULL),(5355,248,NULL,0,NULL,NULL,'ENTRADA',641,NULL),(5356,249,NULL,0,NULL,NULL,'ENTRADA',642,NULL),(5357,250,NULL,0,NULL,NULL,'ENTRADA',642,NULL),(5358,251,NULL,0,NULL,NULL,'ENTRADA',642,NULL),(5359,252,NULL,0,NULL,NULL,'ENTRADA',642,NULL),(5360,253,NULL,0,NULL,NULL,'ENTRADA',642,NULL),(5361,254,NULL,0,NULL,NULL,'ENTRADA',642,NULL),(5362,255,NULL,1254,NULL,NULL,'ENTRADA',642,NULL),(5363,256,NULL,0,NULL,NULL,'ENTRADA',643,NULL),(5364,257,NULL,0,NULL,NULL,'ENTRADA',643,NULL),(5365,258,NULL,0,NULL,NULL,'ENTRADA',643,NULL),(5366,259,NULL,0,NULL,NULL,'ENTRADA',643,NULL),(5367,260,NULL,0,NULL,NULL,'ENTRADA',643,NULL),(5368,261,NULL,20,NULL,NULL,'ENTRADA',643,NULL),(5369,262,NULL,0,NULL,NULL,'ENTRADA',644,NULL),(5370,263,NULL,0,NULL,NULL,'ENTRADA',644,NULL),(5371,264,NULL,0,NULL,NULL,'ENTRADA',644,NULL),(5372,265,NULL,0,NULL,NULL,'ENTRADA',644,NULL),(5373,266,NULL,0,NULL,NULL,'ENTRADA',644,NULL),(5374,114,118,9616,NULL,NULL,'SALIDA',NULL,NULL),(5375,121,118,3005,NULL,NULL,'ENTRADA',NULL,NULL),(5376,121,119,5651,NULL,NULL,'SALIDA',NULL,NULL),(5377,113,119,280,NULL,NULL,'ENTRADA',NULL,NULL),(5378,114,119,18535,NULL,NULL,'ENTRADA',NULL,NULL),(5379,121,120,12266,NULL,NULL,'SALIDA',NULL,NULL),(5380,113,120,140,NULL,NULL,'ENTRADA',NULL,NULL),(5381,114,120,40355,NULL,NULL,'ENTRADA',NULL,NULL),(5382,121,121,7869,NULL,NULL,'SALIDA',NULL,NULL),(5383,114,121,25928,NULL,NULL,'ENTRADA',NULL,NULL),(5384,113,121,355,NULL,NULL,'ENTRADA',NULL,NULL),(5385,114,122,3500,NULL,NULL,'SALIDA',NULL,NULL),(5386,129,122,100,NULL,NULL,'ENTRADA',NULL,NULL),(5387,113,123,600,NULL,NULL,'SALIDA',NULL,NULL),(5388,114,123,10990,NULL,NULL,'SALIDA',NULL,NULL),(5389,129,123,307,NULL,NULL,'ENTRADA',NULL,NULL),(5390,128,124,551,NULL,NULL,'SALIDA',NULL,NULL),(5391,129,124,400,NULL,NULL,'SALIDA',NULL,NULL),(5392,114,124,24790,NULL,NULL,'ENTRADA',NULL,NULL),(5393,113,124,850,NULL,NULL,'ENTRADA',NULL,NULL),(5394,128,125,375,NULL,NULL,'SALIDA',NULL,NULL),(5395,114,125,6900,NULL,NULL,'ENTRADA',NULL,NULL),(5396,128,126,120,NULL,NULL,'SALIDA',NULL,NULL),(5397,114,126,2214,NULL,NULL,'ENTRADA',NULL,NULL),(5398,183,127,12,NULL,NULL,'SALIDA',NULL,NULL),(5399,114,127,259,NULL,NULL,'ENTRADA',NULL,NULL),(5400,113,127,800,NULL,NULL,'ENTRADA',NULL,NULL),(5401,203,128,36,NULL,NULL,'SALIDA',NULL,NULL),(5402,113,128,800,NULL,NULL,'ENTRADA',NULL,NULL),(5403,114,128,478,NULL,NULL,'ENTRADA',NULL,NULL),(5404,215,129,552,NULL,NULL,'SALIDA',NULL,NULL),(5405,114,129,949,NULL,NULL,'ENTRADA',NULL,NULL),(5406,113,129,440,NULL,NULL,'ENTRADA',NULL,NULL),(5407,116,NULL,0,7,NULL,'SALIDA',NULL,NULL),(5408,120,NULL,0,7,NULL,'SALIDA',NULL,NULL),(5409,119,NULL,0,7,NULL,'SALIDA',NULL,NULL),(5410,117,NULL,0,7,NULL,'SALIDA',NULL,NULL),(5411,115,NULL,0,7,NULL,'SALIDA',NULL,NULL),(5412,118,NULL,0,7,NULL,'SALIDA',NULL,NULL),(5413,114,NULL,8,7,NULL,'SALIDA',NULL,NULL),(5414,113,NULL,0,7,NULL,'SALIDA',NULL,NULL),(5415,114,130,15012,NULL,NULL,'SALIDA',NULL,NULL),(5416,113,130,375,NULL,NULL,'SALIDA',NULL,NULL),(5417,121,130,4655,NULL,NULL,'ENTRADA',NULL,NULL),(5418,121,131,578,NULL,NULL,'SALIDA',NULL,NULL),(5419,114,131,1901,NULL,NULL,'ENTRADA',NULL,NULL),(5420,113,131,620,NULL,NULL,'ENTRADA',NULL,NULL),(5421,121,132,686,NULL,NULL,'SALIDA',NULL,NULL),(5422,114,132,2263,NULL,NULL,'ENTRADA',NULL,NULL),(5423,113,132,800,NULL,NULL,'ENTRADA',NULL,NULL),(5424,128,133,26,NULL,NULL,'SALIDA',NULL,NULL),(5425,114,133,481,NULL,NULL,'ENTRADA',NULL,NULL),(5426,209,134,205,NULL,NULL,'SALIDA',NULL,NULL),(5427,114,134,799,NULL,NULL,'ENTRADA',NULL,NULL),(5428,113,134,500,NULL,NULL,'ENTRADA',NULL,NULL),(5429,113,NULL,550,8,NULL,'SALIDA',NULL,NULL),(5430,120,NULL,0,8,NULL,'SALIDA',NULL,NULL),(5431,117,NULL,0,8,NULL,'SALIDA',NULL,NULL),(5432,114,NULL,53,8,NULL,'SALIDA',NULL,NULL),(5433,119,NULL,0,8,NULL,'SALIDA',NULL,NULL),(5434,118,NULL,0,8,NULL,'SALIDA',NULL,NULL),(5435,115,NULL,0,8,NULL,'SALIDA',NULL,NULL),(5436,116,NULL,0,8,NULL,'SALIDA',NULL,NULL),(5813,120,NULL,0,NULL,NULL,'ENTRADA',709,NULL),(5814,119,NULL,0,NULL,NULL,'ENTRADA',709,NULL),(5815,118,NULL,0,NULL,NULL,'ENTRADA',709,NULL),(5816,117,NULL,0,NULL,NULL,'ENTRADA',709,NULL),(5817,116,NULL,0,NULL,NULL,'ENTRADA',709,NULL),(5818,115,NULL,0,NULL,NULL,'ENTRADA',709,NULL),(5819,114,NULL,70279,NULL,NULL,'ENTRADA',709,NULL),(5820,113,NULL,80227,NULL,NULL,'ENTRADA',709,NULL),(5821,127,NULL,0,NULL,NULL,'ENTRADA',710,NULL),(5822,126,NULL,0,NULL,NULL,'ENTRADA',710,NULL),(5823,125,NULL,0,NULL,NULL,'ENTRADA',710,NULL),(5824,124,NULL,0,NULL,NULL,'ENTRADA',710,NULL),(5825,123,NULL,0,NULL,NULL,'ENTRADA',710,NULL),(5826,122,NULL,0,NULL,NULL,'ENTRADA',710,NULL),(5827,121,NULL,32329,NULL,NULL,'ENTRADA',710,NULL),(5828,134,NULL,0,NULL,NULL,'ENTRADA',711,NULL),(5829,133,NULL,0,NULL,NULL,'ENTRADA',711,NULL),(5830,132,NULL,0,NULL,NULL,'ENTRADA',711,NULL),(5831,131,NULL,0,NULL,NULL,'ENTRADA',711,NULL),(5832,130,NULL,0,NULL,NULL,'ENTRADA',711,NULL),(5833,129,NULL,0,NULL,NULL,'ENTRADA',711,NULL),(5834,128,NULL,536,NULL,NULL,'ENTRADA',711,NULL),(5835,180,NULL,0,NULL,NULL,'ENTRADA',712,NULL),(5836,181,NULL,0,NULL,NULL,'ENTRADA',712,NULL),(5837,182,NULL,0,NULL,NULL,'ENTRADA',712,NULL),(5838,183,NULL,0,NULL,NULL,'ENTRADA',712,NULL),(5839,199,NULL,0,NULL,NULL,'ENTRADA',713,NULL),(5840,200,NULL,0,NULL,NULL,'ENTRADA',713,NULL),(5841,201,NULL,0,NULL,NULL,'ENTRADA',713,NULL),(5842,202,NULL,0,NULL,NULL,'ENTRADA',713,NULL),(5843,203,NULL,4,NULL,NULL,'ENTRADA',713,NULL),(5844,204,NULL,0,NULL,NULL,'ENTRADA',714,NULL),(5845,205,NULL,0,NULL,NULL,'ENTRADA',714,NULL),(5846,206,NULL,0,NULL,NULL,'ENTRADA',714,NULL),(5847,207,NULL,0,NULL,NULL,'ENTRADA',714,NULL),(5848,208,NULL,0,NULL,NULL,'ENTRADA',714,NULL),(5849,209,NULL,72,NULL,NULL,'ENTRADA',714,NULL),(5850,210,NULL,0,NULL,NULL,'ENTRADA',715,NULL),(5851,211,NULL,0,NULL,NULL,'ENTRADA',715,NULL),(5852,212,NULL,0,NULL,NULL,'ENTRADA',715,NULL),(5853,213,NULL,0,NULL,NULL,'ENTRADA',715,NULL),(5854,214,NULL,0,NULL,NULL,'ENTRADA',715,NULL),(5855,215,NULL,0,NULL,NULL,'ENTRADA',715,NULL),(5856,221,NULL,0,NULL,NULL,'ENTRADA',716,NULL),(5857,222,NULL,0,NULL,NULL,'ENTRADA',716,NULL),(5858,223,NULL,0,NULL,NULL,'ENTRADA',716,NULL),(5859,224,NULL,0,NULL,NULL,'ENTRADA',716,NULL),(5860,225,NULL,303,NULL,NULL,'ENTRADA',716,NULL),(5861,226,NULL,0,NULL,NULL,'ENTRADA',717,NULL),(5862,227,NULL,0,NULL,NULL,'ENTRADA',717,NULL),(5863,228,NULL,0,NULL,NULL,'ENTRADA',717,NULL),(5864,229,NULL,0,NULL,NULL,'ENTRADA',717,NULL),(5865,230,NULL,0,NULL,NULL,'ENTRADA',717,NULL),(5866,231,NULL,0,NULL,NULL,'ENTRADA',717,NULL),(5867,232,NULL,0,NULL,NULL,'ENTRADA',717,NULL),(5868,233,NULL,4230,NULL,NULL,'ENTRADA',717,NULL),(5869,234,NULL,0,NULL,NULL,'ENTRADA',718,NULL),(5870,235,NULL,0,NULL,NULL,'ENTRADA',718,NULL),(5871,236,NULL,0,NULL,NULL,'ENTRADA',718,NULL),(5872,237,NULL,0,NULL,NULL,'ENTRADA',718,NULL),(5873,238,NULL,148,NULL,NULL,'ENTRADA',718,NULL),(5874,239,NULL,0,NULL,NULL,'ENTRADA',719,NULL),(5875,240,NULL,0,NULL,NULL,'ENTRADA',719,NULL),(5876,241,NULL,0,NULL,NULL,'ENTRADA',719,NULL),(5877,242,NULL,0,NULL,NULL,'ENTRADA',719,NULL),(5878,243,NULL,0,NULL,NULL,'ENTRADA',719,NULL),(5879,244,NULL,264,NULL,NULL,'ENTRADA',719,NULL),(5880,245,NULL,0,NULL,NULL,'ENTRADA',720,NULL),(5881,246,NULL,0,NULL,NULL,'ENTRADA',720,NULL),(5882,247,NULL,0,NULL,NULL,'ENTRADA',720,NULL),(5883,248,NULL,26,NULL,NULL,'ENTRADA',720,NULL),(5884,249,NULL,0,NULL,NULL,'ENTRADA',721,NULL),(5885,250,NULL,0,NULL,NULL,'ENTRADA',721,NULL),(5886,251,NULL,0,NULL,NULL,'ENTRADA',721,NULL),(5887,252,NULL,0,NULL,NULL,'ENTRADA',721,NULL),(5888,253,NULL,0,NULL,NULL,'ENTRADA',721,NULL),(5889,254,NULL,0,NULL,NULL,'ENTRADA',721,NULL),(5890,255,NULL,0,NULL,NULL,'ENTRADA',721,NULL),(5891,256,NULL,0,NULL,NULL,'ENTRADA',722,NULL),(5892,257,NULL,0,NULL,NULL,'ENTRADA',722,NULL),(5893,258,NULL,0,NULL,NULL,'ENTRADA',722,NULL),(5894,259,NULL,0,NULL,NULL,'ENTRADA',722,NULL),(5895,260,NULL,0,NULL,NULL,'ENTRADA',722,NULL),(5896,261,NULL,0,NULL,NULL,'ENTRADA',722,NULL),(5897,262,NULL,0,NULL,NULL,'ENTRADA',723,NULL),(5898,263,NULL,0,NULL,NULL,'ENTRADA',723,NULL),(5899,264,NULL,0,NULL,NULL,'ENTRADA',723,NULL),(5900,265,NULL,0,NULL,NULL,'ENTRADA',723,NULL),(5901,266,NULL,0,NULL,NULL,'ENTRADA',723,NULL),(5902,216,NULL,0,NULL,NULL,'ENTRADA',724,NULL),(5903,217,NULL,0,NULL,NULL,'ENTRADA',724,NULL),(5904,218,NULL,0,NULL,NULL,'ENTRADA',724,NULL),(5905,219,NULL,0,NULL,NULL,'ENTRADA',724,NULL),(5906,220,NULL,2110,NULL,NULL,'ENTRADA',724,NULL),(5907,114,135,6185,NULL,NULL,'SALIDA',NULL,NULL),(5908,113,135,410,NULL,NULL,'SALIDA',NULL,NULL),(5909,121,135,1939,NULL,NULL,'ENTRADA',NULL,NULL),(6192,120,NULL,0,NULL,NULL,'ENTRADA',773,NULL),(6193,119,NULL,0,NULL,NULL,'ENTRADA',773,NULL),(6194,118,NULL,0,NULL,NULL,'ENTRADA',773,NULL),(6195,117,NULL,0,NULL,NULL,'ENTRADA',773,NULL),(6196,116,NULL,0,NULL,NULL,'ENTRADA',773,NULL),(6197,115,NULL,0,NULL,NULL,'ENTRADA',773,NULL),(6198,114,NULL,86668,NULL,NULL,'ENTRADA',773,NULL),(6199,113,NULL,40882,NULL,NULL,'ENTRADA',773,NULL),(6200,127,NULL,0,NULL,NULL,'ENTRADA',774,NULL),(6201,126,NULL,0,NULL,NULL,'ENTRADA',774,NULL),(6202,125,NULL,0,NULL,NULL,'ENTRADA',774,NULL),(6203,124,NULL,0,NULL,NULL,'ENTRADA',774,NULL),(6204,123,NULL,0,NULL,NULL,'ENTRADA',774,NULL),(6205,122,NULL,0,NULL,NULL,'ENTRADA',774,NULL),(6206,121,NULL,19315,NULL,NULL,'ENTRADA',774,NULL),(6207,134,NULL,0,NULL,NULL,'ENTRADA',775,NULL),(6208,133,NULL,0,NULL,NULL,'ENTRADA',775,NULL),(6209,132,NULL,0,NULL,NULL,'ENTRADA',775,NULL),(6210,131,NULL,0,NULL,NULL,'ENTRADA',775,NULL),(6211,130,NULL,0,NULL,NULL,'ENTRADA',775,NULL),(6212,129,NULL,181,NULL,NULL,'ENTRADA',775,NULL),(6213,128,NULL,503,NULL,NULL,'ENTRADA',775,NULL),(6214,180,NULL,0,NULL,NULL,'ENTRADA',776,NULL),(6215,181,NULL,0,NULL,NULL,'ENTRADA',776,NULL),(6216,182,NULL,0,NULL,NULL,'ENTRADA',776,NULL),(6217,183,NULL,8,NULL,NULL,'ENTRADA',776,NULL),(6218,199,NULL,0,NULL,NULL,'ENTRADA',777,NULL),(6219,200,NULL,0,NULL,NULL,'ENTRADA',777,NULL),(6220,201,NULL,0,NULL,NULL,'ENTRADA',777,NULL),(6221,202,NULL,0,NULL,NULL,'ENTRADA',777,NULL),(6222,203,NULL,79,NULL,NULL,'ENTRADA',777,NULL),(6223,204,NULL,0,NULL,NULL,'ENTRADA',778,NULL),(6224,205,NULL,0,NULL,NULL,'ENTRADA',778,NULL),(6225,206,NULL,0,NULL,NULL,'ENTRADA',778,NULL),(6226,207,NULL,0,NULL,NULL,'ENTRADA',778,NULL),(6227,208,NULL,0,NULL,NULL,'ENTRADA',778,NULL),(6228,209,NULL,0,NULL,NULL,'ENTRADA',778,NULL),(6229,210,NULL,0,NULL,NULL,'ENTRADA',779,NULL),(6230,211,NULL,0,NULL,NULL,'ENTRADA',779,NULL),(6231,212,NULL,0,NULL,NULL,'ENTRADA',779,NULL),(6232,213,NULL,0,NULL,NULL,'ENTRADA',779,NULL),(6233,214,NULL,0,NULL,NULL,'ENTRADA',779,NULL),(6234,215,NULL,0,NULL,NULL,'ENTRADA',779,NULL),(6235,216,NULL,0,NULL,NULL,'ENTRADA',780,NULL),(6236,217,NULL,0,NULL,NULL,'ENTRADA',780,NULL),(6237,218,NULL,0,NULL,NULL,'ENTRADA',780,NULL),(6238,219,NULL,0,NULL,NULL,'ENTRADA',780,NULL),(6239,220,NULL,518,NULL,NULL,'ENTRADA',780,NULL),(6240,221,NULL,0,NULL,NULL,'ENTRADA',781,NULL),(6241,222,NULL,0,NULL,NULL,'ENTRADA',781,NULL),(6242,223,NULL,0,NULL,NULL,'ENTRADA',781,NULL),(6243,224,NULL,0,NULL,NULL,'ENTRADA',781,NULL),(6244,225,NULL,34,NULL,NULL,'ENTRADA',781,NULL),(6245,226,NULL,0,NULL,NULL,'ENTRADA',782,NULL),(6246,227,NULL,0,NULL,NULL,'ENTRADA',782,NULL),(6247,228,NULL,0,NULL,NULL,'ENTRADA',782,NULL),(6248,229,NULL,0,NULL,NULL,'ENTRADA',782,NULL),(6249,230,NULL,0,NULL,NULL,'ENTRADA',782,NULL),(6250,231,NULL,0,NULL,NULL,'ENTRADA',782,NULL),(6251,232,NULL,0,NULL,NULL,'ENTRADA',782,NULL),(6252,233,NULL,15024,NULL,NULL,'ENTRADA',782,NULL),(6253,234,NULL,0,NULL,NULL,'ENTRADA',783,NULL),(6254,235,NULL,0,NULL,NULL,'ENTRADA',783,NULL),(6255,236,NULL,0,NULL,NULL,'ENTRADA',783,NULL),(6256,237,NULL,0,NULL,NULL,'ENTRADA',783,NULL),(6257,238,NULL,70,NULL,NULL,'ENTRADA',783,NULL),(6258,239,NULL,0,NULL,NULL,'ENTRADA',784,NULL),(6259,240,NULL,0,NULL,NULL,'ENTRADA',784,NULL),(6260,241,NULL,0,NULL,NULL,'ENTRADA',784,NULL),(6261,242,NULL,0,NULL,NULL,'ENTRADA',784,NULL),(6262,243,NULL,0,NULL,NULL,'ENTRADA',784,NULL),(6263,244,NULL,7,NULL,NULL,'ENTRADA',784,NULL),(6264,245,NULL,0,NULL,NULL,'ENTRADA',785,NULL),(6265,246,NULL,0,NULL,NULL,'ENTRADA',785,NULL),(6266,247,NULL,0,NULL,NULL,'ENTRADA',785,NULL),(6267,248,NULL,3,NULL,NULL,'ENTRADA',785,NULL),(6268,249,NULL,0,NULL,NULL,'ENTRADA',786,NULL),(6269,250,NULL,0,NULL,NULL,'ENTRADA',786,NULL),(6270,251,NULL,0,NULL,NULL,'ENTRADA',786,NULL),(6271,252,NULL,0,NULL,NULL,'ENTRADA',786,NULL),(6272,253,NULL,0,NULL,NULL,'ENTRADA',786,NULL),(6273,254,NULL,0,NULL,NULL,'ENTRADA',786,NULL),(6274,255,NULL,71,NULL,NULL,'ENTRADA',786,NULL),(6275,256,NULL,0,NULL,NULL,'ENTRADA',787,NULL),(6276,257,NULL,0,NULL,NULL,'ENTRADA',787,NULL),(6277,258,NULL,0,NULL,NULL,'ENTRADA',787,NULL),(6278,259,NULL,0,NULL,NULL,'ENTRADA',787,NULL),(6279,260,NULL,0,NULL,NULL,'ENTRADA',787,NULL),(6280,261,NULL,0,NULL,NULL,'ENTRADA',787,NULL),(6281,262,NULL,0,NULL,NULL,'ENTRADA',788,NULL),(6282,263,NULL,0,NULL,NULL,'ENTRADA',788,NULL),(6283,264,NULL,0,NULL,NULL,'ENTRADA',788,NULL),(6284,265,NULL,0,NULL,NULL,'ENTRADA',788,NULL),(6285,266,NULL,0,NULL,NULL,'ENTRADA',788,NULL),(6286,113,136,600,NULL,NULL,'SALIDA',NULL,NULL),(6287,114,136,20185,NULL,NULL,'SALIDA',NULL,NULL),(6288,121,136,6308,NULL,NULL,'ENTRADA',NULL,NULL),(6289,121,137,414,NULL,NULL,'SALIDA',NULL,NULL),(6290,114,137,1362,NULL,NULL,'ENTRADA',NULL,NULL),(6291,113,137,60,NULL,NULL,'ENTRADA',NULL,NULL),(6292,121,138,3671,NULL,NULL,'SALIDA',NULL,NULL),(6293,114,138,12114,NULL,NULL,'ENTRADA',NULL,NULL),(6294,113,138,300,NULL,NULL,'ENTRADA',NULL,NULL),(6295,121,139,2637,NULL,NULL,'SALIDA',NULL,NULL),(6296,114,139,8715,NULL,NULL,'ENTRADA',NULL,NULL),(6297,113,139,285,NULL,NULL,'ENTRADA',NULL,NULL),(6298,121,140,400,NULL,NULL,'SALIDA',NULL,NULL),(6299,114,140,1332,NULL,NULL,'ENTRADA',NULL,NULL),(6300,114,141,357,NULL,NULL,'SALIDA',NULL,NULL),(6301,129,141,10,NULL,NULL,'ENTRADA',NULL,NULL),(6302,114,142,1038,NULL,NULL,'SALIDA',NULL,NULL),(6303,113,142,200,NULL,NULL,'SALIDA',NULL,NULL),(6304,129,142,29,NULL,NULL,'ENTRADA',NULL,NULL),(6305,113,143,300,NULL,NULL,'SALIDA',NULL,NULL),(6306,114,143,5995,NULL,NULL,'SALIDA',NULL,NULL),(6307,129,143,167,NULL,NULL,'ENTRADA',NULL,NULL),(6308,113,144,400,NULL,NULL,'SALIDA',NULL,NULL),(6309,114,144,5,NULL,NULL,'SALIDA',NULL,NULL),(6310,233,144,18,NULL,NULL,'ENTRADA',NULL,NULL),(6311,113,NULL,0,9,NULL,'SALIDA',NULL,NULL),(6312,120,NULL,0,9,NULL,'SALIDA',NULL,NULL),(6313,118,NULL,0,9,NULL,'SALIDA',NULL,NULL),(6314,119,NULL,0,9,NULL,'SALIDA',NULL,NULL),(6315,116,NULL,0,9,NULL,'SALIDA',NULL,NULL),(6316,117,NULL,0,9,NULL,'SALIDA',NULL,NULL),(6317,114,NULL,15,9,NULL,'SALIDA',NULL,NULL),(6318,115,NULL,0,9,NULL,'SALIDA',NULL,NULL),(6319,129,145,25,NULL,NULL,'SALIDA',NULL,NULL),(6320,114,145,925,NULL,NULL,'ENTRADA',NULL,NULL),(6603,120,NULL,0,NULL,NULL,'ENTRADA',837,NULL),(6604,119,NULL,0,NULL,NULL,'ENTRADA',837,NULL),(6605,118,NULL,0,NULL,NULL,'ENTRADA',837,NULL),(6606,117,NULL,0,NULL,NULL,'ENTRADA',837,NULL),(6607,116,NULL,0,NULL,NULL,'ENTRADA',837,NULL),(6608,115,NULL,0,NULL,NULL,'ENTRADA',837,NULL),(6609,114,NULL,116715,NULL,NULL,'ENTRADA',837,NULL),(6610,113,NULL,61388,NULL,NULL,'ENTRADA',837,NULL),(6611,127,NULL,0,NULL,NULL,'ENTRADA',838,NULL),(6612,126,NULL,0,NULL,NULL,'ENTRADA',838,NULL),(6613,125,NULL,0,NULL,NULL,'ENTRADA',838,NULL),(6614,124,NULL,0,NULL,NULL,'ENTRADA',838,NULL),(6615,123,NULL,0,NULL,NULL,'ENTRADA',838,NULL),(6616,122,NULL,0,NULL,NULL,'ENTRADA',838,NULL),(6617,121,NULL,13141,NULL,NULL,'ENTRADA',838,NULL),(6618,134,NULL,0,NULL,NULL,'ENTRADA',839,NULL),(6619,133,NULL,0,NULL,NULL,'ENTRADA',839,NULL),(6620,132,NULL,0,NULL,NULL,'ENTRADA',839,NULL),(6621,131,NULL,0,NULL,NULL,'ENTRADA',839,NULL),(6622,130,NULL,0,NULL,NULL,'ENTRADA',839,NULL),(6623,129,NULL,10,NULL,NULL,'ENTRADA',839,NULL),(6624,128,NULL,72,NULL,NULL,'ENTRADA',839,NULL),(6625,180,NULL,0,NULL,NULL,'ENTRADA',840,NULL),(6626,181,NULL,0,NULL,NULL,'ENTRADA',840,NULL),(6627,182,NULL,0,NULL,NULL,'ENTRADA',840,NULL),(6628,183,NULL,0,NULL,NULL,'ENTRADA',840,NULL),(6629,199,NULL,0,NULL,NULL,'ENTRADA',841,NULL),(6630,200,NULL,0,NULL,NULL,'ENTRADA',841,NULL),(6631,201,NULL,0,NULL,NULL,'ENTRADA',841,NULL),(6632,202,NULL,0,NULL,NULL,'ENTRADA',841,NULL),(6633,203,NULL,39,NULL,NULL,'ENTRADA',841,NULL),(6634,204,NULL,0,NULL,NULL,'ENTRADA',842,NULL),(6635,205,NULL,0,NULL,NULL,'ENTRADA',842,NULL),(6636,206,NULL,0,NULL,NULL,'ENTRADA',842,NULL),(6637,207,NULL,0,NULL,NULL,'ENTRADA',842,NULL),(6638,208,NULL,1,NULL,NULL,'ENTRADA',842,NULL),(6639,209,NULL,1,NULL,NULL,'ENTRADA',842,NULL),(6640,210,NULL,0,NULL,NULL,'ENTRADA',843,NULL),(6641,211,NULL,0,NULL,NULL,'ENTRADA',843,NULL),(6642,212,NULL,0,NULL,NULL,'ENTRADA',843,NULL),(6643,213,NULL,0,NULL,NULL,'ENTRADA',843,NULL),(6644,214,NULL,0,NULL,NULL,'ENTRADA',843,NULL),(6645,215,NULL,1690,NULL,NULL,'ENTRADA',843,NULL),(6646,216,NULL,0,NULL,NULL,'ENTRADA',844,NULL),(6647,217,NULL,0,NULL,NULL,'ENTRADA',844,NULL),(6648,218,NULL,0,NULL,NULL,'ENTRADA',844,NULL),(6649,219,NULL,0,NULL,NULL,'ENTRADA',844,NULL),(6650,220,NULL,367,NULL,NULL,'ENTRADA',844,NULL),(6651,221,NULL,0,NULL,NULL,'ENTRADA',845,NULL),(6652,222,NULL,0,NULL,NULL,'ENTRADA',845,NULL),(6653,223,NULL,0,NULL,NULL,'ENTRADA',845,NULL),(6654,224,NULL,0,NULL,NULL,'ENTRADA',845,NULL),(6655,225,NULL,0,NULL,NULL,'ENTRADA',845,NULL),(6656,226,NULL,0,NULL,NULL,'ENTRADA',846,NULL),(6657,227,NULL,0,NULL,NULL,'ENTRADA',846,NULL),(6658,228,NULL,0,NULL,NULL,'ENTRADA',846,NULL),(6659,229,NULL,0,NULL,NULL,'ENTRADA',846,NULL),(6660,230,NULL,0,NULL,NULL,'ENTRADA',846,NULL),(6661,231,NULL,0,NULL,NULL,'ENTRADA',846,NULL),(6662,232,NULL,0,NULL,NULL,'ENTRADA',846,NULL),(6663,233,NULL,62,NULL,NULL,'ENTRADA',846,NULL),(6664,234,NULL,0,NULL,NULL,'ENTRADA',847,NULL),(6665,235,NULL,0,NULL,NULL,'ENTRADA',847,NULL),(6666,236,NULL,0,NULL,NULL,'ENTRADA',847,NULL),(6667,237,NULL,0,NULL,NULL,'ENTRADA',847,NULL),(6668,238,NULL,78,NULL,NULL,'ENTRADA',847,NULL),(6669,239,NULL,0,NULL,NULL,'ENTRADA',848,NULL),(6670,240,NULL,0,NULL,NULL,'ENTRADA',848,NULL),(6671,241,NULL,0,NULL,NULL,'ENTRADA',848,NULL),(6672,242,NULL,0,NULL,NULL,'ENTRADA',848,NULL),(6673,243,NULL,0,NULL,NULL,'ENTRADA',848,NULL),(6674,244,NULL,42,NULL,NULL,'ENTRADA',848,NULL),(6675,245,NULL,0,NULL,NULL,'ENTRADA',849,NULL),(6676,246,NULL,0,NULL,NULL,'ENTRADA',849,NULL),(6677,247,NULL,0,NULL,NULL,'ENTRADA',849,NULL),(6678,248,NULL,0,NULL,NULL,'ENTRADA',849,NULL),(6679,249,NULL,0,NULL,NULL,'ENTRADA',850,NULL),(6680,250,NULL,0,NULL,NULL,'ENTRADA',850,NULL),(6681,251,NULL,0,NULL,NULL,'ENTRADA',850,NULL),(6682,252,NULL,0,NULL,NULL,'ENTRADA',850,NULL),(6683,253,NULL,0,NULL,NULL,'ENTRADA',850,NULL),(6684,254,NULL,0,NULL,NULL,'ENTRADA',850,NULL),(6685,255,NULL,1,NULL,NULL,'ENTRADA',850,NULL),(6686,256,NULL,0,NULL,NULL,'ENTRADA',851,NULL),(6687,257,NULL,0,NULL,NULL,'ENTRADA',851,NULL),(6688,258,NULL,0,NULL,NULL,'ENTRADA',851,NULL),(6689,259,NULL,0,NULL,NULL,'ENTRADA',851,NULL),(6690,260,NULL,0,NULL,NULL,'ENTRADA',851,NULL),(6691,261,NULL,0,NULL,NULL,'ENTRADA',851,NULL),(6692,262,NULL,0,NULL,NULL,'ENTRADA',852,NULL),(6693,263,NULL,0,NULL,NULL,'ENTRADA',852,NULL),(6694,264,NULL,0,NULL,NULL,'ENTRADA',852,NULL),(6695,265,NULL,0,NULL,NULL,'ENTRADA',852,NULL),(6696,266,NULL,0,NULL,NULL,'ENTRADA',852,NULL),(6697,114,146,7574,NULL,NULL,'SALIDA',NULL,NULL),(6698,113,146,400,NULL,NULL,'SALIDA',NULL,NULL),(6699,121,146,2367,NULL,NULL,'ENTRADA',NULL,NULL),(6700,121,147,3055,NULL,NULL,'SALIDA',NULL,NULL),(6701,113,147,400,NULL,NULL,'ENTRADA',NULL,NULL),(6702,114,147,10020,NULL,NULL,'ENTRADA',NULL,NULL),(6703,121,148,8164,NULL,NULL,'SALIDA',NULL,NULL),(6704,113,148,560,NULL,NULL,'ENTRADA',NULL,NULL),(6705,114,148,26859,NULL,NULL,'ENTRADA',NULL,NULL),(6706,121,149,695,NULL,NULL,'SALIDA',NULL,NULL),(6707,113,149,25,NULL,NULL,'ENTRADA',NULL,NULL),(6708,114,149,2290,NULL,NULL,'ENTRADA',NULL,NULL),(6709,114,150,716,NULL,NULL,'SALIDA',NULL,NULL),(6710,129,150,20,NULL,NULL,'ENTRADA',NULL,NULL),(6711,128,151,180,NULL,NULL,'SALIDA',NULL,NULL),(6712,129,151,10,NULL,NULL,'SALIDA',NULL,NULL),(6713,114,151,3670,NULL,NULL,'ENTRADA',NULL,NULL),(6714,128,152,4,NULL,NULL,'SALIDA',NULL,NULL),(6715,114,152,73,NULL,NULL,'ENTRADA',NULL,NULL),(6716,113,152,600,NULL,NULL,'ENTRADA',NULL,NULL),(6717,183,153,2,NULL,NULL,'SALIDA',NULL,NULL),(6718,114,153,43,NULL,NULL,'ENTRADA',NULL,NULL),(6719,113,154,400,NULL,NULL,'SALIDA',NULL,NULL),(6720,114,154,49,NULL,NULL,'SALIDA',NULL,NULL),(6721,203,154,4,NULL,NULL,'ENTRADA',NULL,NULL),(6722,119,NULL,0,10,NULL,'SALIDA',NULL,NULL),(6723,120,NULL,0,10,NULL,'SALIDA',NULL,NULL),(6724,117,NULL,0,10,NULL,'SALIDA',NULL,NULL),(6725,118,NULL,0,10,NULL,'SALIDA',NULL,NULL),(6726,114,NULL,1,10,NULL,'SALIDA',NULL,NULL),(6727,115,NULL,0,10,NULL,'SALIDA',NULL,NULL),(6728,116,NULL,0,10,NULL,'SALIDA',NULL,NULL),(6729,113,NULL,900,10,NULL,'SALIDA',NULL,NULL),(7012,120,NULL,0,NULL,NULL,'ENTRADA',901,NULL),(7013,119,NULL,0,NULL,NULL,'ENTRADA',901,NULL),(7014,118,NULL,0,NULL,NULL,'ENTRADA',901,NULL),(7015,117,NULL,0,NULL,NULL,'ENTRADA',901,NULL),(7016,116,NULL,0,NULL,NULL,'ENTRADA',901,NULL),(7017,115,NULL,0,NULL,NULL,'ENTRADA',901,NULL),(7018,114,NULL,35978,NULL,NULL,'ENTRADA',901,NULL),(7019,113,NULL,14549,NULL,NULL,'ENTRADA',901,NULL),(7020,127,NULL,0,NULL,NULL,'ENTRADA',902,NULL),(7021,126,NULL,0,NULL,NULL,'ENTRADA',902,NULL),(7022,125,NULL,0,NULL,NULL,'ENTRADA',902,NULL),(7023,124,NULL,0,NULL,NULL,'ENTRADA',902,NULL),(7024,123,NULL,0,NULL,NULL,'ENTRADA',902,NULL),(7025,122,NULL,0,NULL,NULL,'ENTRADA',902,NULL),(7026,121,NULL,15547,NULL,NULL,'ENTRADA',902,NULL),(7027,134,NULL,0,NULL,NULL,'ENTRADA',903,NULL),(7028,133,NULL,0,NULL,NULL,'ENTRADA',903,NULL),(7029,132,NULL,0,NULL,NULL,'ENTRADA',903,NULL),(7030,131,NULL,0,NULL,NULL,'ENTRADA',903,NULL),(7031,130,NULL,0,NULL,NULL,'ENTRADA',903,NULL),(7032,129,NULL,0,NULL,NULL,'ENTRADA',903,NULL),(7033,128,NULL,216,NULL,NULL,'ENTRADA',903,NULL),(7034,180,NULL,0,NULL,NULL,'ENTRADA',904,NULL),(7035,181,NULL,0,NULL,NULL,'ENTRADA',904,NULL),(7036,182,NULL,0,NULL,NULL,'ENTRADA',904,NULL),(7037,183,NULL,20,NULL,NULL,'ENTRADA',904,NULL),(7038,199,NULL,0,NULL,NULL,'ENTRADA',905,NULL),(7039,200,NULL,0,NULL,NULL,'ENTRADA',905,NULL),(7040,201,NULL,0,NULL,NULL,'ENTRADA',905,NULL),(7041,202,NULL,0,NULL,NULL,'ENTRADA',905,NULL),(7042,203,NULL,383,NULL,NULL,'ENTRADA',905,NULL),(7043,204,NULL,0,NULL,NULL,'ENTRADA',906,NULL),(7044,205,NULL,0,NULL,NULL,'ENTRADA',906,NULL),(7045,206,NULL,0,NULL,NULL,'ENTRADA',906,NULL),(7046,207,NULL,0,NULL,NULL,'ENTRADA',906,NULL),(7047,208,NULL,0,NULL,NULL,'ENTRADA',906,NULL),(7048,209,NULL,275,NULL,NULL,'ENTRADA',906,NULL),(7049,210,NULL,0,NULL,NULL,'ENTRADA',907,NULL),(7050,211,NULL,0,NULL,NULL,'ENTRADA',907,NULL),(7051,212,NULL,0,NULL,NULL,'ENTRADA',907,NULL),(7052,213,NULL,0,NULL,NULL,'ENTRADA',907,NULL),(7053,214,NULL,0,NULL,NULL,'ENTRADA',907,NULL),(7054,215,NULL,144,NULL,NULL,'ENTRADA',907,NULL),(7055,216,NULL,0,NULL,NULL,'ENTRADA',908,NULL),(7056,217,NULL,0,NULL,NULL,'ENTRADA',908,NULL),(7057,218,NULL,0,NULL,NULL,'ENTRADA',908,NULL),(7058,219,NULL,0,NULL,NULL,'ENTRADA',908,NULL),(7059,220,NULL,47,NULL,NULL,'ENTRADA',908,NULL),(7060,221,NULL,0,NULL,NULL,'ENTRADA',909,NULL),(7061,222,NULL,0,NULL,NULL,'ENTRADA',909,NULL),(7062,223,NULL,0,NULL,NULL,'ENTRADA',909,NULL),(7063,224,NULL,0,NULL,NULL,'ENTRADA',909,NULL),(7064,225,NULL,72,NULL,NULL,'ENTRADA',909,NULL),(7065,226,NULL,0,NULL,NULL,'ENTRADA',910,NULL),(7066,227,NULL,0,NULL,NULL,'ENTRADA',910,NULL),(7067,228,NULL,0,NULL,NULL,'ENTRADA',910,NULL),(7068,229,NULL,0,NULL,NULL,'ENTRADA',910,NULL),(7069,230,NULL,0,NULL,NULL,'ENTRADA',910,NULL),(7070,231,NULL,0,NULL,NULL,'ENTRADA',910,NULL),(7071,232,NULL,0,NULL,NULL,'ENTRADA',910,NULL),(7072,233,NULL,1451,NULL,NULL,'ENTRADA',910,NULL),(7073,234,NULL,0,NULL,NULL,'ENTRADA',911,NULL),(7074,235,NULL,0,NULL,NULL,'ENTRADA',911,NULL),(7075,236,NULL,0,NULL,NULL,'ENTRADA',911,NULL),(7076,237,NULL,0,NULL,NULL,'ENTRADA',911,NULL),(7077,238,NULL,27,NULL,NULL,'ENTRADA',911,NULL),(7078,239,NULL,0,NULL,NULL,'ENTRADA',912,NULL),(7079,240,NULL,0,NULL,NULL,'ENTRADA',912,NULL),(7080,241,NULL,0,NULL,NULL,'ENTRADA',912,NULL),(7081,242,NULL,0,NULL,NULL,'ENTRADA',912,NULL),(7082,243,NULL,0,NULL,NULL,'ENTRADA',912,NULL),(7083,244,NULL,68,NULL,NULL,'ENTRADA',912,NULL),(7084,245,NULL,0,NULL,NULL,'ENTRADA',913,NULL),(7085,246,NULL,0,NULL,NULL,'ENTRADA',913,NULL),(7086,247,NULL,0,NULL,NULL,'ENTRADA',913,NULL),(7087,248,NULL,2,NULL,NULL,'ENTRADA',913,NULL),(7088,249,NULL,0,NULL,NULL,'ENTRADA',914,NULL),(7089,250,NULL,0,NULL,NULL,'ENTRADA',914,NULL),(7090,251,NULL,0,NULL,NULL,'ENTRADA',914,NULL),(7091,252,NULL,0,NULL,NULL,'ENTRADA',914,NULL),(7092,253,NULL,0,NULL,NULL,'ENTRADA',914,NULL),(7093,254,NULL,0,NULL,NULL,'ENTRADA',914,NULL),(7094,255,NULL,0,NULL,NULL,'ENTRADA',914,NULL),(7095,256,NULL,0,NULL,NULL,'ENTRADA',915,NULL),(7096,257,NULL,0,NULL,NULL,'ENTRADA',915,NULL),(7097,258,NULL,0,NULL,NULL,'ENTRADA',915,NULL),(7098,259,NULL,0,NULL,NULL,'ENTRADA',915,NULL),(7099,260,NULL,0,NULL,NULL,'ENTRADA',915,NULL),(7100,261,NULL,0,NULL,NULL,'ENTRADA',915,NULL),(7101,262,NULL,0,NULL,NULL,'ENTRADA',916,NULL),(7102,263,NULL,0,NULL,NULL,'ENTRADA',916,NULL),(7103,264,NULL,0,NULL,NULL,'ENTRADA',916,NULL),(7104,265,NULL,0,NULL,NULL,'ENTRADA',916,NULL),(7105,266,NULL,0,NULL,NULL,'ENTRADA',916,NULL),(7106,114,155,13625,NULL,NULL,'SALIDA',NULL,NULL),(7107,113,155,600,NULL,NULL,'SALIDA',NULL,NULL),(7108,121,155,4258,NULL,NULL,'ENTRADA',NULL,NULL),(7109,121,156,1890,NULL,NULL,'SALIDA',NULL,NULL),(7110,114,156,6199,NULL,NULL,'ENTRADA',NULL,NULL),(7111,113,156,200,NULL,NULL,'ENTRADA',NULL,NULL),(7112,121,157,1673,NULL,NULL,'SALIDA',NULL,NULL),(7113,114,157,5504,NULL,NULL,'ENTRADA',NULL,NULL),(7114,113,157,170,NULL,NULL,'ENTRADA',NULL,NULL),(7115,121,158,899,NULL,NULL,'SALIDA',NULL,NULL),(7116,113,158,205,NULL,NULL,'ENTRADA',NULL,NULL),(7117,114,158,2962,NULL,NULL,'ENTRADA',NULL,NULL),(7118,114,159,2148,NULL,NULL,'SALIDA',NULL,NULL),(7119,128,159,120,NULL,NULL,'ENTRADA',NULL,NULL),(7120,128,160,8,NULL,NULL,'SALIDA',NULL,NULL),(7121,129,160,200,NULL,NULL,'SALIDA',NULL,NULL),(7122,114,160,7486,NULL,NULL,'ENTRADA',NULL,NULL),(7123,113,160,800,NULL,NULL,'ENTRADA',NULL,NULL);
/*!40000 ALTER TABLE `denominacion_cantidad` ENABLE KEYS */;
UNLOCK TABLES;

--
-- Table structure for table `empresa`
--

DROP TABLE IF EXISTS `empresa`;
/*!40101 SET @saved_cs_client     = @@character_set_client */;
/*!40101 SET character_set_client = utf8 */;
CREATE TABLE `empresa` (
  `id` bigint(20) NOT NULL AUTO_INCREMENT,
  `nit` varchar(45) NOT NULL,
  `razon_social` varchar(150) NOT NULL,
  `direccion` varchar(100) NOT NULL,
  `ciiu` varchar(150) NOT NULL,
  `concepto` varchar(150) DEFAULT NULL,
  PRIMARY KEY (`id`)
) ENGINE=InnoDB DEFAULT CHARSET=utf8;
/*!40101 SET character_set_client = @saved_cs_client */;

--
-- Dumping data for table `empresa`
--

LOCK TABLES `empresa` WRITE;
/*!40000 ALTER TABLE `empresa` DISABLE KEYS */;
/*!40000 ALTER TABLE `empresa` ENABLE KEYS */;
UNLOCK TABLES;

--
-- Table structure for table `flujo_extraordinario`
--

DROP TABLE IF EXISTS `flujo_extraordinario`;
/*!40101 SET @saved_cs_client     = @@character_set_client */;
/*!40101 SET character_set_client = utf8 */;
CREATE TABLE `flujo_extraordinario` (
  `id` bigint(20) NOT NULL AUTO_INCREMENT,
  `idsoipc` varchar(450) DEFAULT NULL,
  `tipo` varchar(20) NOT NULL,
  `valor` decimal(15,2) NOT NULL,
  `turno` bigint(20) NOT NULL,
  `fecha` datetime NOT NULL,
  `estado` varchar(20) NOT NULL,
  `fx` bigint(20) NOT NULL,
  `descripcion` varchar(256) DEFAULT NULL,
  `criterio` varchar(100) NOT NULL,
  `naturaleza` varchar(100) DEFAULT NULL,
  `receptor` varchar(100) DEFAULT NULL,
  `cuenta` varchar(100) DEFAULT NULL,
  `concepto` varchar(100) DEFAULT NULL,
  PRIMARY KEY (`id`),
  KEY `flujo_extraordinario_turno_FK` (`turno`),
  KEY `flujo_extraordinario_fx_FK` (`fx`),
  CONSTRAINT `flujo_extraordinario_fx_FK` FOREIGN KEY (`fx`) REFERENCES `fx` (`id`) ON UPDATE CASCADE,
  CONSTRAINT `flujo_extraordinario_turno_FK` FOREIGN KEY (`turno`) REFERENCES `turno` (`id`) ON UPDATE CASCADE
) ENGINE=InnoDB AUTO_INCREMENT=11 DEFAULT CHARSET=utf8;
/*!40101 SET character_set_client = @saved_cs_client */;

--
-- Dumping data for table `flujo_extraordinario`
--

LOCK TABLES `flujo_extraordinario` WRITE;
/*!40000 ALTER TABLE `flujo_extraordinario` DISABLE KEYS */;
INSERT INTO `flujo_extraordinario` VALUES (5,NULL,'EGRESO',663113.00,56,'2019-10-15 17:31:04','EJECUTADO',1,NULL,'PROVEEDORES','OPERACION','SUCURSAL-1',NULL,'VARIOS'),(6,NULL,'EGRESO',6000000.00,56,'2019-10-15 17:42:03','EJECUTADO',1,NULL,'NOMINA','OPERACION','SUCURSAL-1',NULL,'AJUSTES VARIOS'),(7,NULL,'EGRESO',8000.00,57,'2019-10-15 18:04:45','EJECUTADO',1,NULL,'PROVEEDORES','OPERACION','SUCURSAL-2',NULL,'AGUA CRISTAL'),(8,NULL,'EGRESO',53550.00,58,'2019-10-15 18:20:07','EJECUTADO',1,NULL,'SERVICIOS','OPERACION','SUCURSAL-3',NULL,'Servicio Agua'),(9,NULL,'EGRESO',15000.00,59,'2019-10-15 18:40:27','EJECUTADO',1,NULL,'TRANSPORTE','OPERACION','SUCURSAL-4',NULL,'Parqueadero'),(10,NULL,'EGRESO',1900.00,60,'2019-10-15 19:06:20','EJECUTADO',1,NULL,'TRANSPORTE','OPERACION','SUCURSAL-6',NULL,'Flete');
/*!40000 ALTER TABLE `flujo_extraordinario` ENABLE KEYS */;
UNLOCK TABLES;

--
-- Table structure for table `fondeo`
--

DROP TABLE IF EXISTS `fondeo`;
/*!40101 SET @saved_cs_client     = @@character_set_client */;
/*!40101 SET character_set_client = utf8 */;
CREATE TABLE `fondeo` (
  `id` bigint(20) NOT NULL AUTO_INCREMENT,
  `fecha` datetime NOT NULL,
  `sucursal` bigint(20) DEFAULT NULL,
  `turno_origen` bigint(20) DEFAULT NULL,
  `turno_destino` bigint(20) DEFAULT NULL,
  `estado` varchar(20) NOT NULL,
  `valor_giro` decimal(14,2) NOT NULL,
  `fx` bigint(20) NOT NULL,
  PRIMARY KEY (`id`),
  KEY `fk_usuario_traslados_idx` (`turno_origen`),
  KEY `fk_usuario_traslados_idx1` (`turno_destino`),
  KEY `fk_fx_traslado_idx` (`fx`),
  KEY `fk_sucursal_destino_idx` (`sucursal`),
  CONSTRAINT `fk_fx_fondeo` FOREIGN KEY (`fx`) REFERENCES `fx` (`id`) ON UPDATE CASCADE,
  CONSTRAINT `fondeo_turno_FK` FOREIGN KEY (`turno_origen`) REFERENCES `turno` (`id`) ON UPDATE CASCADE,
  CONSTRAINT `fondeo_turno_FK_1` FOREIGN KEY (`turno_destino`) REFERENCES `turno` (`id`) ON DELETE CASCADE
) ENGINE=InnoDB AUTO_INCREMENT=4 DEFAULT CHARSET=utf8;
/*!40101 SET character_set_client = @saved_cs_client */;

--
-- Dumping data for table `fondeo`
--

LOCK TABLES `fondeo` WRITE;
/*!40000 ALTER TABLE `fondeo` DISABLE KEYS */;
/*!40000 ALTER TABLE `fondeo` ENABLE KEYS */;
UNLOCK TABLES;

--
-- Table structure for table `functionality`
--

DROP TABLE IF EXISTS `functionality`;
/*!40101 SET @saved_cs_client     = @@character_set_client */;
/*!40101 SET character_set_client = utf8 */;
CREATE TABLE `functionality` (
  `id` bigint(20) NOT NULL AUTO_INCREMENT,
  `name` varchar(100) NOT NULL,
  `description` varchar(400) NOT NULL,
  `menu` bigint(20) DEFAULT NULL,
  PRIMARY KEY (`id`),
  UNIQUE KEY `name_UNIQUE` (`name`),
  UNIQUE KEY `menu_UNIQUE` (`menu`),
  KEY `fk_menu_functionalities_idx` (`menu`),
  CONSTRAINT `fk_menu_functionalities` FOREIGN KEY (`menu`) REFERENCES `menu` (`id`) ON UPDATE CASCADE
) ENGINE=InnoDB AUTO_INCREMENT=2 DEFAULT CHARSET=utf8;
/*!40101 SET character_set_client = @saved_cs_client */;

--
-- Dumping data for table `functionality`
--

LOCK TABLES `functionality` WRITE;
/*!40000 ALTER TABLE `functionality` DISABLE KEYS */;
/*!40000 ALTER TABLE `functionality` ENABLE KEYS */;
UNLOCK TABLES;

--
-- Table structure for table `functionality_resource`
--

DROP TABLE IF EXISTS `functionality_resource`;
/*!40101 SET @saved_cs_client     = @@character_set_client */;
/*!40101 SET character_set_client = utf8 */;
CREATE TABLE `functionality_resource` (
  `functionality` bigint(20) NOT NULL,
  `resource` bigint(20) NOT NULL,
  PRIMARY KEY (`functionality`,`resource`),
  KEY `fk_role_permission_permission_idx` (`resource`),
  CONSTRAINT `fk_functionality_resources` FOREIGN KEY (`functionality`) REFERENCES `functionality` (`id`) ON UPDATE CASCADE,
  CONSTRAINT `fk_resource_functionalities` FOREIGN KEY (`resource`) REFERENCES `resource` (`id`) ON UPDATE CASCADE
) ENGINE=InnoDB DEFAULT CHARSET=utf8;
/*!40101 SET character_set_client = @saved_cs_client */;

--
-- Dumping data for table `functionality_resource`
--

LOCK TABLES `functionality_resource` WRITE;
/*!40000 ALTER TABLE `functionality_resource` DISABLE KEYS */;
/*!40000 ALTER TABLE `functionality_resource` ENABLE KEYS */;
UNLOCK TABLES;

--
-- Table structure for table `fx`
--

DROP TABLE IF EXISTS `fx`;
/*!40101 SET @saved_cs_client     = @@character_set_client */;
/*!40101 SET character_set_client = utf8 */;
CREATE TABLE `fx` (
  `id` bigint(20) NOT NULL AUTO_INCREMENT,
  `cod` varchar(15) CHARACTER SET utf8 COLLATE utf8_bin NOT NULL,
  `concepto` varchar(245) NOT NULL,
  PRIMARY KEY (`id`),
  UNIQUE KEY `cod_UNIQUE` (`cod`)
) ENGINE=InnoDB AUTO_INCREMENT=27 DEFAULT CHARSET=utf8;
/*!40101 SET character_set_client = @saved_cs_client */;

--
-- Dumping data for table `fx`
--

LOCK TABLES `fx` WRITE;
/*!40000 ALTER TABLE `fx` DISABLE KEYS */;
INSERT INTO `fx` VALUES (1,'COP','Peso Colombiano'),(2,'USD','Dolar Americano'),(3,'EUR','Euro'),(11,'GBP','Libra Esterlina'),(15,'CAD','Dolar Canadiense'),(16,'MXN','Peso Mexicano'),(17,'BRL','Real Brasilero'),(18,'AUD','Dolar Australiano'),(19,'PEN','Sol Peruano'),(20,'ARS','Peso Argentino'),(21,'CLP','Peso Chileno'),(22,'CHF','Franco Suizo'),(23,'JPY','Yen JAPONES'),(24,'CNY','Yuan CHINO'),(25,'HKD','Dolar de HONG KONG'),(26,'KRW','Won SURCOREANO');
/*!40000 ALTER TABLE `fx` ENABLE KEYS */;
UNLOCK TABLES;

--
-- Table structure for table `fx_sucursal`
--

DROP TABLE IF EXISTS `fx_sucursal`;
/*!40101 SET @saved_cs_client     = @@character_set_client */;
/*!40101 SET character_set_client = utf8 */;
CREATE TABLE `fx_sucursal` (
  `id` bigint(20) NOT NULL AUTO_INCREMENT,
  `fx` bigint(20) NOT NULL,
  `sucursal` bigint(20) NOT NULL,
  `precio_compra` decimal(15,2) NOT NULL,
  `precio_venta` decimal(15,2) NOT NULL,
  `precio_valoracion` decimal(15,2) NOT NULL,
  PRIMARY KEY (`id`),
  UNIQUE KEY `idx_fx_sucursal` (`fx`,`sucursal`),
  KEY `fk_sucursal_fx_sucursales_idx` (`sucursal`),
  KEY `fk_fx_fx_sucursales_idx` (`fx`),
  CONSTRAINT `fk_fx_fx_sucursales` FOREIGN KEY (`fx`) REFERENCES `fx` (`id`) ON UPDATE CASCADE,
  CONSTRAINT `fk_sucursal_fx_sucursales` FOREIGN KEY (`sucursal`) REFERENCES `sucursal` (`id`) ON UPDATE CASCADE
) ENGINE=InnoDB AUTO_INCREMENT=103 DEFAULT CHARSET=utf8;
/*!40101 SET character_set_client = @saved_cs_client */;

--
-- Dumping data for table `fx_sucursal`
--

LOCK TABLES `fx_sucursal` WRITE;
/*!40000 ALTER TABLE `fx_sucursal` DISABLE KEYS */;
INSERT INTO `fx_sucursal` VALUES (9,2,1,3200.00,3290.00,3245.00),(10,3,1,3580.00,3670.00,3535.00),(11,11,1,4000.00,4250.00,4125.00),(12,15,1,2500.00,2660.00,2580.00),(13,16,1,160.00,195.00,177.00),(14,17,1,760.00,860.00,810.00),(15,18,1,1750.00,2300.00,2025.00),(16,19,1,770.00,1020.00,895.00),(17,20,1,45.00,50.00,47.50),(18,21,1,3.62,4.58,4.10),(19,22,1,2600.00,3295.00,2940.00),(20,23,1,24.30,30.78,27.54),(21,24,1,363.00,460.00,411.00),(22,25,1,330.00,420.00,375.00),(23,26,1,2.16,2.74,2.45),(24,2,2,3200.00,3290.00,3245.00),(25,3,2,3580.00,3670.00,3535.00),(26,11,2,4000.00,4250.00,4125.00),(27,15,2,2500.00,2660.00,2580.00),(28,16,2,160.00,195.00,177.00),(29,17,2,760.00,860.00,810.00),(30,18,2,1750.00,2300.00,2025.00),(31,19,2,770.00,1020.00,895.00),(32,20,2,45.00,50.00,47.50),(33,21,2,3.62,4.58,4.10),(34,22,2,2600.00,3295.00,2940.00),(35,23,2,24.30,30.78,27.54),(36,24,2,363.00,460.00,411.00),(37,25,2,330.00,420.00,375.00),(38,26,2,2.16,2.74,2.45),(41,2,3,3200.00,3290.00,3245.00),(42,3,3,3580.00,3670.00,3535.00),(43,11,3,4000.00,4250.00,4125.00),(44,15,3,2500.00,2660.00,2580.00),(45,16,3,160.00,195.00,177.00),(46,17,3,760.00,860.00,810.00),(47,18,3,1750.00,2300.00,2025.00),(48,19,3,770.00,1020.00,895.00),(49,20,3,45.00,50.00,47.50),(50,21,3,3.62,4.58,4.10),(51,22,3,2600.00,3295.00,2940.00),(52,23,3,24.30,30.78,27.54),(53,24,3,363.00,460.00,411.00),(54,25,3,330.00,420.00,375.00),(55,26,3,2.16,2.74,2.45),(56,2,4,3200.00,3290.00,3245.00),(57,3,4,3580.00,3670.00,3535.00),(58,11,4,4000.00,4250.00,4125.00),(59,15,4,2500.00,2660.00,2580.00),(60,16,4,160.00,195.00,177.00),(61,17,4,760.00,860.00,810.00),(62,18,4,1750.00,2300.00,2025.00),(63,19,4,770.00,1020.00,895.00),(64,20,4,45.00,50.00,47.50),(65,21,4,3.62,4.58,4.10),(66,22,4,2600.00,3295.00,2940.00),(67,23,4,24.30,30.78,27.54),(68,24,4,363.00,460.00,411.00),(69,25,4,330.00,420.00,375.00),(70,26,4,2.16,2.74,2.45),(71,2,5,3200.00,3290.00,3245.00),(72,3,5,3580.00,3670.00,3535.00),(73,11,5,4000.00,4250.00,4125.00),(74,15,5,2500.00,2660.00,2580.00),(75,16,5,160.00,195.00,177.00),(76,17,5,760.00,860.00,810.00),(77,18,5,1750.00,2300.00,2025.00),(78,19,5,770.00,1020.00,895.00),(79,20,5,45.00,50.00,47.50),(80,21,5,3.62,4.58,4.10),(81,22,5,2600.00,3295.00,2940.00),(82,23,5,24.30,30.78,27.54),(83,24,5,363.00,460.00,411.00),(84,25,5,330.00,420.00,375.00),(85,26,5,2.16,2.74,2.45),(86,2,6,3200.00,3290.00,3245.00),(87,3,6,3580.00,3670.00,3535.00),(88,11,6,4000.00,4250.00,4125.00),(89,15,6,2500.00,2660.00,2580.00),(90,16,6,160.00,195.00,177.00),(91,17,6,760.00,860.00,810.00),(92,18,6,1750.00,2300.00,2025.00),(93,19,6,770.00,1020.00,895.00),(94,20,6,45.00,50.00,47.50),(95,21,6,3.62,4.58,4.10),(96,22,6,2600.00,3295.00,2940.00),(97,23,6,24.30,30.78,27.54),(98,24,6,363.00,460.00,411.00),(99,25,6,330.00,420.00,375.00),(100,26,6,2.16,2.74,2.45);
/*!40000 ALTER TABLE `fx_sucursal` ENABLE KEYS */;
UNLOCK TABLES;

--
-- Table structure for table `item_arqueo`
--

DROP TABLE IF EXISTS `item_arqueo`;
/*!40101 SET @saved_cs_client     = @@character_set_client */;
/*!40101 SET character_set_client = utf8 */;
CREATE TABLE `item_arqueo` (
  `id` bigint(20) NOT NULL AUTO_INCREMENT,
  `arqueo` bigint(20) NOT NULL,
  `saldo_inicial` decimal(15,4) DEFAULT 0.0000,
  `saldo_final` decimal(15,4) DEFAULT 0.0000,
  `nominal_compras` decimal(15,4) DEFAULT 0.0000,
  `nominal_ventas` decimal(15,4) DEFAULT 0.0000,
  `nominal_egresos` decimal(15,4) DEFAULT 0.0000,
  `nominal_ingresos` decimal(15,4) DEFAULT 0.0000,
  `nominal_traslados_entrantes` decimal(15,4) DEFAULT 0.0000,
  `nominal_traslados_salientes` decimal(15,4) DEFAULT 0.0000,
  `moneda` bigint(20) NOT NULL,
  `saldo_real` decimal(15,4) DEFAULT NULL,
  PRIMARY KEY (`id`),
  KEY `item_arqueo_arqueo_FK` (`arqueo`),
  KEY `item_arqueo_fx_FK` (`moneda`),
  CONSTRAINT `item_arqueo_arqueo_FK` FOREIGN KEY (`arqueo`) REFERENCES `arqueo` (`id`) ON UPDATE CASCADE,
  CONSTRAINT `item_arqueo_fx_FK` FOREIGN KEY (`moneda`) REFERENCES `fx` (`id`) ON UPDATE CASCADE
) ENGINE=InnoDB AUTO_INCREMENT=345 DEFAULT CHARSET=utf8;
/*!40101 SET character_set_client = @saved_cs_client */;

--
-- Dumping data for table `item_arqueo`
--

LOCK TABLES `item_arqueo` WRITE;
/*!40000 ALTER TABLE `item_arqueo` DISABLE KEYS */;
/*!40000 ALTER TABLE `item_arqueo` ENABLE KEYS */;
UNLOCK TABLES;

--
-- Table structure for table `menu`
--

DROP TABLE IF EXISTS `menu`;
/*!40101 SET @saved_cs_client     = @@character_set_client */;
/*!40101 SET character_set_client = utf8 */;
CREATE TABLE `menu` (
  `id` bigint(20) NOT NULL AUTO_INCREMENT,
  `name` varchar(45) NOT NULL,
  `index` int(11) NOT NULL,
  `parent` bigint(20) DEFAULT NULL,
  `description` varchar(500) DEFAULT NULL,
  `target` varchar(500) DEFAULT NULL,
  PRIMARY KEY (`id`),
  KEY `fk_menu_parent_idx` (`parent`),
  CONSTRAINT `fk_menu_children` FOREIGN KEY (`parent`) REFERENCES `menu` (`id`) ON UPDATE CASCADE
) ENGINE=InnoDB AUTO_INCREMENT=2 DEFAULT CHARSET=utf8;
/*!40101 SET character_set_client = @saved_cs_client */;

--
-- Dumping data for table `menu`
--

LOCK TABLES `menu` WRITE;
/*!40000 ALTER TABLE `menu` DISABLE KEYS */;
/*!40000 ALTER TABLE `menu` ENABLE KEYS */;
UNLOCK TABLES;

--
-- Table structure for table `operacion`
--

DROP TABLE IF EXISTS `operacion`;
/*!40101 SET @saved_cs_client     = @@character_set_client */;
/*!40101 SET character_set_client = utf8 */;
CREATE TABLE `operacion` (
  `id` bigint(20) NOT NULL AUTO_INCREMENT,
  `fecha_operacion` datetime NOT NULL,
  `fx_base` bigint(20) NOT NULL,
  `fx_oper` bigint(20) NOT NULL,
  `tipo` varchar(10) NOT NULL,
  `nominal` decimal(14,2) NOT NULL,
  `valor_fx_operacion` decimal(14,2) NOT NULL,
  `estado` varchar(20) NOT NULL,
  `id_soipc` varchar(45) DEFAULT NULL,
  `valor_valoracion` decimal(14,2) NOT NULL,
  `turno` bigint(20) DEFAULT NULL,
  `turno_edicion` bigint(20) DEFAULT NULL,
  `descripcion` varchar(300) DEFAULT NULL,
  PRIMARY KEY (`id`),
  KEY `fk_fx_operaciones_idx` (`fx_base`),
  KEY `fk_fx_operaciones_idx1` (`fx_oper`),
  KEY `fk_sucursal_operaciones_idx` (`turno`),
  KEY `fk_turno_edicion_operaciones` (`turno_edicion`),
  CONSTRAINT `fk_fx_bases` FOREIGN KEY (`fx_base`) REFERENCES `fx` (`id`) ON UPDATE CASCADE,
  CONSTRAINT `fk_fx_operaciones` FOREIGN KEY (`fx_oper`) REFERENCES `fx` (`id`) ON UPDATE CASCADE,
  CONSTRAINT `fk_turno_edicion_operaciones` FOREIGN KEY (`turno_edicion`) REFERENCES `turno` (`id`) ON UPDATE CASCADE,
  CONSTRAINT `fk_turno_operacion` FOREIGN KEY (`turno`) REFERENCES `turno` (`id`) ON UPDATE CASCADE
) ENGINE=InnoDB AUTO_INCREMENT=161 DEFAULT CHARSET=utf8;
/*!40101 SET character_set_client = @saved_cs_client */;

--
-- Dumping data for table `operacion`
--

LOCK TABLES `operacion` WRITE;
/*!40000 ALTER TABLE `operacion` DISABLE KEYS */;
INSERT INTO `operacion` VALUES (96,'2019-10-15 17:09:24',1,2,'COMPRA',6318.00,3200.00,'CANCELADA',NULL,3245.00,56,56,NULL),(97,'2019-10-15 17:12:29',1,2,'COMPRA',6318.00,3200.00,'EJECUTADA',NULL,3245.00,56,NULL,NULL),(98,'2019-10-15 17:13:17',1,2,'VENTA',7674.00,3280.00,'EJECUTADA',NULL,3245.00,56,NULL,NULL),(99,'2019-10-15 17:14:04',1,2,'VENTA',10496.00,3290.00,'EJECUTADA',NULL,3245.00,56,NULL,NULL),(100,'2019-10-15 17:14:43',1,2,'VENTA',977.00,3295.00,'EJECUTADA',NULL,3245.00,56,NULL,NULL),(101,'2019-10-15 17:15:23',1,3,'COMPRA',200.00,3550.00,'EJECUTADA',NULL,3535.00,56,NULL,NULL),(102,'2019-10-15 17:16:00',1,3,'COMPRA',450.00,3570.00,'EJECUTADA',NULL,3535.00,56,NULL,NULL),(103,'2019-10-15 17:16:44',1,3,'COMPRA',920.00,3580.00,'EJECUTADA',NULL,3535.00,56,NULL,NULL),(104,'2019-10-15 17:17:15',1,3,'COMPRA',100.00,3590.00,'EJECUTADA',NULL,3535.00,56,NULL,NULL),(105,'2019-10-15 17:18:00',1,3,'VENTA',10760.00,3670.00,'EJECUTADA',NULL,3535.00,56,NULL,NULL),(106,'2019-10-15 17:18:35',1,3,'VENTA',1550.00,3680.00,'EJECUTADA',NULL,3535.00,56,NULL,NULL),(107,'2019-10-15 17:19:20',1,3,'VENTA',1730.00,3690.00,'EJECUTADA',NULL,3535.00,56,NULL,NULL),(108,'2019-10-15 17:19:58',1,16,'COMPRA',20.00,160.00,'EJECUTADA',NULL,177.00,56,NULL,NULL),(109,'2019-10-15 17:23:30',1,16,'COMPRA',200.00,180.77,'EJECUTADA',NULL,177.00,56,NULL,NULL),(110,'2019-10-15 17:24:00',1,16,'VENTA',200.00,180.77,'EJECUTADA',NULL,177.00,56,NULL,NULL),(111,'2019-10-15 17:24:41',1,16,'VENTA',10270.00,195.00,'EJECUTADA',NULL,177.00,56,NULL,NULL),(112,'2019-10-15 17:25:38',1,17,'COMPRA',227.00,740.00,'EJECUTADA',NULL,810.00,56,NULL,NULL),(113,'2019-10-15 17:26:14',1,21,'COMPRA',180000.00,3.90,'EJECUTADA',NULL,4.10,56,NULL,NULL),(114,'2019-10-15 17:26:51',1,11,'VENTA',35.00,4350.00,'EJECUTADA',NULL,4125.00,56,NULL,NULL),(115,'2019-10-15 17:27:28',1,11,'VENTA',50.00,4250.00,'EJECUTADA',NULL,4125.00,56,NULL,NULL),(116,'2019-10-15 17:28:25',1,15,'VENTA',1690.00,2660.00,'EJECUTADA',NULL,2580.00,56,NULL,NULL),(117,'2019-10-15 17:29:20',1,20,'VENTA',10010.00,95.00,'EJECUTADA',NULL,47.50,56,NULL,NULL),(118,'2019-10-15 17:47:35',1,2,'COMPRA',3005.00,3200.00,'EJECUTADA',NULL,3245.00,57,NULL,NULL),(119,'2019-10-15 17:48:12',1,2,'VENTA',5651.00,3280.00,'EJECUTADA',NULL,3245.00,57,NULL,NULL),(120,'2019-10-15 17:48:49',1,2,'VENTA',12266.00,3290.00,'EJECUTADA',NULL,3245.00,57,NULL,NULL),(121,'2019-10-15 17:49:31',1,2,'VENTA',7869.00,3295.00,'EJECUTADA',NULL,3245.00,57,NULL,NULL),(122,'2019-10-15 17:50:31',1,3,'COMPRA',1000.00,3500.00,'EJECUTADA',NULL,3535.00,57,NULL,NULL),(123,'2019-10-15 17:51:08',1,3,'COMPRA',3070.00,3580.00,'EJECUTADA',NULL,3535.00,57,NULL,NULL),(124,'2019-10-15 17:53:26',1,3,'VENTA',6755.00,3670.00,'EJECUTADA',NULL,3535.00,57,NULL,NULL),(125,'2019-10-15 17:54:16',1,3,'VENTA',1875.00,3680.00,'EJECUTADA',NULL,3535.00,57,NULL,NULL),(126,'2019-10-15 17:54:50',1,3,'VENTA',600.00,3690.00,'EJECUTADA',NULL,3535.00,57,NULL,NULL),(127,'2019-10-15 17:55:42',1,11,'VENTA',60.00,4330.00,'EJECUTADA',NULL,4125.00,57,NULL,NULL),(128,'2019-10-15 17:56:32',1,15,'VENTA',180.00,2660.00,'EJECUTADA',NULL,2580.00,57,NULL,NULL),(129,'2019-10-15 17:57:25',1,17,'VENTA',1104.00,860.00,'EJECUTADA',NULL,810.00,57,NULL,NULL),(130,'2019-10-15 18:16:48',1,2,'COMPRA',4655.00,3225.00,'EJECUTADA',NULL,3245.00,58,NULL,NULL),(131,'2019-10-15 18:17:19',1,2,'VENTA',578.00,3290.00,'EJECUTADA',NULL,3245.00,58,NULL,NULL),(132,'2019-10-15 18:18:00',1,2,'VENTA',686.00,3300.00,'EJECUTADA',NULL,3245.00,58,NULL,NULL),(133,'2019-10-15 18:18:46',1,3,'VENTA',130.00,3700.00,'EJECUTADA',NULL,3535.00,58,NULL,NULL),(134,'2019-10-15 18:19:22',1,16,'VENTA',4100.00,195.00,'EJECUTADA',NULL,177.00,58,NULL,NULL),(135,'2019-10-15 18:30:22',1,2,'COMPRA',1939.00,3190.00,'EJECUTADA',NULL,3245.00,59,NULL,NULL),(136,'2019-10-15 18:34:47',1,2,'COMPRA',6308.00,3200.00,'EJECUTADA',NULL,3245.00,59,NULL,NULL),(137,'2019-10-15 18:35:20',1,2,'VENTA',414.00,3290.00,'EJECUTADA',NULL,3245.00,59,NULL,NULL),(138,'2019-10-15 18:35:54',1,2,'VENTA',3671.00,3300.00,'EJECUTADA',NULL,3245.00,59,NULL,NULL),(139,'2019-10-15 18:36:38',1,2,'VENTA',2637.00,3305.00,'EJECUTADA',NULL,3245.00,59,NULL,NULL),(140,'2019-10-15 18:37:10',1,2,'VENTA',400.00,3330.00,'EJECUTADA',NULL,3245.00,59,NULL,NULL),(141,'2019-10-15 18:37:45',1,3,'COMPRA',100.00,3570.00,'EJECUTADA',NULL,3535.00,59,NULL,NULL),(142,'2019-10-15 18:38:18',1,3,'COMPRA',290.00,3580.00,'EJECUTADA',NULL,3535.00,59,NULL,NULL),(143,'2019-10-15 18:38:59',1,3,'COMPRA',1670.00,3590.00,'EJECUTADA',NULL,3535.00,59,NULL,NULL),(144,'2019-10-15 18:39:56',1,20,'COMPRA',90.00,60.00,'EJECUTADA',NULL,47.50,59,NULL,NULL),(145,'2019-10-15 18:45:45',1,3,'VENTA',250.00,3700.00,'EJECUTADA',NULL,3535.00,59,NULL,NULL),(146,'2019-10-15 18:57:48',1,2,'COMPRA',2367.00,3200.00,'EJECUTADA',NULL,3245.00,60,NULL,NULL),(147,'2019-10-15 18:58:25',1,2,'VENTA',3055.00,3280.00,'EJECUTADA',NULL,3245.00,60,NULL,NULL),(148,'2019-10-15 19:00:50',1,2,'VENTA',8164.00,3290.00,'EJECUTADA',NULL,3245.00,60,NULL,NULL),(149,'2019-10-15 19:01:30',1,2,'VENTA',695.00,3295.00,'EJECUTADA',NULL,3245.00,60,NULL,NULL),(150,'2019-10-15 19:02:07',1,3,'COMPRA',200.00,3580.00,'EJECUTADA',NULL,3535.00,60,NULL,NULL),(151,'2019-10-15 19:03:28',1,3,'VENTA',1000.00,3670.00,'EJECUTADA',NULL,3535.00,60,NULL,NULL),(152,'2019-10-15 19:04:03',1,3,'VENTA',20.00,3680.00,'EJECUTADA',NULL,3535.00,60,NULL,NULL),(153,'2019-10-15 19:04:39',1,11,'VENTA',10.00,4300.00,'EJECUTADA',NULL,4125.00,60,NULL,NULL),(154,'2019-10-15 19:05:12',1,15,'COMPRA',20.00,2470.00,'EJECUTADA',NULL,2580.00,60,NULL,NULL),(155,'2019-10-15 19:10:40',1,2,'COMPRA',4258.00,3200.00,'EJECUTADA',NULL,3245.00,61,NULL,NULL),(156,'2019-10-15 19:11:20',1,2,'VENTA',1890.00,3280.00,'EJECUTADA',NULL,3245.00,61,NULL,NULL),(157,'2019-10-15 19:11:48',1,2,'VENTA',1673.00,3290.00,'EJECUTADA',NULL,3245.00,61,NULL,NULL),(158,'2019-10-15 19:12:21',1,2,'VENTA',899.00,3295.00,'EJECUTADA',NULL,3245.00,61,NULL,NULL),(159,'2019-10-15 19:12:50',1,3,'COMPRA',600.00,3580.00,'EJECUTADA',NULL,3535.00,61,NULL,NULL),(160,'2019-10-15 19:15:21',1,3,'VENTA',2040.00,3670.00,'EJECUTADA',NULL,3535.00,61,NULL,NULL);
/*!40000 ALTER TABLE `operacion` ENABLE KEYS */;
UNLOCK TABLES;

--
-- Table structure for table `permission`
--

DROP TABLE IF EXISTS `permission`;
/*!40101 SET @saved_cs_client     = @@character_set_client */;
/*!40101 SET character_set_client = utf8 */;
CREATE TABLE `permission` (
  `id` bigint(20) NOT NULL AUTO_INCREMENT,
  `role` bigint(20) NOT NULL,
  `functionality` bigint(20) NOT NULL,
  `access_types` varchar(45) NOT NULL COMMENT 'Lectura, Escritura, Edicin, Eliminacin',
  PRIMARY KEY (`id`),
  UNIQUE KEY `uq_role_funct_access` (`role`,`functionality`,`access_types`),
  KEY `fk_functionality_roles_idx` (`functionality`),
  CONSTRAINT `fk_functionality_roles` FOREIGN KEY (`functionality`) REFERENCES `functionality` (`id`) ON UPDATE CASCADE,
  CONSTRAINT `fk_role_functionalies` FOREIGN KEY (`role`) REFERENCES `role` (`id`) ON UPDATE CASCADE
) ENGINE=InnoDB AUTO_INCREMENT=2 DEFAULT CHARSET=utf8;
/*!40101 SET character_set_client = @saved_cs_client */;

--
-- Dumping data for table `permission`
--

LOCK TABLES `permission` WRITE;
/*!40000 ALTER TABLE `permission` DISABLE KEYS */;
/*!40000 ALTER TABLE `permission` ENABLE KEYS */;
UNLOCK TABLES;

--
-- Table structure for table `provision`
--

DROP TABLE IF EXISTS `provision`;
/*!40101 SET @saved_cs_client     = @@character_set_client */;
/*!40101 SET character_set_client = utf8 */;
CREATE TABLE `provision` (
  `id` bigint(20) NOT NULL AUTO_INCREMENT,
  `fecha_registro` datetime NOT NULL,
  `fecha_cumplimiento` datetime NOT NULL,
  `sucursal` bigint(20) NOT NULL,
  `tipo` varchar(45) NOT NULL,
  `clase` varchar(45) NOT NULL,
  `fx` bigint(20) NOT NULL,
  `monto` decimal(14,2) NOT NULL,
  `estado` varchar(45) NOT NULL,
  PRIMARY KEY (`id`),
  KEY `fk_sucursal_provisiones_idx` (`sucursal`),
  KEY `fk_fx_provisiones_idx` (`fx`),
  CONSTRAINT `fk_fx_provisiones` FOREIGN KEY (`fx`) REFERENCES `fx` (`id`) ON UPDATE CASCADE,
  CONSTRAINT `fk_sucursal_provisiones` FOREIGN KEY (`sucursal`) REFERENCES `sucursal` (`id`) ON UPDATE CASCADE
) ENGINE=InnoDB DEFAULT CHARSET=utf8;
/*!40101 SET character_set_client = @saved_cs_client */;

--
-- Dumping data for table `provision`
--

LOCK TABLES `provision` WRITE;
/*!40000 ALTER TABLE `provision` DISABLE KEYS */;
/*!40000 ALTER TABLE `provision` ENABLE KEYS */;
UNLOCK TABLES;

--
-- Table structure for table `resource`
--

DROP TABLE IF EXISTS `resource`;
/*!40101 SET @saved_cs_client     = @@character_set_client */;
/*!40101 SET character_set_client = utf8 */;
CREATE TABLE `resource` (
  `id` bigint(20) NOT NULL AUTO_INCREMENT,
  `name` varchar(100) NOT NULL,
  `uri` varchar(45) NOT NULL,
  `access_type` varchar(45) NOT NULL,
  `description` varchar(500) DEFAULT NULL,
  PRIMARY KEY (`id`),
  UNIQUE KEY `name_UNIQUE` (`name`)
) ENGINE=InnoDB AUTO_INCREMENT=2 DEFAULT CHARSET=utf8;
/*!40101 SET character_set_client = @saved_cs_client */;

--
-- Dumping data for table `resource`
--

LOCK TABLES `resource` WRITE;
/*!40000 ALTER TABLE `resource` DISABLE KEYS */;
/*!40000 ALTER TABLE `resource` ENABLE KEYS */;
UNLOCK TABLES;

--
-- Table structure for table `role`
--

DROP TABLE IF EXISTS `role`;
/*!40101 SET @saved_cs_client     = @@character_set_client */;
/*!40101 SET character_set_client = utf8 */;
CREATE TABLE `role` (
  `id` bigint(20) NOT NULL AUTO_INCREMENT,
  `name` varchar(45) NOT NULL,
  PRIMARY KEY (`id`)
) ENGINE=InnoDB AUTO_INCREMENT=6 DEFAULT CHARSET=utf8;
/*!40101 SET character_set_client = @saved_cs_client */;

--
-- Dumping data for table `role`
--

LOCK TABLES `role` WRITE;
/*!40000 ALTER TABLE `role` DISABLE KEYS */;
INSERT INTO `role` VALUES (1,'ROLE_OPERADOR'),(2,'ROLE_COORDINADOR'),(3,'ROLE_OBSERVADOR'),(4,'ROLE_GERENTE'),(5,'SUPER_ADMIN');
/*!40000 ALTER TABLE `role` ENABLE KEYS */;
UNLOCK TABLES;

--
-- Table structure for table `saldo`
--

DROP TABLE IF EXISTS `saldo`;
/*!40101 SET @saved_cs_client     = @@character_set_client */;
/*!40101 SET character_set_client = utf8 */;
CREATE TABLE `saldo` (
  `id` bigint(20) NOT NULL AUTO_INCREMENT,
  `caja` bigint(20) NOT NULL,
  `moneda` bigint(20) NOT NULL,
  `nominal` decimal(15,2) NOT NULL,
  `precio_promedio` decimal(15,2) NOT NULL,
  PRIMARY KEY (`id`),
  KEY `fk_caja_caja_moneda_idx` (`caja`),
  KEY `fk_moneda_caja_moneda_idx` (`moneda`),
  CONSTRAINT `fk_caja_saldo` FOREIGN KEY (`caja`) REFERENCES `caja` (`id`) ON UPDATE CASCADE,
  CONSTRAINT `fk_moneda_saldo` FOREIGN KEY (`moneda`) REFERENCES `fx` (`id`) ON UPDATE CASCADE
) ENGINE=InnoDB AUTO_INCREMENT=917 DEFAULT CHARSET=utf8;
/*!40101 SET character_set_client = @saved_cs_client */;

--
-- Dumping data for table `saldo`
--

LOCK TABLES `saldo` WRITE;
/*!40000 ALTER TABLE `saldo` DISABLE KEYS */;
INSERT INTO `saldo` VALUES (581,9,1,131564825.00,1.00),(582,9,2,38454.00,3205.98),(583,9,3,16940.00,3590.38),(584,9,11,0.00,4138.07),(585,9,15,16310.00,2565.79),(586,9,16,27650.00,180.77),(587,9,17,229.00,739.80),(588,9,18,4800.00,2249.22),(589,9,19,10.00,920.76),(590,9,20,0.00,50.63),(591,9,21,341000.00,3.98),(592,9,22,790.00,3002.94),(593,9,23,2000.00,24.76),(594,9,24,41.00,359.26),(595,9,26,1000.00,230.42),(596,9,25,10.00,220.00),(629,10,1,203765050.00,1.00),(630,10,2,27954.00,3164.39),(631,10,3,14695.00,3533.93),(632,10,11,75.00,4139.07),(633,10,15,9415.00,2576.63),(634,10,16,40.00,152.27),(635,10,17,128.00,739.58),(636,10,18,115.00,2250.00),(637,10,19,50.00,902.62),(638,10,20,340.00,45.49),(639,10,21,43000.00,3.90),(640,10,22,3230.00,3048.11),(641,10,23,0.00,24.76),(642,10,24,1254.00,369.44),(643,10,25,200.00,220.00),(644,10,26,0.00,230.42),(709,13,1,70359227.00,1.00),(710,13,2,32329.00,3176.95),(711,13,3,2680.00,3503.47),(712,13,11,0.00,3980.00),(713,13,15,20.00,2481.62),(714,13,16,1440.00,150.93),(715,13,17,0.00,735.39),(716,13,19,3030.00,932.58),(717,13,20,21150.00,84.66),(718,13,21,148000.00,3.90),(719,13,22,2640.00,3041.45),(720,13,23,26000.00,23.85),(721,13,24,0.00,369.44),(722,13,25,0.00,220.00),(723,13,26,0.00,230.42),(724,13,18,10550.00,2246.46),(773,14,1,86708882.00,1.00),(774,14,2,19315.00,3158.17),(775,14,3,4325.00,3527.31),(776,14,11,40.00,3999.53),(777,14,15,395.00,2469.97),(778,14,16,0.00,155.10),(779,14,17,0.00,737.47),(780,14,18,2590.00,2247.63),(781,14,19,340.00,900.00),(782,14,20,75120.00,3.94),(783,14,21,70000.00,3.89),(784,14,22,70.00,2900.00),(785,14,23,3000.00,23.00),(786,14,24,71.00,360.00),(787,14,25,0.00,220.00),(788,14,26,0.00,230.42),(837,16,1,116776388.00,1.00),(838,16,2,13141.00,3164.62),(839,16,3,460.00,3495.39),(840,16,11,0.00,3980.00),(841,16,15,195.00,2449.95),(842,16,16,70.00,159.68),(843,16,17,3380.00,732.34),(844,16,18,1835.00,2250.00),(845,16,19,0.00,922.17),(846,16,20,310.00,50.00),(847,16,21,78000.00,3.84),(848,16,22,420.00,3070.00),(849,16,23,0.00,21.00),(850,16,24,1.00,400.00),(851,16,25,0.00,220.00),(852,16,26,0.00,230.42),(901,15,1,35992549.00,1.00),(902,15,2,15547.00,3168.00),(903,15,3,1080.00,3513.53),(904,15,11,100.00,3980.00),(905,15,15,1915.00,2468.14),(906,15,16,5500.00,169.65),(907,15,17,288.00,736.32),(908,15,18,235.00,2250.00),(909,15,19,720.00,899.81),(910,15,20,7255.00,40.54),(911,15,21,27000.00,3.90),(912,15,22,680.00,3050.00),(913,15,23,2000.00,21.00),(914,15,24,0.00,369.44),(915,15,25,0.00,220.00),(916,15,26,0.00,230.42);
/*!40000 ALTER TABLE `saldo` ENABLE KEYS */;
UNLOCK TABLES;

--
-- Table structure for table `session`
--

DROP TABLE IF EXISTS `session`;
/*!40101 SET @saved_cs_client     = @@character_set_client */;
/*!40101 SET character_set_client = utf8 */;
CREATE TABLE `session` (
  `id` bigint(20) NOT NULL AUTO_INCREMENT,
  `token` varchar(100) NOT NULL,
  `date` date NOT NULL,
  `time` time NOT NULL,
  `ip` varchar(45) NOT NULL,
  `user` bigint(20) NOT NULL,
  PRIMARY KEY (`id`),
  KEY `fk_session_user_idx` (`user`),
  CONSTRAINT `fk_user_sessions` FOREIGN KEY (`user`) REFERENCES `user` (`id`) ON UPDATE CASCADE
) ENGINE=InnoDB DEFAULT CHARSET=utf8;
/*!40101 SET character_set_client = @saved_cs_client */;

--
-- Dumping data for table `session`
--

LOCK TABLES `session` WRITE;
/*!40000 ALTER TABLE `session` DISABLE KEYS */;
/*!40000 ALTER TABLE `session` ENABLE KEYS */;
UNLOCK TABLES;

--
-- Table structure for table `sucursal`
--

DROP TABLE IF EXISTS `sucursal`;
/*!40101 SET @saved_cs_client     = @@character_set_client */;
/*!40101 SET character_set_client = utf8 */;
CREATE TABLE `sucursal` (
  `id` bigint(20) NOT NULL AUTO_INCREMENT,
  `cod` varchar(45) NOT NULL,
  `nombre` varchar(45) NOT NULL,
  `direccion` varchar(100) NOT NULL,
  `estado` varchar(45) NOT NULL,
  `chk_principal` tinyint(4) NOT NULL,
  `telefonos` varchar(255) DEFAULT NULL,
  PRIMARY KEY (`id`)
) ENGINE=InnoDB AUTO_INCREMENT=12 DEFAULT CHARSET=utf8;
/*!40101 SET character_set_client = @saved_cs_client */;

--
-- Dumping data for table `sucursal`
--

LOCK TABLES `sucursal` WRITE;
/*!40000 ALTER TABLE `sucursal` DISABLE KEYS */;
INSERT INTO `sucursal` VALUES (1,'CENTRO_CHIA','CENTRO_CHIA','XXX','1',1,'3262'),(2,'FONTANAR','FONTANAR','xxxx','1',0,'515515'),(3,'SANTA_FE','SANTA_FE','XXX','1',0,'2222'),(4,'LA_COLINA','LA_COLINA','XXX','1',0,'222'),(5,'LA_CASONA','LA_CASONA','X','1',0,'222'),(6,'SABANA_NTE','SABANA_NTE','X','1',0,'2222');
/*!40000 ALTER TABLE `sucursal` ENABLE KEYS */;
UNLOCK TABLES;

--
-- Table structure for table `telefono`
--

DROP TABLE IF EXISTS `telefono`;
/*!40101 SET @saved_cs_client     = @@character_set_client */;
/*!40101 SET character_set_client = utf8 */;
CREATE TABLE `telefono` (
  `id` int(11) NOT NULL AUTO_INCREMENT,
  `telefono` varchar(45) NOT NULL,
  `sucursal` bigint(20) NOT NULL,
  PRIMARY KEY (`id`),
  KEY `fk_sucursal_telefonos_idx` (`sucursal`),
  CONSTRAINT `fk_sucursal_telefonos` FOREIGN KEY (`sucursal`) REFERENCES `sucursal` (`id`) ON UPDATE CASCADE
) ENGINE=InnoDB DEFAULT CHARSET=utf8;
/*!40101 SET character_set_client = @saved_cs_client */;

--
-- Dumping data for table `telefono`
--

LOCK TABLES `telefono` WRITE;
/*!40000 ALTER TABLE `telefono` DISABLE KEYS */;
/*!40000 ALTER TABLE `telefono` ENABLE KEYS */;
UNLOCK TABLES;

--
-- Table structure for table `traslado`
--

DROP TABLE IF EXISTS `traslado`;
/*!40101 SET @saved_cs_client     = @@character_set_client */;
/*!40101 SET character_set_client = utf8 */;
CREATE TABLE `traslado` (
  `id` bigint(20) NOT NULL AUTO_INCREMENT,
  `fecha` datetime NOT NULL,
  `sucursal_origen` bigint(20) NOT NULL,
  `sucursal_destino` bigint(20) NOT NULL,
  `tipo_traslado` varchar(45) NOT NULL,
  `turno_origen` bigint(20) DEFAULT NULL,
  `turno_destino` bigint(20) DEFAULT NULL,
  `estado` varchar(20) NOT NULL,
  `precio_traslado` decimal(14,2) NOT NULL,
  `valor_giro` decimal(14,2) NOT NULL,
  `fx` bigint(20) NOT NULL,
  PRIMARY KEY (`id`),
  KEY `fk_usuario_traslados_idx` (`turno_origen`),
  KEY `fk_usuario_traslados_idx1` (`turno_destino`),
  KEY `fk_fx_traslado_idx` (`fx`),
  KEY `fk_sucursal_origen_idx` (`sucursal_origen`),
  KEY `fk_sucursal_destino_idx` (`sucursal_destino`),
  CONSTRAINT `fk_fx_traslado` FOREIGN KEY (`fx`) REFERENCES `fx` (`id`) ON UPDATE CASCADE,
  CONSTRAINT `fk_sucursal_destino` FOREIGN KEY (`sucursal_destino`) REFERENCES `sucursal` (`id`) ON UPDATE CASCADE,
  CONSTRAINT `fk_sucursal_origen` FOREIGN KEY (`sucursal_origen`) REFERENCES `sucursal` (`id`) ON UPDATE CASCADE,
  CONSTRAINT `traslado_turno_FK` FOREIGN KEY (`turno_origen`) REFERENCES `turno` (`id`) ON UPDATE CASCADE,
  CONSTRAINT `traslado_turno_FK_1` FOREIGN KEY (`turno_destino`) REFERENCES `turno` (`id`) ON UPDATE CASCADE
) ENGINE=InnoDB AUTO_INCREMENT=7 DEFAULT CHARSET=utf8;
/*!40101 SET character_set_client = @saved_cs_client */;

--
-- Dumping data for table `traslado`
--

LOCK TABLES `traslado` WRITE;
/*!40000 ALTER TABLE `traslado` DISABLE KEYS */;
INSERT INTO `traslado` VALUES (4,'2019-10-15 17:33:09',1,6,'PRECIO VALORACION',56,60,'EJECUTADO',3246.00,14000.00,2),(5,'2019-10-15 17:40:58',1,2,'COSTO PROMEDIO',56,57,'EJECUTADO',3246.00,20000.00,2),(6,'2019-10-15 17:43:01',1,5,'PRECIO VALORACION',56,61,'EJECUTADO',3622.00,2000.00,3);
/*!40000 ALTER TABLE `traslado` ENABLE KEYS */;
UNLOCK TABLES;

--
-- Table structure for table `turno`
--

DROP TABLE IF EXISTS `turno`;
/*!40101 SET @saved_cs_client     = @@character_set_client */;
/*!40101 SET character_set_client = utf8 */;
CREATE TABLE `turno` (
  `id` bigint(20) NOT NULL AUTO_INCREMENT,
  `caja` bigint(20) NOT NULL,
  `usuario` bigint(20) NOT NULL,
  `fecha_inicio` datetime NOT NULL,
  `fecha_fin` datetime DEFAULT NULL,
  PRIMARY KEY (`id`),
  KEY `fk_usuario_turno_idx` (`usuario`),
  KEY `fk_caja_turno_idx` (`caja`),
  CONSTRAINT `fk_caja_turno` FOREIGN KEY (`caja`) REFERENCES `caja` (`id`) ON UPDATE CASCADE,
  CONSTRAINT `fk_usuario_turno` FOREIGN KEY (`usuario`) REFERENCES `usuario` (`id`) ON UPDATE CASCADE
) ENGINE=InnoDB AUTO_INCREMENT=62 DEFAULT CHARSET=utf8;
/*!40101 SET character_set_client = @saved_cs_client */;

--
-- Dumping data for table `turno`
--

LOCK TABLES `turno` WRITE;
/*!40000 ALTER TABLE `turno` DISABLE KEYS */;
INSERT INTO `turno` VALUES (56,9,4,'2019-10-15 14:39:11',NULL),(57,10,4,'2019-10-15 17:43:53','2019-10-15 18:14:35'),(58,13,4,'2019-10-15 18:15:27','2019-10-15 18:26:38'),(59,14,4,'2019-10-15 18:29:31','2019-10-15 18:49:34'),(60,16,4,'2019-10-15 18:57:13',NULL),(61,15,4,'2019-10-15 19:07:35','2019-10-15 19:18:18');
/*!40000 ALTER TABLE `turno` ENABLE KEYS */;
UNLOCK TABLES;

--
-- Table structure for table `user`
--

DROP TABLE IF EXISTS `user`;
/*!40101 SET @saved_cs_client     = @@character_set_client */;
/*!40101 SET character_set_client = utf8 */;
CREATE TABLE `user` (
  `id` bigint(20) NOT NULL AUTO_INCREMENT,
  `username` varchar(45) NOT NULL,
  `password` varchar(100) NOT NULL,
  `salt` varchar(45) NOT NULL,
  `enabled` tinyint(1) NOT NULL,
  `locked` tinyint(1) NOT NULL,
  `failed_logins` int(11) NOT NULL,
  `role` bigint(20) NOT NULL,
  PRIMARY KEY (`id`),
  KEY `fk_user_role_idx` (`role`),
  CONSTRAINT `fk_role_users` FOREIGN KEY (`role`) REFERENCES `role` (`id`) ON UPDATE CASCADE
) ENGINE=InnoDB AUTO_INCREMENT=7 DEFAULT CHARSET=utf8;
/*!40101 SET character_set_client = @saved_cs_client */;

--
-- Dumping data for table `user`
--

LOCK TABLES `user` WRITE;
/*!40000 ALTER TABLE `user` DISABLE KEYS */;
INSERT INTO `user` VALUES (1,'root','$2a$04$fx4HJlEUiHFwn2ajnmIp8e3GyVBNij6bKEuMZwfZYUykeXFPHinoO','123456',1,0,0,5),(2,'admin','$2a$04$fx4HJlEUiHFwn2ajnmIp8e3GyVBNij6bKEuMZwfZYUykeXFPHinoO','123456',1,0,0,4),(3,'operador','$2a$04$fx4HJlEUiHFwn2ajnmIp8e3GyVBNij6bKEuMZwfZYUykeXFPHinoO','123456',1,0,0,1),(5,'superadmin','$2a$04$fx4HJlEUiHFwn2ajnmIp8e3GyVBNij6bKEuMZwfZYUykeXFPHinoO','1225800673543000',0,0,0,5);
/*!40000 ALTER TABLE `user` ENABLE KEYS */;
UNLOCK TABLES;

--
-- Table structure for table `usuario`
--

DROP TABLE IF EXISTS `usuario`;
/*!40101 SET @saved_cs_client     = @@character_set_client */;
/*!40101 SET character_set_client = utf8 */;
CREATE TABLE `usuario` (
  `id` bigint(20) NOT NULL AUTO_INCREMENT,
  `nombre` varchar(45) NOT NULL,
  `apellido` varchar(45) NOT NULL,
  `user` bigint(20) NOT NULL,
  PRIMARY KEY (`id`),
  UNIQUE KEY `user_UNIQUE` (`user`),
  KEY `fk_user_usuario_idx` (`user`),
  CONSTRAINT `fk_user_usuario` FOREIGN KEY (`user`) REFERENCES `user` (`id`) ON UPDATE CASCADE
) ENGINE=InnoDB AUTO_INCREMENT=5 DEFAULT CHARSET=utf8;
/*!40101 SET character_set_client = @saved_cs_client */;

--
-- Dumping data for table `usuario`
--

LOCK TABLES `usuario` WRITE;
/*!40000 ALTER TABLE `usuario` DISABLE KEYS */;
INSERT INTO `usuario` VALUES (1,'root','root',1),(2,'operador','operador',3),(3,'superadmin','admin',5),(4,'admin','admin',2);
/*!40000 ALTER TABLE `usuario` ENABLE KEYS */;
UNLOCK TABLES;

--
-- Dumping routines for database 'smart-auth'
--
/*!40103 SET TIME_ZONE=@OLD_TIME_ZONE */;

/*!40101 SET SQL_MODE=@OLD_SQL_MODE */;
/*!40014 SET FOREIGN_KEY_CHECKS=@OLD_FOREIGN_KEY_CHECKS */;
/*!40014 SET UNIQUE_CHECKS=@OLD_UNIQUE_CHECKS */;
/*!40101 SET CHARACTER_SET_CLIENT=@OLD_CHARACTER_SET_CLIENT */;
/*!40101 SET CHARACTER_SET_RESULTS=@OLD_CHARACTER_SET_RESULTS */;
/*!40101 SET COLLATION_CONNECTION=@OLD_COLLATION_CONNECTION */;
/*!40111 SET SQL_NOTES=@OLD_SQL_NOTES */;

-- Dump completed on 2019-10-16 21:18:14
