-- MySQL dump 10.16  Distrib 10.3.9-MariaDB, for Win64 (AMD64)
--
-- Host: 167.99.227.123    Database: smart-auth
-- ------------------------------------------------------
-- Server version	10.4.5-MariaDB-1:10.4.5+maria~bionic

/*!40101 SET @OLD_CHARACTER_SET_CLIENT=@@CHARACTER_SET_CLIENT */;
/*!40101 SET @OLD_CHARACTER_SET_RESULTS=@@CHARACTER_SET_RESULTS */;
/*!40101 SET @OLD_COLLATION_CONNECTION=@@COLLATION_CONNECTION */;
/*!40101 SET NAMES utf8 */;
/*!40103 SET @OLD_TIME_ZONE=@@TIME_ZONE */;
/*!40103 SET TIME_ZONE='+00:00' */;
/*!40014 SET @OLD_UNIQUE_CHECKS=@@UNIQUE_CHECKS, UNIQUE_CHECKS=0 */;
/*!40014 SET @OLD_FOREIGN_KEY_CHECKS=@@FOREIGN_KEY_CHECKS, FOREIGN_KEY_CHECKS=0 */;
/*!40101 SET @OLD_SQL_MODE=@@SQL_MODE, SQL_MODE='NO_AUTO_VALUE_ON_ZERO' */;
/*!40111 SET @OLD_SQL_NOTES=@@SQL_NOTES, SQL_NOTES=0 */;

--
-- Table structure for table `apertura_turno`
--

DROP TABLE IF EXISTS `apertura_turno`;
/*!40101 SET @saved_cs_client     = @@character_set_client */;
/*!40101 SET character_set_client = utf8 */;
CREATE TABLE `apertura_turno` (
  `id` bigint(20) NOT NULL AUTO_INCREMENT,
  `turno` bigint(20) NOT NULL,
  `fx` bigint(20) NOT NULL,
  `nominal` decimal(15,2) NOT NULL,
  `precio_promedio` decimal(15,2) DEFAULT NULL,
  PRIMARY KEY (`id`),
  KEY `fk_moneda_caja_moneda_idx` (`fx`),
  KEY `fk_caja_saldo0_idx` (`turno`),
  CONSTRAINT `fk_caja_saldo_inicial` FOREIGN KEY (`turno`) REFERENCES `turno` (`id`) ON UPDATE CASCADE,
  CONSTRAINT `fk_moneda_saldo_inicial` FOREIGN KEY (`fx`) REFERENCES `fx` (`id`) ON UPDATE CASCADE
) ENGINE=InnoDB AUTO_INCREMENT=729 DEFAULT CHARSET=utf8;
/*!40101 SET character_set_client = @saved_cs_client */;

--
-- Dumping data for table `apertura_turno`
--

LOCK TABLES `apertura_turno` WRITE;
/*!40000 ALTER TABLE `apertura_turno` DISABLE KEYS */;
INSERT INTO `apertura_turno` VALUES (585,56,1,60891543.00,1.00),(586,56,2,85283.00,3205.98),(587,56,3,31310.00,3590.38),(588,56,11,85.00,4138.07),(589,56,15,18000.00,2565.79),(590,56,16,37900.00,180.77),(591,56,17,2.00,739.80),(592,56,18,4800.00,2249.22),(593,56,19,10.00,920.76),(594,56,20,10010.00,50.63),(595,56,21,161000.00,3.98),(596,56,22,790.00,3002.94),(597,56,23,2000.00,24.76),(598,56,24,41.00,359.26),(599,56,26,1000.00,230.42),(600,56,25,10.00,220.00),(601,57,1,79979232.00,1.00),(602,57,2,28938.00,3176.95),(603,57,3,2810.00,3503.47),(604,57,11,5.00,3980.00),(605,57,15,20.00,2481.62),(606,57,16,5540.00,150.93),(607,57,17,2.00,735.39),(608,57,19,3030.00,932.58),(609,57,20,21150.00,84.66),(610,57,21,148000.00,3.90),(611,57,22,2640.00,3041.45),(612,57,23,26000.00,23.85),(613,57,24,1.00,369.44),(614,57,25,10.00,220.00),(615,57,26,1000.00,230.42),(616,57,18,10550.00,2246.46),(617,58,1,96042147.00,1.00),(618,58,2,18190.00,3158.17),(619,58,3,2515.00,3527.31),(620,58,11,40.00,3999.53),(621,58,15,395.00,2469.97),(622,58,16,20.00,155.10),(623,58,17,2.00,737.47),(624,58,18,2590.00,2247.63),(625,58,19,340.00,900.00),(626,58,20,75030.00,3.94),(627,58,21,70000.00,3.89),(628,58,22,70.00,2900.00),(629,58,23,3000.00,23.00),(630,58,24,71.00,360.00),(631,58,25,10.00,220.00),(632,58,26,1000.00,230.42),(633,59,1,107467985.00,1.00),(634,59,2,30735.00,3164.39),(635,59,3,19855.00,3533.93),(636,59,11,135.00,4139.07),(637,59,15,9595.00,2576.63),(638,59,16,40.00,152.27),(639,59,17,1232.00,739.58),(640,59,18,115.00,2250.00),(641,59,19,50.00,902.62),(642,59,20,340.00,45.49),(643,59,21,43000.00,3.90),(644,59,22,3230.00,3048.11),(645,59,23,1000.00,24.76),(646,59,24,829.00,369.44),(647,59,25,200.00,220.00),(648,59,26,1000.00,230.42),(649,60,1,82161503.00,1.00),(650,60,2,8688.00,3164.62),(651,60,3,1280.00,3495.39),(652,60,11,10.00,3980.00),(653,60,15,175.00,2449.95),(654,60,16,70.00,159.68),(655,60,17,3380.00,732.34),(656,60,18,1835.00,2250.00),(657,60,19,10.00,922.17),(658,60,20,310.00,50.00),(659,60,21,78000.00,3.84),(660,60,22,420.00,3070.00),(661,60,23,1000.00,21.00),(662,60,24,1.00,400.00),(663,60,25,10.00,220.00),(664,60,26,1000.00,230.42),(665,61,1,29613774.00,1.00),(666,61,2,15751.00,3168.00),(667,61,3,520.00,3513.53),(668,61,11,100.00,3980.00),(669,61,15,1915.00,2468.14),(670,61,16,5500.00,169.65),(671,61,17,288.00,736.32),(672,61,18,235.00,2250.00),(673,61,19,720.00,899.81),(674,61,20,7255.00,40.54),(675,61,21,27000.00,3.90),(676,61,22,680.00,3050.00),(677,61,23,2000.00,21.00),(678,61,24,1.00,369.44),(679,61,25,10.00,220.00),(680,61,26,1000.00,230.42),(681,62,1,70359227.00,1.00),(682,62,2,32329.00,3176.95),(683,62,3,2680.00,3503.47),(684,62,11,5.00,3980.00),(685,62,15,20.00,2481.62),(686,62,16,1440.00,150.93),(687,62,17,2.00,735.39),(688,62,19,3030.00,932.58),(689,62,20,21150.00,84.66),(690,62,21,148000.00,3.90),(691,62,22,2640.00,3041.45),(692,62,23,26000.00,23.85),(693,62,24,1.00,369.44),(694,62,25,10.00,220.00),(695,62,26,1000.00,230.42),(696,62,18,10550.00,2246.46),(697,63,1,85783882.00,1.00),(698,63,2,19315.00,3158.17),(699,63,3,4575.00,3527.31),(700,63,11,40.00,3999.53),(701,63,15,395.00,2469.97),(702,63,16,20.00,155.10),(703,63,17,2.00,737.47),(704,63,18,2590.00,2247.63),(705,63,19,340.00,900.00),(706,63,20,75120.00,3.94),(707,63,21,70000.00,3.89),(708,63,22,70.00,2900.00),(709,63,23,3000.00,23.00),(710,63,24,71.00,360.00),(711,63,25,10.00,220.00),(712,63,26,1000.00,230.42),(713,64,1,116776388.00,1.00),(714,64,2,13141.00,3164.62),(715,64,3,460.00,3495.39),(716,64,11,0.00,3980.00),(717,64,15,195.00,2449.95),(718,64,16,70.00,159.68),(719,64,17,3380.00,732.34),(720,64,18,1835.00,2250.00),(721,64,19,10.00,922.17),(722,64,20,310.00,50.00),(723,64,21,78000.00,3.84),(724,64,22,420.00,3070.00),(725,64,23,1000.00,21.00),(726,64,24,1.00,400.00),(727,64,25,10.00,220.00),(728,64,26,1000.00,230.42);
/*!40000 ALTER TABLE `apertura_turno` ENABLE KEYS */;
UNLOCK TABLES;

--
-- Table structure for table `arqueo`
--

DROP TABLE IF EXISTS `arqueo`;
/*!40101 SET @saved_cs_client     = @@character_set_client */;
/*!40101 SET character_set_client = utf8 */;
CREATE TABLE `arqueo` (
  `id` bigint(20) NOT NULL AUTO_INCREMENT,
  `fecha` datetime NOT NULL,
  `turno` bigint(20) NOT NULL,
  PRIMARY KEY (`id`),
  KEY `arqueo_turno_FK` (`turno`),
  CONSTRAINT `arqueo_turno_FK` FOREIGN KEY (`turno`) REFERENCES `turno` (`id`) ON UPDATE CASCADE
) ENGINE=InnoDB AUTO_INCREMENT=289 DEFAULT CHARSET=utf8;
/*!40101 SET character_set_client = @saved_cs_client */;

--
-- Dumping data for table `arqueo`
--

LOCK TABLES `arqueo` WRITE;
/*!40000 ALTER TABLE `arqueo` DISABLE KEYS */;
INSERT INTO `arqueo` VALUES (288,'2019-10-08 11:35:16',56);
/*!40000 ALTER TABLE `arqueo` ENABLE KEYS */;
UNLOCK TABLES;

--
-- Table structure for table `caja`
--

DROP TABLE IF EXISTS `caja`;
/*!40101 SET @saved_cs_client     = @@character_set_client */;
/*!40101 SET character_set_client = utf8 */;
CREATE TABLE `caja` (
  `id` bigint(20) NOT NULL AUTO_INCREMENT,
  `nombre` varchar(45) NOT NULL,
  `sucursal` bigint(20) NOT NULL,
  PRIMARY KEY (`id`),
  KEY `fk_sucursal_turnos_idx` (`sucursal`),
  CONSTRAINT `fk_sucursal_turnos` FOREIGN KEY (`sucursal`) REFERENCES `sucursal` (`id`) ON UPDATE CASCADE
) ENGINE=InnoDB AUTO_INCREMENT=18 DEFAULT CHARSET=utf8;
/*!40101 SET character_set_client = @saved_cs_client */;

--
-- Dumping data for table `caja`
--

LOCK TABLES `caja` WRITE;
/*!40000 ALTER TABLE `caja` DISABLE KEYS */;
INSERT INTO `caja` VALUES (9,'CAJA1 CCHIA',1),(10,'CAJA1 FONT',2),(13,'CAJA1 SANTAFE',3),(14,'CAJA1 COLINA',4),(15,'CAJA1 CAZONA',5),(16,'CAJA1 SABANA',6);
/*!40000 ALTER TABLE `caja` ENABLE KEYS */;
UNLOCK TABLES;

--
-- Table structure for table `cierre`
--

DROP TABLE IF EXISTS `cierre`;
/*!40101 SET @saved_cs_client     = @@character_set_client */;
/*!40101 SET character_set_client = utf8 */;
CREATE TABLE `cierre` (
  `id` bigint(20) NOT NULL AUTO_INCREMENT,
  `moneda` bigint(20) DEFAULT NULL,
  `fecha` date DEFAULT NULL,
  `saldo_inicial` decimal(15,4) DEFAULT NULL,
  `precio_promedio_inicial` decimal(15,4) DEFAULT NULL,
  `valor_compra_inicial` decimal(15,4) DEFAULT NULL,
  `nominal_compra` decimal(15,4) DEFAULT NULL,
  `precio_compra` decimal(15,4) DEFAULT NULL,
  `valor_compra` decimal(15,4) DEFAULT NULL,
  `nominal_venta` decimal(15,4) DEFAULT NULL,
  `precio_venta` decimal(15,4) DEFAULT NULL,
  `valor_venta` decimal(15,4) DEFAULT NULL,
  `nominal_traslados_entrantes` decimal(15,4) DEFAULT 0.0000,
  `precio_traslado_entrantes` decimal(15,4) DEFAULT 0.0000,
  `saldo_final` decimal(15,4) DEFAULT NULL,
  `precio_promedio_final` decimal(15,4) DEFAULT NULL,
  `valor_compra_final` decimal(15,4) DEFAULT 0.0000,
  `margen` decimal(15,4) DEFAULT 0.0000,
  `utilidad_diaria` decimal(15,4) DEFAULT 0.0000,
  `pyg_caja` decimal(15,4) DEFAULT 0.0000,
  `precio_valoracion` decimal(15,4) DEFAULT 0.0000,
  `margen_prec_valora_y_prec_prom` decimal(15,4) DEFAULT 0.0000,
  `valoracion` decimal(15,4) DEFAULT 0.0000,
  `pyg_valoracion` decimal(15,4) DEFAULT 0.0000,
  `pyg_valoracion_d` decimal(15,4) DEFAULT 0.0000,
  `pyg_bruto` decimal(15,4) DEFAULT 0.0000,
  `renta_caja` decimal(10,5) DEFAULT 0.00000,
  `renta_val` decimal(10,5) DEFAULT 0.00000,
  `renta_bruta` decimal(10,5) DEFAULT 0.00000,
  `egresos` decimal(15,4) DEFAULT 0.0000,
  `egresos_acumulados` decimal(15,4) DEFAULT 0.0000,
  `pyg_neto` decimal(15,4) DEFAULT 0.0000,
  `renta_neta` decimal(10,5) DEFAULT 0.00000,
  `saldo_cop` decimal(15,4) DEFAULT 0.0000,
  `pyg_traslado_diario` decimal(15,4) DEFAULT 0.0000,
  `pyg_traslado_acumulado` decimal(15,4) DEFAULT 0.0000,
  `pyg_bruto_con_traslado` decimal(15,4) DEFAULT 0.0000,
  `pyg_neto_con_traslado` decimal(15,4) DEFAULT 0.0000,
  `fc_diario` decimal(15,4) DEFAULT 0.0000,
  `fc_acumulado` decimal(15,4) DEFAULT 0.0000,
  `valor_port` decimal(15,4) DEFAULT 0.0000,
  `pyg_caja_d` decimal(15,4) DEFAULT 0.0000,
  `valor_traslados` decimal(15,4) DEFAULT 0.0000,
  `sucursal` bigint(20) NOT NULL,
  `traslados_acumulados` decimal(15,4) DEFAULT 0.0000,
  `nominal_traslados_salientes` decimal(15,4) DEFAULT 0.0000,
  `valor_giro_traslado_salientes` decimal(15,4) DEFAULT 0.0000,
  `precio_traslado_salientes` decimal(15,4) DEFAULT 0.0000,
  `egresos_moneda` decimal(15,4) DEFAULT 0.0000,
  `valor_giro_traslado_entrantes` decimal(15,4) DEFAULT 0.0000,
  `saldo_precierre` decimal(15,4) DEFAULT 0.0000 COMMENT 'saldo sin tener en cuenta los traslados',
  `valor_giro_precierre` decimal(15,4) DEFAULT 0.0000,
  `precio_valoracion_anterior` decimal(8,4) DEFAULT 0.0000,
  `valoracion_precierre_anterior` decimal(15,4) DEFAULT 0.0000,
  `pyg_val_precierre_mensual` decimal(15,4) DEFAULT 0.0000,
  `pyg_val_precierre_diaria` decimal(15,4) DEFAULT 0.0000,
  `pyg_traslado_entrante` decimal(15,4) DEFAULT 0.0000,
  `pyg_traslado_saliente` decimal(15,4) DEFAULT 0.0000,
  `valoracion_precierre_actual` decimal(15,4) DEFAULT 0.0000,
  `pyg_val_cierre_diaria` decimal(15,4) DEFAULT 0.0000,
  `pyg_val_cierre_mensual` decimal(15,4) DEFAULT 0.0000,
  `diferencia_egresos_ingresos` decimal(15,4) DEFAULT 0.0000,
  `ingresos` decimal(15,4) DEFAULT 0.0000,
  `pyg_val_cierre_acumulada` decimal(15,4) DEFAULT 0.0000,
  `pyg_val_precierre_acumulada` decimal(15,4) DEFAULT 0.0000,
  PRIMARY KEY (`id`),
  KEY `fk_moneda_caja_moneda_idx` (`moneda`) USING BTREE,
  KEY `cierre_sucursal_FK` (`sucursal`),
  CONSTRAINT `cierre_sucursal_FK` FOREIGN KEY (`sucursal`) REFERENCES `sucursal` (`id`) ON UPDATE CASCADE,
  CONSTRAINT `fk_moneda_cierre` FOREIGN KEY (`moneda`) REFERENCES `fx` (`id`) ON UPDATE CASCADE
) ENGINE=InnoDB AUTO_INCREMENT=482 DEFAULT CHARSET=utf8;
/*!40101 SET character_set_client = @saved_cs_client */;

--
-- Dumping data for table `cierre`
--

LOCK TABLES `cierre` WRITE;
/*!40000 ALTER TABLE `cierre` DISABLE KEYS */;
/*!40000 ALTER TABLE `cierre` ENABLE KEYS */;
UNLOCK TABLES;

--
-- Table structure for table `cierre_consolidado`
--

DROP TABLE IF EXISTS `cierre_consolidado`;
/*!40101 SET @saved_cs_client     = @@character_set_client */;
/*!40101 SET character_set_client = utf8 */;
CREATE TABLE `cierre_consolidado` (
  `id` bigint(20) NOT NULL AUTO_INCREMENT,
  `moneda` bigint(20) NOT NULL,
  `fecha` date NOT NULL,
  `saldo_inicial` decimal(15,4) DEFAULT 0.0000,
  `precio_promedio_inicial` decimal(15,4) DEFAULT 0.0000,
  `valor_compra_inicial` decimal(15,4) DEFAULT 0.0000,
  `nominal_compra` decimal(15,4) DEFAULT 0.0000,
  `precio_compra` decimal(15,4) DEFAULT 0.0000,
  `valor_compra` decimal(15,4) DEFAULT 0.0000,
  `nominal_venta` decimal(15,4) DEFAULT 0.0000,
  `precio_venta` decimal(15,4) DEFAULT 0.0000,
  `valor_venta` decimal(15,4) DEFAULT 0.0000,
  `nominal_traslados_entrantes` decimal(15,4) DEFAULT 0.0000,
  `precio_traslado_entrantes` decimal(15,4) DEFAULT 0.0000,
  `saldo_final` decimal(15,4) DEFAULT 0.0000,
  `precio_promedio_final` decimal(15,4) DEFAULT 0.0000,
  `valor_compra_final` decimal(15,4) DEFAULT 0.0000,
  `margen` decimal(15,4) DEFAULT 0.0000,
  `utilidad_diaria` decimal(15,4) DEFAULT 0.0000,
  `pyg_caja` decimal(15,4) DEFAULT 0.0000,
  `precio_valoracion` decimal(15,4) DEFAULT 0.0000,
  `margen_prec_valora_y_prec_prom` decimal(15,4) DEFAULT 0.0000,
  `valoracion` decimal(15,4) DEFAULT 0.0000,
  `pyg_valoracion` decimal(15,4) DEFAULT 0.0000,
  `pyg_valoracion_d` decimal(15,4) DEFAULT 0.0000,
  `pyg_bruto` decimal(15,4) DEFAULT 0.0000,
  `renta_caja` decimal(10,5) DEFAULT 0.00000,
  `renta_val` decimal(10,5) DEFAULT 0.00000,
  `renta_bruta` decimal(10,5) DEFAULT 0.00000,
  `egresos` decimal(15,4) DEFAULT 0.0000,
  `egresos_acumulados` decimal(15,4) DEFAULT 0.0000,
  `pyg_neto` decimal(15,4) DEFAULT 0.0000,
  `renta_neta` decimal(10,5) DEFAULT 0.00000,
  `saldo_cop` decimal(15,4) DEFAULT 0.0000,
  `pyg_traslado_diario` decimal(15,4) DEFAULT 0.0000,
  `pyg_traslado_acumulado` decimal(15,4) DEFAULT 0.0000,
  `pyg_bruto_con_traslado` decimal(15,4) DEFAULT 0.0000,
  `pyg_neto_con_traslado` decimal(15,4) DEFAULT 0.0000,
  `fc_diario` decimal(15,4) DEFAULT 0.0000,
  `fc_acumulado` decimal(15,4) DEFAULT 0.0000,
  `valor_port` decimal(15,4) DEFAULT 0.0000,
  `pyg_caja_d` decimal(15,4) DEFAULT 0.0000,
  `valor_traslados` decimal(15,4) DEFAULT 0.0000,
  `traslados_acumulados` decimal(15,4) DEFAULT 0.0000,
  `nominal_traslados_salientes` decimal(15,4) DEFAULT 0.0000,
  `valor_giro_traslado_salientes` decimal(15,4) DEFAULT 0.0000,
  `precio_traslado_salientes` decimal(15,4) DEFAULT 0.0000,
  `egresos_moneda` decimal(15,4) DEFAULT 0.0000,
  `valor_giro_traslado_entrantes` decimal(15,4) DEFAULT 0.0000,
  `saldo_precierre` decimal(15,4) DEFAULT 0.0000,
  `valor_giro_precierre` decimal(15,4) DEFAULT 0.0000,
  `precio_valoracion_anterior` decimal(15,4) DEFAULT 0.0000,
  `valoracion_precierre_anterior` decimal(15,4) DEFAULT 0.0000,
  `pyg_val_precierre_mensual` decimal(15,4) DEFAULT 0.0000,
  `pyg_val_precierre_diaria` decimal(15,4) DEFAULT 0.0000,
  `pyg_traslado_entrante` decimal(15,4) DEFAULT 0.0000,
  `pyg_traslado_saliente` decimal(15,4) DEFAULT 0.0000,
  `valoracion_precierre_actual` decimal(15,4) DEFAULT 0.0000,
  `pyg_val_cierre_diaria` decimal(15,4) DEFAULT 0.0000,
  `pyg_val_cierre_mensual` decimal(15,4) DEFAULT 0.0000,
  `diferencia_egresos_ingresos` decimal(15,4) DEFAULT 0.0000,
  `ingresos` decimal(15,4) DEFAULT 0.0000,
  `pyg_val_cierre_acumulada` decimal(15,4) DEFAULT 0.0000,
  `pyg_val_precierre_acumulada` decimal(15,4) DEFAULT 0.0000,
  PRIMARY KEY (`id`),
  KEY `conso-fk_moneda_caja_moneda_idx` (`moneda`) USING BTREE,
  CONSTRAINT `conso-fk_moneda_cierre` FOREIGN KEY (`moneda`) REFERENCES `fx` (`id`) ON UPDATE CASCADE
) ENGINE=InnoDB AUTO_INCREMENT=302 DEFAULT CHARSET=utf8;
/*!40101 SET character_set_client = @saved_cs_client */;

--
-- Dumping data for table `cierre_consolidado`
--

LOCK TABLES `cierre_consolidado` WRITE;
/*!40000 ALTER TABLE `cierre_consolidado` DISABLE KEYS */;
/*!40000 ALTER TABLE `cierre_consolidado` ENABLE KEYS */;
UNLOCK TABLES;

--
-- Table structure for table `cierre_turno`
--

DROP TABLE IF EXISTS `cierre_turno`;
/*!40101 SET @saved_cs_client     = @@character_set_client */;
/*!40101 SET character_set_client = utf8 */;
CREATE TABLE `cierre_turno` (
  `id` bigint(20) NOT NULL AUTO_INCREMENT,
  `turno` bigint(20) NOT NULL,
  `moneda` bigint(20) NOT NULL,
  `nominal` decimal(15,2) NOT NULL,
  `precio_promedio` decimal(15,2) NOT NULL,
  PRIMARY KEY (`id`),
  KEY `fk_moneda_caja_moneda_idx` (`moneda`),
  KEY `fk_caja_saldo0_idx` (`turno`),
  CONSTRAINT `fk_caja_saldo_inicial0` FOREIGN KEY (`turno`) REFERENCES `turno` (`id`) ON UPDATE CASCADE,
  CONSTRAINT `fk_moneda_saldo_inicial0` FOREIGN KEY (`moneda`) REFERENCES `fx` (`id`) ON UPDATE CASCADE
) ENGINE=InnoDB AUTO_INCREMENT=729 DEFAULT CHARSET=utf8;
/*!40101 SET character_set_client = @saved_cs_client */;

--
-- Dumping data for table `cierre_turno`
--

LOCK TABLES `cierre_turno` WRITE;
/*!40000 ALTER TABLE `cierre_turno` DISABLE KEYS */;
INSERT INTO `cierre_turno` VALUES (617,57,1,70359227.00,1.00),(618,57,2,32329.00,3176.95),(619,57,3,2680.00,3503.47),(620,57,11,5.00,3980.00),(621,57,15,20.00,2481.62),(622,57,16,1440.00,150.93),(623,57,17,2.00,735.39),(624,57,19,3030.00,932.58),(625,57,20,21150.00,84.66),(626,57,21,148000.00,3.90),(627,57,22,2640.00,3041.45),(628,57,23,26000.00,23.85),(629,57,24,1.00,369.44),(630,57,25,10.00,220.00),(631,57,26,1000.00,230.42),(632,57,18,10550.00,2246.46),(633,58,1,85783882.00,1.00),(634,58,2,19315.00,3158.17),(635,58,3,4575.00,3527.31),(636,58,11,40.00,3999.53),(637,58,15,395.00,2469.97),(638,58,16,20.00,155.10),(639,58,17,2.00,737.47),(640,58,18,2590.00,2247.63),(641,58,19,340.00,900.00),(642,58,20,75120.00,3.94),(643,58,21,70000.00,3.89),(644,58,22,70.00,2900.00),(645,58,23,3000.00,23.00),(646,58,24,71.00,360.00),(647,58,25,10.00,220.00),(648,58,26,1000.00,230.42),(649,59,1,203765050.00,1.00),(650,59,2,27954.00,3164.39),(651,59,3,14695.00,3533.93),(652,59,11,75.00,4139.07),(653,59,15,9415.00,2576.63),(654,59,16,40.00,152.27),(655,59,17,128.00,739.58),(656,59,18,115.00,2250.00),(657,59,19,50.00,902.62),(658,59,20,340.00,45.49),(659,59,21,43000.00,3.90),(660,59,22,3230.00,3048.11),(661,59,23,1000.00,24.76),(662,59,24,829.00,369.44),(663,59,25,200.00,220.00),(664,59,26,1000.00,230.42),(665,60,1,116776388.00,1.00),(666,60,2,13141.00,3164.62),(667,60,3,460.00,3495.39),(668,60,11,0.00,3980.00),(669,60,15,195.00,2449.95),(670,60,16,70.00,159.68),(671,60,17,3380.00,732.34),(672,60,18,1835.00,2250.00),(673,60,19,10.00,922.17),(674,60,20,310.00,50.00),(675,60,21,78000.00,3.84),(676,60,22,420.00,3070.00),(677,60,23,1000.00,21.00),(678,60,24,1.00,400.00),(679,60,25,10.00,220.00),(680,60,26,1000.00,230.42),(681,62,1,70359227.00,1.00),(682,62,2,32329.00,3176.95),(683,62,3,2680.00,3503.47),(684,62,11,0.00,3980.00),(685,62,15,20.00,2481.62),(686,62,16,1440.00,150.93),(687,62,17,0.00,735.39),(688,62,19,3030.00,932.58),(689,62,20,21150.00,84.66),(690,62,21,148000.00,3.90),(691,62,22,2640.00,3041.45),(692,62,23,26000.00,23.85),(693,62,24,0.00,369.44),(694,62,25,0.00,220.00),(695,62,26,0.00,230.42),(696,62,18,10550.00,2246.46),(697,63,1,96042147.00,1.00),(698,63,2,19315.00,3158.17),(699,63,3,2515.00,3527.31),(700,63,11,40.00,3999.53),(701,63,15,395.00,2469.97),(702,63,16,20.00,155.10),(703,63,17,2.00,737.47),(704,63,18,2590.00,2247.63),(705,63,19,340.00,900.00),(706,63,20,75120.00,3.94),(707,63,21,70000.00,3.89),(708,63,22,70.00,2900.00),(709,63,23,3000.00,23.00),(710,63,24,71.00,360.00),(711,63,25,10.00,220.00),(712,63,26,1000.00,230.42),(713,64,1,116776388.00,1.00),(714,64,2,13141.00,3164.62),(715,64,3,460.00,3495.39),(716,64,11,0.00,3980.00),(717,64,15,195.00,2449.95),(718,64,16,70.00,159.68),(719,64,17,3380.00,732.34),(720,64,18,1835.00,2250.00),(721,64,19,10.00,922.17),(722,64,20,310.00,50.00),(723,64,21,78000.00,3.84),(724,64,22,420.00,3070.00),(725,64,23,1000.00,21.00),(726,64,24,1.00,400.00),(727,64,25,10.00,220.00),(728,64,26,1000.00,230.42);
/*!40000 ALTER TABLE `cierre_turno` ENABLE KEYS */;
UNLOCK TABLES;

--
-- Table structure for table `denominacion`
--

DROP TABLE IF EXISTS `denominacion`;
/*!40101 SET @saved_cs_client     = @@character_set_client */;
/*!40101 SET character_set_client = utf8 */;
CREATE TABLE `denominacion` (
  `id` bigint(20) NOT NULL AUTO_INCREMENT,
  `valor` decimal(15,2) NOT NULL,
  `moneda` bigint(20) NOT NULL,
  PRIMARY KEY (`id`),
  KEY `fk_fx_denominaciones_idx` (`moneda`),
  CONSTRAINT `fk_fx_denominaciones` FOREIGN KEY (`moneda`) REFERENCES `fx` (`id`) ON UPDATE CASCADE
) ENGINE=InnoDB AUTO_INCREMENT=267 DEFAULT CHARSET=utf8;
/*!40101 SET character_set_client = @saved_cs_client */;

--
-- Dumping data for table `denominacion`
--

LOCK TABLES `denominacion` WRITE;
/*!40000 ALTER TABLE `denominacion` DISABLE KEYS */;
INSERT INTO `denominacion` VALUES (113,1.00,1),(114,1000.00,1),(115,2000.00,1),(116,5000.00,1),(117,10000.00,1),(118,20000.00,1),(119,50000.00,1),(120,100000.00,1),(121,1.00,2),(122,2.00,2),(123,5.00,2),(124,10.00,2),(125,20.00,2),(126,50.00,2),(127,100.00,2),(128,5.00,3),(129,10.00,3),(130,20.00,3),(131,50.00,3),(132,100.00,3),(133,200.00,3),(134,500.00,3),(180,50.00,11),(181,20.00,11),(182,10.00,11),(183,5.00,11),(199,100.00,15),(200,50.00,15),(201,20.00,15),(202,10.00,15),(203,5.00,15),(204,1000.00,16),(205,500.00,16),(206,200.00,16),(207,100.00,16),(208,50.00,16),(209,20.00,16),(210,100.00,17),(211,50.00,17),(212,20.00,17),(213,10.00,17),(214,5.00,17),(215,2.00,17),(216,100.00,18),(217,50.00,18),(218,20.00,18),(219,10.00,18),(220,5.00,18),(221,200.00,19),(222,100.00,19),(223,50.00,19),(224,20.00,19),(225,10.00,19),(226,1000.00,20),(227,500.00,20),(228,200.00,20),(229,100.00,20),(230,50.00,20),(231,20.00,20),(232,10.00,20),(233,5.00,20),(234,20000.00,21),(235,10000.00,21),(236,5000.00,21),(237,2000.00,21),(238,1000.00,21),(239,1000.00,22),(240,200.00,22),(241,100.00,22),(242,50.00,22),(243,20.00,22),(244,10.00,22),(245,10000.00,23),(246,5000.00,23),(247,2000.00,23),(248,1000.00,23),(249,100.00,24),(250,50.00,24),(251,20.00,24),(252,10.00,24),(253,5.00,24),(254,2.00,24),(255,1.00,24),(256,1000.00,25),(257,500.00,25),(258,100.00,25),(259,50.00,25),(260,20.00,25),(261,10.00,25),(262,50000.00,26),(263,10000.00,26),(264,5000.00,26),(265,2000.00,26),(266,1000.00,26);
/*!40000 ALTER TABLE `denominacion` ENABLE KEYS */;
UNLOCK TABLES;

--
-- Table structure for table `denominacion_cantidad`
--

DROP TABLE IF EXISTS `denominacion_cantidad`;
/*!40101 SET @saved_cs_client     = @@character_set_client */;
/*!40101 SET character_set_client = utf8 */;
CREATE TABLE `denominacion_cantidad` (
  `id` bigint(20) NOT NULL AUTO_INCREMENT,
  `denominacion` bigint(20) NOT NULL,
  `operacion` bigint(20) DEFAULT NULL,
  `cantidad` int(11) NOT NULL,
  `flujo_extraordinario` bigint(20) DEFAULT NULL,
  `traslado` bigint(20) DEFAULT NULL,
  `tipo` varchar(30) NOT NULL,
  `saldo` bigint(20) DEFAULT NULL,
  `fondeo` bigint(20) DEFAULT NULL,
  PRIMARY KEY (`id`),
  KEY `fk_denominacion_flujos_idx` (`denominacion`),
  KEY `fk_operacion_flujos_idx` (`operacion`),
  KEY `denominacion_cantidad_flujo_extraordinario_FK` (`flujo_extraordinario`),
  KEY `denominacion_cantidad_traslado_FK` (`traslado`),
  KEY `denominacion_cantidad_saldo_FK` (`saldo`),
  KEY `denominacion_cantidad_fondeo_FK` (`fondeo`),
  CONSTRAINT `denominacion_cantidad_flujo_extraordinario_FK` FOREIGN KEY (`flujo_extraordinario`) REFERENCES `flujo_extraordinario` (`id`) ON UPDATE CASCADE,
  CONSTRAINT `denominacion_cantidad_fondeo_FK` FOREIGN KEY (`fondeo`) REFERENCES `fondeo` (`id`) ON UPDATE CASCADE,
  CONSTRAINT `denominacion_cantidad_saldo_FK` FOREIGN KEY (`saldo`) REFERENCES `saldo` (`id`) ON UPDATE CASCADE,
  CONSTRAINT `denominacion_cantidad_traslado_FK` FOREIGN KEY (`traslado`) REFERENCES `traslado` (`id`) ON UPDATE CASCADE,
  CONSTRAINT `fk_denominacion_flujos` FOREIGN KEY (`denominacion`) REFERENCES `denominacion` (`id`) ON UPDATE CASCADE,
  CONSTRAINT `fk_operacion_flujos` FOREIGN KEY (`operacion`) REFERENCES `operacion` (`id`) ON UPDATE CASCADE
) ENGINE=InnoDB AUTO_INCREMENT=5615 DEFAULT CHARSET=utf8;
/*!40101 SET character_set_client = @saved_cs_client */;

--
-- Dumping data for table `denominacion_cantidad`
--

LOCK TABLES `denominacion_cantidad` WRITE;
/*!40000 ALTER TABLE `denominacion_cantidad` DISABLE KEYS */;
INSERT INTO `denominacion_cantidad` VALUES (2915,120,NULL,0,NULL,NULL,'ENTRADA',250,NULL),(2916,119,NULL,0,NULL,NULL,'ENTRADA',250,NULL),(2917,118,NULL,0,NULL,NULL,'ENTRADA',250,NULL),(2918,117,NULL,0,NULL,NULL,'ENTRADA',250,NULL),(2919,116,NULL,0,NULL,NULL,'ENTRADA',250,NULL),(2920,115,NULL,0,NULL,NULL,'ENTRADA',250,NULL),(2921,114,NULL,141939,NULL,NULL,'ENTRADA',250,NULL),(2922,113,NULL,93360,NULL,NULL,'ENTRADA',250,NULL),(2923,127,NULL,0,NULL,NULL,'ENTRADA',251,NULL),(2924,126,NULL,0,NULL,NULL,'ENTRADA',251,NULL),(2925,125,NULL,0,NULL,NULL,'ENTRADA',251,NULL),(2926,124,NULL,0,NULL,NULL,'ENTRADA',251,NULL),(2927,123,NULL,0,NULL,NULL,'ENTRADA',251,NULL),(2928,122,NULL,0,NULL,NULL,'ENTRADA',251,NULL),(2929,121,NULL,38454,NULL,NULL,'ENTRADA',251,NULL),(2930,134,NULL,0,NULL,NULL,'ENTRADA',252,NULL),(2931,133,NULL,0,NULL,NULL,'ENTRADA',252,NULL),(2932,132,NULL,0,NULL,NULL,'ENTRADA',252,NULL),(2933,131,NULL,0,NULL,NULL,'ENTRADA',252,NULL),(2934,130,NULL,0,NULL,NULL,'ENTRADA',252,NULL),(2935,129,NULL,563,NULL,NULL,'ENTRADA',252,NULL),(2936,128,NULL,2262,NULL,NULL,'ENTRADA',252,NULL),(2937,180,NULL,0,NULL,NULL,'ENTRADA',253,NULL),(2938,181,NULL,0,NULL,NULL,'ENTRADA',253,NULL),(2939,182,NULL,0,NULL,NULL,'ENTRADA',253,NULL),(2940,183,NULL,0,NULL,NULL,'ENTRADA',253,NULL),(2941,199,NULL,0,NULL,NULL,'ENTRADA',254,NULL),(2942,200,NULL,0,NULL,NULL,'ENTRADA',254,NULL),(2943,201,NULL,0,NULL,NULL,'ENTRADA',254,NULL),(2944,202,NULL,0,NULL,NULL,'ENTRADA',254,NULL),(2945,203,NULL,3262,NULL,NULL,'ENTRADA',254,NULL),(2946,204,NULL,0,NULL,NULL,'ENTRADA',255,NULL),(2947,205,NULL,0,NULL,NULL,'ENTRADA',255,NULL),(2948,206,NULL,0,NULL,NULL,'ENTRADA',255,NULL),(2949,207,NULL,0,NULL,NULL,'ENTRADA',255,NULL),(2950,208,NULL,1,NULL,NULL,'ENTRADA',255,NULL),(2951,209,NULL,1380,NULL,NULL,'ENTRADA',255,NULL),(2952,210,NULL,0,NULL,NULL,'ENTRADA',256,NULL),(2953,211,NULL,0,NULL,NULL,'ENTRADA',256,NULL),(2954,212,NULL,0,NULL,NULL,'ENTRADA',256,NULL),(2955,213,NULL,0,NULL,NULL,'ENTRADA',256,NULL),(2956,214,NULL,1,NULL,NULL,'ENTRADA',256,NULL),(2957,215,NULL,112,NULL,NULL,'ENTRADA',256,NULL),(2958,216,NULL,0,NULL,NULL,'ENTRADA',257,NULL),(2959,217,NULL,0,NULL,NULL,'ENTRADA',257,NULL),(2960,218,NULL,0,NULL,NULL,'ENTRADA',257,NULL),(2961,219,NULL,0,NULL,NULL,'ENTRADA',257,NULL),(2962,220,NULL,960,NULL,NULL,'ENTRADA',257,NULL),(2963,221,NULL,0,NULL,NULL,'ENTRADA',258,NULL),(2964,222,NULL,0,NULL,NULL,'ENTRADA',258,NULL),(2965,223,NULL,0,NULL,NULL,'ENTRADA',258,NULL),(2966,224,NULL,0,NULL,NULL,'ENTRADA',258,NULL),(2967,225,NULL,1,NULL,NULL,'ENTRADA',258,NULL),(2968,226,NULL,0,NULL,NULL,'ENTRADA',259,NULL),(2969,227,NULL,0,NULL,NULL,'ENTRADA',259,NULL),(2970,228,NULL,0,NULL,NULL,'ENTRADA',259,NULL),(2971,229,NULL,0,NULL,NULL,'ENTRADA',259,NULL),(2972,230,NULL,0,NULL,NULL,'ENTRADA',259,NULL),(2973,231,NULL,0,NULL,NULL,'ENTRADA',259,NULL),(2974,232,NULL,0,NULL,NULL,'ENTRADA',259,NULL),(2975,233,NULL,0,NULL,NULL,'ENTRADA',259,NULL),(2976,234,NULL,0,NULL,NULL,'ENTRADA',260,NULL),(2977,235,NULL,0,NULL,NULL,'ENTRADA',260,NULL),(2978,236,NULL,0,NULL,NULL,'ENTRADA',260,NULL),(2979,237,NULL,0,NULL,NULL,'ENTRADA',260,NULL),(2980,238,NULL,341,NULL,NULL,'ENTRADA',260,NULL),(2981,239,NULL,0,NULL,NULL,'ENTRADA',261,NULL),(2982,240,NULL,0,NULL,NULL,'ENTRADA',261,NULL),(2983,241,NULL,0,NULL,NULL,'ENTRADA',261,NULL),(2984,242,NULL,0,NULL,NULL,'ENTRADA',261,NULL),(2985,243,NULL,0,NULL,NULL,'ENTRADA',261,NULL),(2986,244,NULL,79,NULL,NULL,'ENTRADA',261,NULL),(2987,245,NULL,0,NULL,NULL,'ENTRADA',262,NULL),(2988,246,NULL,0,NULL,NULL,'ENTRADA',262,NULL),(2989,247,NULL,0,NULL,NULL,'ENTRADA',262,NULL),(2990,248,NULL,2,NULL,NULL,'ENTRADA',262,NULL),(2991,249,NULL,0,NULL,NULL,'ENTRADA',263,NULL),(2992,250,NULL,0,NULL,NULL,'ENTRADA',263,NULL),(2993,251,NULL,0,NULL,NULL,'ENTRADA',263,NULL),(2994,252,NULL,0,NULL,NULL,'ENTRADA',263,NULL),(2995,253,NULL,0,NULL,NULL,'ENTRADA',263,NULL),(2996,254,NULL,0,NULL,NULL,'ENTRADA',263,NULL),(2997,255,NULL,41,NULL,NULL,'ENTRADA',263,NULL),(2998,262,NULL,0,NULL,NULL,'ENTRADA',264,NULL),(2999,263,NULL,0,NULL,NULL,'ENTRADA',264,NULL),(3000,264,NULL,0,NULL,NULL,'ENTRADA',264,NULL),(3001,265,NULL,0,NULL,NULL,'ENTRADA',264,NULL),(3002,266,NULL,1,NULL,NULL,'ENTRADA',264,NULL),(3003,256,NULL,0,NULL,NULL,'ENTRADA',265,NULL),(3004,257,NULL,0,NULL,NULL,'ENTRADA',265,NULL),(3005,258,NULL,0,NULL,NULL,'ENTRADA',265,NULL),(3006,259,NULL,0,NULL,NULL,'ENTRADA',265,NULL),(3007,260,NULL,0,NULL,NULL,'ENTRADA',265,NULL),(3008,261,NULL,1,NULL,NULL,'ENTRADA',265,NULL),(3462,120,NULL,0,NULL,NULL,'ENTRADA',341,NULL),(3463,119,NULL,0,NULL,NULL,'ENTRADA',341,NULL),(3464,118,NULL,0,NULL,NULL,'ENTRADA',341,NULL),(3465,117,NULL,0,NULL,NULL,'ENTRADA',341,NULL),(3466,116,NULL,0,NULL,NULL,'ENTRADA',341,NULL),(3467,115,NULL,0,NULL,NULL,'ENTRADA',341,NULL),(3468,114,NULL,203694,NULL,NULL,'ENTRADA',341,NULL),(3469,113,NULL,71050,NULL,NULL,'ENTRADA',341,NULL),(3470,127,NULL,0,NULL,NULL,'ENTRADA',342,NULL),(3471,126,NULL,0,NULL,NULL,'ENTRADA',342,NULL),(3472,125,NULL,0,NULL,NULL,'ENTRADA',342,NULL),(3473,124,NULL,0,NULL,NULL,'ENTRADA',342,NULL),(3474,123,NULL,0,NULL,NULL,'ENTRADA',342,NULL),(3475,122,NULL,0,NULL,NULL,'ENTRADA',342,NULL),(3476,121,NULL,27954,NULL,NULL,'ENTRADA',342,NULL),(3477,134,NULL,0,NULL,NULL,'ENTRADA',343,NULL),(3478,133,NULL,0,NULL,NULL,'ENTRADA',343,NULL),(3479,132,NULL,0,NULL,NULL,'ENTRADA',343,NULL),(3480,131,NULL,0,NULL,NULL,'ENTRADA',343,NULL),(3481,130,NULL,0,NULL,NULL,'ENTRADA',343,NULL),(3482,129,NULL,167,NULL,NULL,'ENTRADA',343,NULL),(3483,128,NULL,2605,NULL,NULL,'ENTRADA',343,NULL),(3484,180,NULL,0,NULL,NULL,'ENTRADA',344,NULL),(3485,181,NULL,0,NULL,NULL,'ENTRADA',344,NULL),(3486,182,NULL,0,NULL,NULL,'ENTRADA',344,NULL),(3487,183,NULL,15,NULL,NULL,'ENTRADA',344,NULL),(3488,199,NULL,0,NULL,NULL,'ENTRADA',345,NULL),(3489,200,NULL,0,NULL,NULL,'ENTRADA',345,NULL),(3490,201,NULL,0,NULL,NULL,'ENTRADA',345,NULL),(3491,202,NULL,0,NULL,NULL,'ENTRADA',345,NULL),(3492,203,NULL,1883,NULL,NULL,'ENTRADA',345,NULL),(3493,204,NULL,0,NULL,NULL,'ENTRADA',346,NULL),(3494,205,NULL,0,NULL,NULL,'ENTRADA',346,NULL),(3495,206,NULL,0,NULL,NULL,'ENTRADA',346,NULL),(3496,207,NULL,0,NULL,NULL,'ENTRADA',346,NULL),(3497,208,NULL,0,NULL,NULL,'ENTRADA',346,NULL),(3498,209,NULL,2,NULL,NULL,'ENTRADA',346,NULL),(3499,210,NULL,0,NULL,NULL,'ENTRADA',347,NULL),(3500,211,NULL,0,NULL,NULL,'ENTRADA',347,NULL),(3501,212,NULL,0,NULL,NULL,'ENTRADA',347,NULL),(3502,213,NULL,0,NULL,NULL,'ENTRADA',347,NULL),(3503,214,NULL,0,NULL,NULL,'ENTRADA',347,NULL),(3504,215,NULL,64,NULL,NULL,'ENTRADA',347,NULL),(3505,216,NULL,0,NULL,NULL,'ENTRADA',348,NULL),(3506,217,NULL,0,NULL,NULL,'ENTRADA',348,NULL),(3507,218,NULL,0,NULL,NULL,'ENTRADA',348,NULL),(3508,219,NULL,0,NULL,NULL,'ENTRADA',348,NULL),(3509,220,NULL,23,NULL,NULL,'ENTRADA',348,NULL),(3510,221,NULL,0,NULL,NULL,'ENTRADA',349,NULL),(3511,222,NULL,0,NULL,NULL,'ENTRADA',349,NULL),(3512,223,NULL,0,NULL,NULL,'ENTRADA',349,NULL),(3513,224,NULL,0,NULL,NULL,'ENTRADA',349,NULL),(3514,225,NULL,5,NULL,NULL,'ENTRADA',349,NULL),(3515,226,NULL,0,NULL,NULL,'ENTRADA',350,NULL),(3516,227,NULL,0,NULL,NULL,'ENTRADA',350,NULL),(3517,228,NULL,0,NULL,NULL,'ENTRADA',350,NULL),(3518,229,NULL,0,NULL,NULL,'ENTRADA',350,NULL),(3519,230,NULL,0,NULL,NULL,'ENTRADA',350,NULL),(3520,231,NULL,0,NULL,NULL,'ENTRADA',350,NULL),(3521,232,NULL,0,NULL,NULL,'ENTRADA',350,NULL),(3522,233,NULL,68,NULL,NULL,'ENTRADA',350,NULL),(3523,234,NULL,0,NULL,NULL,'ENTRADA',351,NULL),(3524,235,NULL,0,NULL,NULL,'ENTRADA',351,NULL),(3525,236,NULL,0,NULL,NULL,'ENTRADA',351,NULL),(3526,237,NULL,0,NULL,NULL,'ENTRADA',351,NULL),(3527,238,NULL,43,NULL,NULL,'ENTRADA',351,NULL),(3528,239,NULL,0,NULL,NULL,'ENTRADA',352,NULL),(3529,240,NULL,0,NULL,NULL,'ENTRADA',352,NULL),(3530,241,NULL,0,NULL,NULL,'ENTRADA',352,NULL),(3531,242,NULL,0,NULL,NULL,'ENTRADA',352,NULL),(3532,243,NULL,0,NULL,NULL,'ENTRADA',352,NULL),(3533,244,NULL,323,NULL,NULL,'ENTRADA',352,NULL),(3534,245,NULL,0,NULL,NULL,'ENTRADA',353,NULL),(3535,246,NULL,0,NULL,NULL,'ENTRADA',353,NULL),(3536,247,NULL,0,NULL,NULL,'ENTRADA',353,NULL),(3537,248,NULL,1,NULL,NULL,'ENTRADA',353,NULL),(3538,249,NULL,0,NULL,NULL,'ENTRADA',354,NULL),(3539,250,NULL,0,NULL,NULL,'ENTRADA',354,NULL),(3540,251,NULL,0,NULL,NULL,'ENTRADA',354,NULL),(3541,252,NULL,0,NULL,NULL,'ENTRADA',354,NULL),(3542,253,NULL,0,NULL,NULL,'ENTRADA',354,NULL),(3543,254,NULL,0,NULL,NULL,'ENTRADA',354,NULL),(3544,255,NULL,829,NULL,NULL,'ENTRADA',354,NULL),(3545,256,NULL,0,NULL,NULL,'ENTRADA',355,NULL),(3546,257,NULL,0,NULL,NULL,'ENTRADA',355,NULL),(3547,258,NULL,0,NULL,NULL,'ENTRADA',355,NULL),(3548,259,NULL,0,NULL,NULL,'ENTRADA',355,NULL),(3549,260,NULL,0,NULL,NULL,'ENTRADA',355,NULL),(3550,261,NULL,20,NULL,NULL,'ENTRADA',355,NULL),(3551,262,NULL,0,NULL,NULL,'ENTRADA',356,NULL),(3552,263,NULL,0,NULL,NULL,'ENTRADA',356,NULL),(3553,264,NULL,0,NULL,NULL,'ENTRADA',356,NULL),(3554,265,NULL,0,NULL,NULL,'ENTRADA',356,NULL),(3555,266,NULL,1,NULL,NULL,'ENTRADA',356,NULL),(4517,120,NULL,0,NULL,NULL,'ENTRADA',517,NULL),(4518,119,NULL,0,NULL,NULL,'ENTRADA',517,NULL),(4519,118,NULL,0,NULL,NULL,'ENTRADA',517,NULL),(4520,117,NULL,0,NULL,NULL,'ENTRADA',517,NULL),(4521,116,NULL,0,NULL,NULL,'ENTRADA',517,NULL),(4522,115,NULL,0,NULL,NULL,'ENTRADA',517,NULL),(4523,114,NULL,35978,NULL,NULL,'ENTRADA',517,NULL),(4524,113,NULL,14549,NULL,NULL,'ENTRADA',517,NULL),(4525,127,NULL,0,NULL,NULL,'ENTRADA',518,NULL),(4526,126,NULL,0,NULL,NULL,'ENTRADA',518,NULL),(4527,125,NULL,0,NULL,NULL,'ENTRADA',518,NULL),(4528,124,NULL,0,NULL,NULL,'ENTRADA',518,NULL),(4529,123,NULL,0,NULL,NULL,'ENTRADA',518,NULL),(4530,122,NULL,0,NULL,NULL,'ENTRADA',518,NULL),(4531,121,NULL,15547,NULL,NULL,'ENTRADA',518,NULL),(4532,134,NULL,0,NULL,NULL,'ENTRADA',519,NULL),(4533,133,NULL,0,NULL,NULL,'ENTRADA',519,NULL),(4534,132,NULL,0,NULL,NULL,'ENTRADA',519,NULL),(4535,131,NULL,0,NULL,NULL,'ENTRADA',519,NULL),(4536,130,NULL,0,NULL,NULL,'ENTRADA',519,NULL),(4537,129,NULL,0,NULL,NULL,'ENTRADA',519,NULL),(4538,128,NULL,216,NULL,NULL,'ENTRADA',519,NULL),(4539,180,NULL,0,NULL,NULL,'ENTRADA',520,NULL),(4540,181,NULL,0,NULL,NULL,'ENTRADA',520,NULL),(4541,182,NULL,0,NULL,NULL,'ENTRADA',520,NULL),(4542,183,NULL,20,NULL,NULL,'ENTRADA',520,NULL),(4543,199,NULL,0,NULL,NULL,'ENTRADA',521,NULL),(4544,200,NULL,0,NULL,NULL,'ENTRADA',521,NULL),(4545,201,NULL,0,NULL,NULL,'ENTRADA',521,NULL),(4546,202,NULL,0,NULL,NULL,'ENTRADA',521,NULL),(4547,203,NULL,383,NULL,NULL,'ENTRADA',521,NULL),(4548,204,NULL,0,NULL,NULL,'ENTRADA',522,NULL),(4549,205,NULL,0,NULL,NULL,'ENTRADA',522,NULL),(4550,206,NULL,0,NULL,NULL,'ENTRADA',522,NULL),(4551,207,NULL,0,NULL,NULL,'ENTRADA',522,NULL),(4552,208,NULL,0,NULL,NULL,'ENTRADA',522,NULL),(4553,209,NULL,275,NULL,NULL,'ENTRADA',522,NULL),(4554,210,NULL,0,NULL,NULL,'ENTRADA',523,NULL),(4555,211,NULL,0,NULL,NULL,'ENTRADA',523,NULL),(4556,212,NULL,0,NULL,NULL,'ENTRADA',523,NULL),(4557,213,NULL,0,NULL,NULL,'ENTRADA',523,NULL),(4558,214,NULL,0,NULL,NULL,'ENTRADA',523,NULL),(4559,215,NULL,144,NULL,NULL,'ENTRADA',523,NULL),(4560,216,NULL,0,NULL,NULL,'ENTRADA',524,NULL),(4561,217,NULL,0,NULL,NULL,'ENTRADA',524,NULL),(4562,218,NULL,0,NULL,NULL,'ENTRADA',524,NULL),(4563,219,NULL,0,NULL,NULL,'ENTRADA',524,NULL),(4564,220,NULL,47,NULL,NULL,'ENTRADA',524,NULL),(4565,221,NULL,0,NULL,NULL,'ENTRADA',525,NULL),(4566,222,NULL,0,NULL,NULL,'ENTRADA',525,NULL),(4567,223,NULL,0,NULL,NULL,'ENTRADA',525,NULL),(4568,224,NULL,0,NULL,NULL,'ENTRADA',525,NULL),(4569,225,NULL,72,NULL,NULL,'ENTRADA',525,NULL),(4570,226,NULL,0,NULL,NULL,'ENTRADA',526,NULL),(4571,227,NULL,0,NULL,NULL,'ENTRADA',526,NULL),(4572,228,NULL,0,NULL,NULL,'ENTRADA',526,NULL),(4573,229,NULL,0,NULL,NULL,'ENTRADA',526,NULL),(4574,230,NULL,0,NULL,NULL,'ENTRADA',526,NULL),(4575,231,NULL,0,NULL,NULL,'ENTRADA',526,NULL),(4576,232,NULL,0,NULL,NULL,'ENTRADA',526,NULL),(4577,233,NULL,1451,NULL,NULL,'ENTRADA',526,NULL),(4578,234,NULL,0,NULL,NULL,'ENTRADA',527,NULL),(4579,235,NULL,0,NULL,NULL,'ENTRADA',527,NULL),(4580,236,NULL,0,NULL,NULL,'ENTRADA',527,NULL),(4581,237,NULL,0,NULL,NULL,'ENTRADA',527,NULL),(4582,238,NULL,27,NULL,NULL,'ENTRADA',527,NULL),(4583,239,NULL,0,NULL,NULL,'ENTRADA',528,NULL),(4584,240,NULL,0,NULL,NULL,'ENTRADA',528,NULL),(4585,241,NULL,0,NULL,NULL,'ENTRADA',528,NULL),(4586,242,NULL,0,NULL,NULL,'ENTRADA',528,NULL),(4587,243,NULL,0,NULL,NULL,'ENTRADA',528,NULL),(4588,244,NULL,68,NULL,NULL,'ENTRADA',528,NULL),(4589,245,NULL,0,NULL,NULL,'ENTRADA',529,NULL),(4590,246,NULL,0,NULL,NULL,'ENTRADA',529,NULL),(4591,247,NULL,0,NULL,NULL,'ENTRADA',529,NULL),(4592,248,NULL,2,NULL,NULL,'ENTRADA',529,NULL),(4593,249,NULL,0,NULL,NULL,'ENTRADA',530,NULL),(4594,250,NULL,0,NULL,NULL,'ENTRADA',530,NULL),(4595,251,NULL,0,NULL,NULL,'ENTRADA',530,NULL),(4596,252,NULL,0,NULL,NULL,'ENTRADA',530,NULL),(4597,253,NULL,0,NULL,NULL,'ENTRADA',530,NULL),(4598,254,NULL,0,NULL,NULL,'ENTRADA',530,NULL),(4599,255,NULL,1,NULL,NULL,'ENTRADA',530,NULL),(4600,256,NULL,0,NULL,NULL,'ENTRADA',531,NULL),(4601,257,NULL,0,NULL,NULL,'ENTRADA',531,NULL),(4602,258,NULL,0,NULL,NULL,'ENTRADA',531,NULL),(4603,259,NULL,0,NULL,NULL,'ENTRADA',531,NULL),(4604,260,NULL,0,NULL,NULL,'ENTRADA',531,NULL),(4605,261,NULL,1,NULL,NULL,'ENTRADA',531,NULL),(4606,262,NULL,0,NULL,NULL,'ENTRADA',532,NULL),(4607,263,NULL,0,NULL,NULL,'ENTRADA',532,NULL),(4608,264,NULL,0,NULL,NULL,'ENTRADA',532,NULL),(4609,265,NULL,0,NULL,NULL,'ENTRADA',532,NULL),(4610,266,NULL,1,NULL,NULL,'ENTRADA',532,NULL),(4611,120,NULL,0,NULL,NULL,'ENTRADA',533,NULL),(4612,119,NULL,0,NULL,NULL,'ENTRADA',533,NULL),(4613,118,NULL,0,NULL,NULL,'ENTRADA',533,NULL),(4614,117,NULL,0,NULL,NULL,'ENTRADA',533,NULL),(4615,116,NULL,0,NULL,NULL,'ENTRADA',533,NULL),(4616,115,NULL,0,NULL,NULL,'ENTRADA',533,NULL),(4617,114,NULL,116715,NULL,NULL,'ENTRADA',533,NULL),(4618,113,NULL,61388,NULL,NULL,'ENTRADA',533,NULL),(4619,127,NULL,0,NULL,NULL,'ENTRADA',534,NULL),(4620,126,NULL,0,NULL,NULL,'ENTRADA',534,NULL),(4621,125,NULL,0,NULL,NULL,'ENTRADA',534,NULL),(4622,124,NULL,0,NULL,NULL,'ENTRADA',534,NULL),(4623,123,NULL,0,NULL,NULL,'ENTRADA',534,NULL),(4624,122,NULL,0,NULL,NULL,'ENTRADA',534,NULL),(4625,121,NULL,13141,NULL,NULL,'ENTRADA',534,NULL),(4626,134,NULL,0,NULL,NULL,'ENTRADA',535,NULL),(4627,133,NULL,0,NULL,NULL,'ENTRADA',535,NULL),(4628,132,NULL,0,NULL,NULL,'ENTRADA',535,NULL),(4629,131,NULL,0,NULL,NULL,'ENTRADA',535,NULL),(4630,130,NULL,0,NULL,NULL,'ENTRADA',535,NULL),(4631,129,NULL,0,NULL,NULL,'ENTRADA',535,NULL),(4632,128,NULL,92,NULL,NULL,'ENTRADA',535,NULL),(4633,180,NULL,0,NULL,NULL,'ENTRADA',536,NULL),(4634,181,NULL,0,NULL,NULL,'ENTRADA',536,NULL),(4635,182,NULL,0,NULL,NULL,'ENTRADA',536,NULL),(4636,183,NULL,0,NULL,NULL,'ENTRADA',536,NULL),(4637,199,NULL,0,NULL,NULL,'ENTRADA',537,NULL),(4638,200,NULL,0,NULL,NULL,'ENTRADA',537,NULL),(4639,201,NULL,0,NULL,NULL,'ENTRADA',537,NULL),(4640,202,NULL,0,NULL,NULL,'ENTRADA',537,NULL),(4641,203,NULL,39,NULL,NULL,'ENTRADA',537,NULL),(4642,204,NULL,0,NULL,NULL,'ENTRADA',538,NULL),(4643,205,NULL,0,NULL,NULL,'ENTRADA',538,NULL),(4644,206,NULL,0,NULL,NULL,'ENTRADA',538,NULL),(4645,207,NULL,0,NULL,NULL,'ENTRADA',538,NULL),(4646,208,NULL,1,NULL,NULL,'ENTRADA',538,NULL),(4647,209,NULL,1,NULL,NULL,'ENTRADA',538,NULL),(4648,210,NULL,0,NULL,NULL,'ENTRADA',539,NULL),(4649,211,NULL,0,NULL,NULL,'ENTRADA',539,NULL),(4650,212,NULL,0,NULL,NULL,'ENTRADA',539,NULL),(4651,213,NULL,0,NULL,NULL,'ENTRADA',539,NULL),(4652,214,NULL,0,NULL,NULL,'ENTRADA',539,NULL),(4653,215,NULL,1690,NULL,NULL,'ENTRADA',539,NULL),(4654,216,NULL,0,NULL,NULL,'ENTRADA',540,NULL),(4655,217,NULL,0,NULL,NULL,'ENTRADA',540,NULL),(4656,218,NULL,0,NULL,NULL,'ENTRADA',540,NULL),(4657,219,NULL,0,NULL,NULL,'ENTRADA',540,NULL),(4658,220,NULL,367,NULL,NULL,'ENTRADA',540,NULL),(4659,221,NULL,0,NULL,NULL,'ENTRADA',541,NULL),(4660,222,NULL,0,NULL,NULL,'ENTRADA',541,NULL),(4661,223,NULL,0,NULL,NULL,'ENTRADA',541,NULL),(4662,224,NULL,0,NULL,NULL,'ENTRADA',541,NULL),(4663,225,NULL,1,NULL,NULL,'ENTRADA',541,NULL),(4664,226,NULL,0,NULL,NULL,'ENTRADA',542,NULL),(4665,227,NULL,0,NULL,NULL,'ENTRADA',542,NULL),(4666,228,NULL,0,NULL,NULL,'ENTRADA',542,NULL),(4667,229,NULL,0,NULL,NULL,'ENTRADA',542,NULL),(4668,230,NULL,0,NULL,NULL,'ENTRADA',542,NULL),(4669,231,NULL,0,NULL,NULL,'ENTRADA',542,NULL),(4670,232,NULL,0,NULL,NULL,'ENTRADA',542,NULL),(4671,233,NULL,62,NULL,NULL,'ENTRADA',542,NULL),(4672,234,NULL,0,NULL,NULL,'ENTRADA',543,NULL),(4673,235,NULL,0,NULL,NULL,'ENTRADA',543,NULL),(4674,236,NULL,0,NULL,NULL,'ENTRADA',543,NULL),(4675,237,NULL,0,NULL,NULL,'ENTRADA',543,NULL),(4676,238,NULL,78,NULL,NULL,'ENTRADA',543,NULL),(4677,239,NULL,0,NULL,NULL,'ENTRADA',544,NULL),(4678,240,NULL,0,NULL,NULL,'ENTRADA',544,NULL),(4679,241,NULL,0,NULL,NULL,'ENTRADA',544,NULL),(4680,242,NULL,0,NULL,NULL,'ENTRADA',544,NULL),(4681,243,NULL,0,NULL,NULL,'ENTRADA',544,NULL),(4682,244,NULL,42,NULL,NULL,'ENTRADA',544,NULL),(4683,245,NULL,0,NULL,NULL,'ENTRADA',545,NULL),(4684,246,NULL,0,NULL,NULL,'ENTRADA',545,NULL),(4685,247,NULL,0,NULL,NULL,'ENTRADA',545,NULL),(4686,248,NULL,1,NULL,NULL,'ENTRADA',545,NULL),(4687,249,NULL,0,NULL,NULL,'ENTRADA',546,NULL),(4688,250,NULL,0,NULL,NULL,'ENTRADA',546,NULL),(4689,251,NULL,0,NULL,NULL,'ENTRADA',546,NULL),(4690,252,NULL,0,NULL,NULL,'ENTRADA',546,NULL),(4691,253,NULL,0,NULL,NULL,'ENTRADA',546,NULL),(4692,254,NULL,0,NULL,NULL,'ENTRADA',546,NULL),(4693,255,NULL,1,NULL,NULL,'ENTRADA',546,NULL),(4694,256,NULL,0,NULL,NULL,'ENTRADA',547,NULL),(4695,257,NULL,0,NULL,NULL,'ENTRADA',547,NULL),(4696,258,NULL,0,NULL,NULL,'ENTRADA',547,NULL),(4697,259,NULL,0,NULL,NULL,'ENTRADA',547,NULL),(4698,260,NULL,0,NULL,NULL,'ENTRADA',547,NULL),(4699,261,NULL,1,NULL,NULL,'ENTRADA',547,NULL),(4700,262,NULL,0,NULL,NULL,'ENTRADA',548,NULL),(4701,263,NULL,0,NULL,NULL,'ENTRADA',548,NULL),(4702,264,NULL,0,NULL,NULL,'ENTRADA',548,NULL),(4703,265,NULL,0,NULL,NULL,'ENTRADA',548,NULL),(4704,266,NULL,1,NULL,NULL,'ENTRADA',548,NULL),(4709,113,96,600,NULL,NULL,'SALIDA',NULL,NULL),(4710,114,96,20217,NULL,NULL,'SALIDA',NULL,NULL),(4711,121,96,6318,NULL,NULL,'ENTRADA',NULL,NULL),(4712,121,97,7674,NULL,NULL,'SALIDA',NULL,NULL),(4713,114,97,25170,NULL,NULL,'ENTRADA',NULL,NULL),(4714,113,97,720,NULL,NULL,'ENTRADA',NULL,NULL),(4715,121,98,10496,NULL,NULL,'SALIDA',NULL,NULL),(4716,113,98,840,NULL,NULL,'ENTRADA',NULL,NULL),(4717,114,98,34531,NULL,NULL,'ENTRADA',NULL,NULL),(4718,121,99,977,NULL,NULL,'SALIDA',NULL,NULL),(4719,113,99,215,NULL,NULL,'ENTRADA',NULL,NULL),(4720,114,99,3219,NULL,NULL,'ENTRADA',NULL,NULL),(4721,114,100,710,NULL,NULL,'SALIDA',NULL,NULL),(4722,129,100,20,NULL,NULL,'ENTRADA',NULL,NULL),(4723,113,101,500,NULL,NULL,'SALIDA',NULL,NULL),(4724,114,101,1606,NULL,NULL,'SALIDA',NULL,NULL),(4725,129,101,45,NULL,NULL,'ENTRADA',NULL,NULL),(4726,114,102,3293,NULL,NULL,'SALIDA',NULL,NULL),(4727,113,102,600,NULL,NULL,'SALIDA',NULL,NULL),(4728,129,102,92,NULL,NULL,'ENTRADA',NULL,NULL),(4729,114,103,359,NULL,NULL,'SALIDA',NULL,NULL),(4730,129,103,10,NULL,NULL,'ENTRADA',NULL,NULL),(4731,129,104,1076,NULL,NULL,'SALIDA',NULL,NULL),(4732,114,104,39489,NULL,NULL,'ENTRADA',NULL,NULL),(4733,113,104,200,NULL,NULL,'ENTRADA',NULL,NULL),(4734,129,105,155,NULL,NULL,'SALIDA',NULL,NULL),(4735,114,105,5704,NULL,NULL,'ENTRADA',NULL,NULL),(4736,129,106,173,NULL,NULL,'SALIDA',NULL,NULL),(4737,113,106,700,NULL,NULL,'ENTRADA',NULL,NULL),(4738,114,106,6383,NULL,NULL,'ENTRADA',NULL,NULL),(4739,114,107,3,NULL,NULL,'SALIDA',NULL,NULL),(4740,113,107,200,NULL,NULL,'SALIDA',NULL,NULL),(4741,209,107,1,NULL,NULL,'ENTRADA',NULL,NULL),(4742,209,108,5,NULL,NULL,'SALIDA',NULL,NULL),(4743,113,108,77,NULL,NULL,'ENTRADA',NULL,NULL),(4744,114,108,18,NULL,NULL,'ENTRADA',NULL,NULL),(4745,113,109,77,NULL,NULL,'SALIDA',NULL,NULL),(4746,114,109,18,NULL,NULL,'SALIDA',NULL,NULL),(4747,208,109,2,NULL,NULL,'ENTRADA',NULL,NULL),(4748,209,110,511,NULL,NULL,'SALIDA',NULL,NULL),(4749,208,110,1,NULL,NULL,'SALIDA',NULL,NULL),(4750,114,110,2002,NULL,NULL,'ENTRADA',NULL,NULL),(4751,113,110,650,NULL,NULL,'ENTRADA',NULL,NULL),(4752,113,111,980,NULL,NULL,'SALIDA',NULL,NULL),(4753,114,111,167,NULL,NULL,'SALIDA',NULL,NULL),(4754,215,111,111,NULL,NULL,'ENTRADA',NULL,NULL),(4755,214,111,1,NULL,NULL,'ENTRADA',NULL,NULL),(4756,114,112,702,NULL,NULL,'SALIDA',NULL,NULL),(4757,238,112,180,NULL,NULL,'ENTRADA',NULL,NULL),(4758,183,113,7,NULL,NULL,'SALIDA',NULL,NULL),(4759,113,113,250,NULL,NULL,'ENTRADA',NULL,NULL),(4760,114,113,152,NULL,NULL,'ENTRADA',NULL,NULL),(4761,183,114,10,NULL,NULL,'SALIDA',NULL,NULL),(4762,114,114,212,NULL,NULL,'ENTRADA',NULL,NULL),(4763,113,114,500,NULL,NULL,'ENTRADA',NULL,NULL),(4764,203,115,338,NULL,NULL,'SALIDA',NULL,NULL),(4765,114,115,4495,NULL,NULL,'ENTRADA',NULL,NULL),(4766,113,115,400,NULL,NULL,'ENTRADA',NULL,NULL),(4767,233,116,2002,NULL,NULL,'SALIDA',NULL,NULL),(4768,114,116,950,NULL,NULL,'ENTRADA',NULL,NULL),(4769,113,116,950,NULL,NULL,'ENTRADA',NULL,NULL),(4770,119,NULL,0,5,NULL,'SALIDA',NULL,NULL),(4771,118,NULL,0,5,NULL,'SALIDA',NULL,NULL),(4772,113,NULL,113,5,NULL,'SALIDA',NULL,NULL),(4773,116,NULL,0,5,NULL,'SALIDA',NULL,NULL),(4774,115,NULL,0,5,NULL,'SALIDA',NULL,NULL),(4775,117,NULL,0,5,NULL,'SALIDA',NULL,NULL),(4776,114,NULL,663,5,NULL,'SALIDA',NULL,NULL),(4777,120,NULL,0,5,NULL,'SALIDA',NULL,NULL),(4778,127,NULL,0,NULL,4,'SALIDA',NULL,NULL),(4779,121,NULL,14000,NULL,4,'SALIDA',NULL,NULL),(4780,122,NULL,0,NULL,4,'SALIDA',NULL,NULL),(4781,123,NULL,0,NULL,4,'SALIDA',NULL,NULL),(4782,125,NULL,0,NULL,4,'SALIDA',NULL,NULL),(4783,126,NULL,0,NULL,4,'SALIDA',NULL,NULL),(4784,124,NULL,0,NULL,4,'SALIDA',NULL,NULL),(4785,124,NULL,0,NULL,5,'SALIDA',NULL,NULL),(4786,123,NULL,0,NULL,5,'SALIDA',NULL,NULL),(4787,122,NULL,0,NULL,5,'SALIDA',NULL,NULL),(4788,126,NULL,0,NULL,5,'SALIDA',NULL,NULL),(4789,125,NULL,0,NULL,5,'SALIDA',NULL,NULL),(4790,127,NULL,0,NULL,5,'SALIDA',NULL,NULL),(4791,121,NULL,20000,NULL,5,'SALIDA',NULL,NULL),(4792,133,NULL,0,NULL,6,'SALIDA',NULL,NULL),(4793,131,NULL,0,NULL,6,'SALIDA',NULL,NULL),(4794,130,NULL,0,NULL,6,'SALIDA',NULL,NULL),(4795,134,NULL,0,NULL,6,'SALIDA',NULL,NULL),(4796,129,NULL,200,NULL,6,'SALIDA',NULL,NULL),(4797,128,NULL,0,NULL,6,'SALIDA',NULL,NULL),(4798,132,NULL,0,NULL,6,'SALIDA',NULL,NULL),(4799,119,NULL,0,6,NULL,'SALIDA',NULL,NULL),(4800,118,NULL,0,6,NULL,'SALIDA',NULL,NULL),(4801,117,NULL,0,6,NULL,'SALIDA',NULL,NULL),(4802,115,NULL,0,6,NULL,'SALIDA',NULL,NULL),(4803,114,NULL,13448,6,NULL,'SALIDA',NULL,NULL),(4804,116,NULL,0,6,NULL,'SALIDA',NULL,NULL),(4805,113,NULL,615,6,NULL,'SALIDA',NULL,NULL),(4806,120,NULL,0,6,NULL,'SALIDA',NULL,NULL),(4807,113,117,375,NULL,NULL,'SALIDA',NULL,NULL),(4808,114,117,15012,NULL,NULL,'SALIDA',NULL,NULL),(4809,121,117,4655,NULL,NULL,'ENTRADA',NULL,NULL),(4810,121,118,578,NULL,NULL,'SALIDA',NULL,NULL),(4811,114,118,1901,NULL,NULL,'ENTRADA',NULL,NULL),(4812,113,118,620,NULL,NULL,'ENTRADA',NULL,NULL),(4813,121,119,686,NULL,NULL,'SALIDA',NULL,NULL),(4814,114,119,2263,NULL,NULL,'ENTRADA',NULL,NULL),(4815,113,119,800,NULL,NULL,'ENTRADA',NULL,NULL),(4816,128,120,26,NULL,NULL,'SALIDA',NULL,NULL),(4817,114,120,481,NULL,NULL,'ENTRADA',NULL,NULL),(4818,209,121,205,NULL,NULL,'SALIDA',NULL,NULL),(4819,114,121,799,NULL,NULL,'ENTRADA',NULL,NULL),(4820,113,121,500,NULL,NULL,'ENTRADA',NULL,NULL),(4821,120,NULL,0,7,NULL,'SALIDA',NULL,NULL),(4822,118,NULL,0,7,NULL,'SALIDA',NULL,NULL),(4823,117,NULL,0,7,NULL,'SALIDA',NULL,NULL),(4824,119,NULL,0,7,NULL,'SALIDA',NULL,NULL),(4825,115,NULL,0,7,NULL,'SALIDA',NULL,NULL),(4826,116,NULL,0,7,NULL,'SALIDA',NULL,NULL),(4827,113,NULL,550,7,NULL,'SALIDA',NULL,NULL),(4828,114,NULL,53,7,NULL,'SALIDA',NULL,NULL),(4829,114,122,6185,NULL,NULL,'SALIDA',NULL,NULL),(4830,113,122,410,NULL,NULL,'SALIDA',NULL,NULL),(4831,121,122,1939,NULL,NULL,'ENTRADA',NULL,NULL),(4832,113,123,600,NULL,NULL,'SALIDA',NULL,NULL),(4833,114,123,20185,NULL,NULL,'SALIDA',NULL,NULL),(4834,121,123,6308,NULL,NULL,'ENTRADA',NULL,NULL),(4835,121,124,414,NULL,NULL,'SALIDA',NULL,NULL),(4836,114,124,1362,NULL,NULL,'ENTRADA',NULL,NULL),(4837,113,124,60,NULL,NULL,'ENTRADA',NULL,NULL),(4838,121,125,3671,NULL,NULL,'SALIDA',NULL,NULL),(4839,113,125,300,NULL,NULL,'ENTRADA',NULL,NULL),(4840,114,125,12114,NULL,NULL,'ENTRADA',NULL,NULL),(4841,121,126,2637,NULL,NULL,'SALIDA',NULL,NULL),(4842,113,126,285,NULL,NULL,'ENTRADA',NULL,NULL),(4843,114,126,8715,NULL,NULL,'ENTRADA',NULL,NULL),(4844,121,127,400,NULL,NULL,'SALIDA',NULL,NULL),(4845,114,127,1332,NULL,NULL,'ENTRADA',NULL,NULL),(4846,114,128,357,NULL,NULL,'SALIDA',NULL,NULL),(4847,129,128,10,NULL,NULL,'ENTRADA',NULL,NULL),(4848,114,129,1038,NULL,NULL,'SALIDA',NULL,NULL),(4849,113,129,200,NULL,NULL,'SALIDA',NULL,NULL),(4850,129,129,29,NULL,NULL,'ENTRADA',NULL,NULL),(4851,113,130,300,NULL,NULL,'SALIDA',NULL,NULL),(4852,114,130,5995,NULL,NULL,'SALIDA',NULL,NULL),(4853,129,130,167,NULL,NULL,'ENTRADA',NULL,NULL),(4854,113,131,400,NULL,NULL,'SALIDA',NULL,NULL),(4855,114,131,5,NULL,NULL,'SALIDA',NULL,NULL),(4856,233,131,18,NULL,NULL,'ENTRADA',NULL,NULL),(4857,117,NULL,0,8,NULL,'SALIDA',NULL,NULL),(4858,113,NULL,0,8,NULL,'SALIDA',NULL,NULL),(4859,116,NULL,0,8,NULL,'SALIDA',NULL,NULL),(4860,115,NULL,0,8,NULL,'SALIDA',NULL,NULL),(4861,120,NULL,0,8,NULL,'SALIDA',NULL,NULL),(4862,118,NULL,0,8,NULL,'SALIDA',NULL,NULL),(4863,114,NULL,15,8,NULL,'SALIDA',NULL,NULL),(4864,119,NULL,0,8,NULL,'SALIDA',NULL,NULL),(4865,114,132,9616,NULL,NULL,'SALIDA',NULL,NULL),(4866,121,132,3005,NULL,NULL,'ENTRADA',NULL,NULL),(4867,121,133,5651,NULL,NULL,'SALIDA',NULL,NULL),(4868,114,133,18535,NULL,NULL,'ENTRADA',NULL,NULL),(4869,113,133,280,NULL,NULL,'ENTRADA',NULL,NULL),(4870,121,134,12266,NULL,NULL,'SALIDA',NULL,NULL),(4871,113,134,140,NULL,NULL,'ENTRADA',NULL,NULL),(4872,114,134,40355,NULL,NULL,'ENTRADA',NULL,NULL),(4873,121,135,7869,NULL,NULL,'SALIDA',NULL,NULL),(4874,114,135,25928,NULL,NULL,'ENTRADA',NULL,NULL),(4875,113,135,355,NULL,NULL,'ENTRADA',NULL,NULL),(4876,114,136,3500,NULL,NULL,'SALIDA',NULL,NULL),(4877,129,136,100,NULL,NULL,'ENTRADA',NULL,NULL),(4878,113,137,600,NULL,NULL,'SALIDA',NULL,NULL),(4879,114,137,10990,NULL,NULL,'SALIDA',NULL,NULL),(4880,129,137,307,NULL,NULL,'ENTRADA',NULL,NULL),(4881,128,138,1351,NULL,NULL,'SALIDA',NULL,NULL),(4882,114,138,24790,NULL,NULL,'ENTRADA',NULL,NULL),(4883,113,138,850,NULL,NULL,'ENTRADA',NULL,NULL),(4884,128,139,15,NULL,NULL,'SALIDA',NULL,NULL),(4885,129,139,180,NULL,NULL,'SALIDA',NULL,NULL),(4886,114,139,6900,NULL,NULL,'ENTRADA',NULL,NULL),(4887,129,140,60,NULL,NULL,'SALIDA',NULL,NULL),(4888,114,140,2214,NULL,NULL,'ENTRADA',NULL,NULL),(4889,183,141,12,NULL,NULL,'SALIDA',NULL,NULL),(4890,113,141,800,NULL,NULL,'ENTRADA',NULL,NULL),(4891,114,141,259,NULL,NULL,'ENTRADA',NULL,NULL),(4892,203,142,36,NULL,NULL,'SALIDA',NULL,NULL),(4893,114,142,478,NULL,NULL,'ENTRADA',NULL,NULL),(4894,113,142,800,NULL,NULL,'ENTRADA',NULL,NULL),(4895,215,143,552,NULL,NULL,'SALIDA',NULL,NULL),(4896,113,143,440,NULL,NULL,'ENTRADA',NULL,NULL),(4897,114,143,949,NULL,NULL,'ENTRADA',NULL,NULL),(4898,116,NULL,0,9,NULL,'SALIDA',NULL,NULL),(4899,118,NULL,0,9,NULL,'SALIDA',NULL,NULL),(4900,117,NULL,0,9,NULL,'SALIDA',NULL,NULL),(4901,114,NULL,8,9,NULL,'SALIDA',NULL,NULL),(4902,120,NULL,0,9,NULL,'SALIDA',NULL,NULL),(4903,119,NULL,0,9,NULL,'SALIDA',NULL,NULL),(4904,113,NULL,0,9,NULL,'SALIDA',NULL,NULL),(4905,115,NULL,0,9,NULL,'SALIDA',NULL,NULL),(4906,113,144,400,NULL,NULL,'SALIDA',NULL,NULL),(4907,114,144,7574,NULL,NULL,'SALIDA',NULL,NULL),(4908,121,144,2367,NULL,NULL,'ENTRADA',NULL,NULL),(4909,121,145,3055,NULL,NULL,'SALIDA',NULL,NULL),(4910,113,145,400,NULL,NULL,'ENTRADA',NULL,NULL),(4911,114,145,10020,NULL,NULL,'ENTRADA',NULL,NULL),(4912,121,146,8164,NULL,NULL,'SALIDA',NULL,NULL),(4913,114,146,26859,NULL,NULL,'ENTRADA',NULL,NULL),(4914,113,146,560,NULL,NULL,'ENTRADA',NULL,NULL),(4915,121,147,695,NULL,NULL,'SALIDA',NULL,NULL),(4916,114,147,2290,NULL,NULL,'ENTRADA',NULL,NULL),(4917,113,147,25,NULL,NULL,'ENTRADA',NULL,NULL),(4918,114,148,716,NULL,NULL,'SALIDA',NULL,NULL),(4919,129,148,20,NULL,NULL,'ENTRADA',NULL,NULL),(4920,129,149,20,NULL,NULL,'SALIDA',NULL,NULL),(4921,128,149,160,NULL,NULL,'SALIDA',NULL,NULL),(4922,114,149,3670,NULL,NULL,'ENTRADA',NULL,NULL),(4923,128,150,4,NULL,NULL,'SALIDA',NULL,NULL),(4924,113,150,600,NULL,NULL,'ENTRADA',NULL,NULL),(4925,114,150,73,NULL,NULL,'ENTRADA',NULL,NULL),(4926,183,151,2,NULL,NULL,'SALIDA',NULL,NULL),(4927,114,151,43,NULL,NULL,'ENTRADA',NULL,NULL),(4928,113,152,400,NULL,NULL,'SALIDA',NULL,NULL),(4929,114,152,49,NULL,NULL,'SALIDA',NULL,NULL),(4930,203,152,4,NULL,NULL,'ENTRADA',NULL,NULL),(4931,117,NULL,0,10,NULL,'SALIDA',NULL,NULL),(4932,114,NULL,1,10,NULL,'SALIDA',NULL,NULL),(4933,115,NULL,0,10,NULL,'SALIDA',NULL,NULL),(4934,119,NULL,0,10,NULL,'SALIDA',NULL,NULL),(4935,118,NULL,0,10,NULL,'SALIDA',NULL,NULL),(4936,120,NULL,0,10,NULL,'SALIDA',NULL,NULL),(4937,116,NULL,0,10,NULL,'SALIDA',NULL,NULL),(4938,113,NULL,900,10,NULL,'SALIDA',NULL,NULL),(4939,114,153,13625,NULL,NULL,'SALIDA',NULL,NULL),(4940,113,153,600,NULL,NULL,'SALIDA',NULL,NULL),(4941,121,153,4258,NULL,NULL,'ENTRADA',NULL,NULL),(4942,121,154,1890,NULL,NULL,'SALIDA',NULL,NULL),(4943,114,154,6199,NULL,NULL,'ENTRADA',NULL,NULL),(4944,113,154,200,NULL,NULL,'ENTRADA',NULL,NULL),(4945,121,155,1673,NULL,NULL,'SALIDA',NULL,NULL),(4946,113,155,170,NULL,NULL,'ENTRADA',NULL,NULL),(4947,114,155,5504,NULL,NULL,'ENTRADA',NULL,NULL),(4948,121,156,899,NULL,NULL,'SALIDA',NULL,NULL),(4949,114,156,2962,NULL,NULL,'ENTRADA',NULL,NULL),(4950,113,156,205,NULL,NULL,'ENTRADA',NULL,NULL),(4951,114,157,2148,NULL,NULL,'SALIDA',NULL,NULL),(4952,128,157,120,NULL,NULL,'ENTRADA',NULL,NULL),(4953,129,158,200,NULL,NULL,'SALIDA',NULL,NULL),(4954,128,158,8,NULL,NULL,'SALIDA',NULL,NULL),(4955,114,158,7486,NULL,NULL,'ENTRADA',NULL,NULL),(4956,113,158,800,NULL,NULL,'ENTRADA',NULL,NULL),(5333,120,NULL,0,NULL,NULL,'ENTRADA',613,NULL),(5334,119,NULL,0,NULL,NULL,'ENTRADA',613,NULL),(5335,118,NULL,0,NULL,NULL,'ENTRADA',613,NULL),(5336,117,NULL,0,NULL,NULL,'ENTRADA',613,NULL),(5337,116,NULL,0,NULL,NULL,'ENTRADA',613,NULL),(5338,115,NULL,0,NULL,NULL,'ENTRADA',613,NULL),(5339,114,NULL,70279,NULL,NULL,'ENTRADA',613,NULL),(5340,113,NULL,80227,NULL,NULL,'ENTRADA',613,NULL),(5341,127,NULL,0,NULL,NULL,'ENTRADA',614,NULL),(5342,126,NULL,0,NULL,NULL,'ENTRADA',614,NULL),(5343,125,NULL,0,NULL,NULL,'ENTRADA',614,NULL),(5344,124,NULL,0,NULL,NULL,'ENTRADA',614,NULL),(5345,123,NULL,0,NULL,NULL,'ENTRADA',614,NULL),(5346,122,NULL,0,NULL,NULL,'ENTRADA',614,NULL),(5347,121,NULL,32329,NULL,NULL,'ENTRADA',614,NULL),(5348,134,NULL,0,NULL,NULL,'ENTRADA',615,NULL),(5349,133,NULL,0,NULL,NULL,'ENTRADA',615,NULL),(5350,132,NULL,0,NULL,NULL,'ENTRADA',615,NULL),(5351,131,NULL,0,NULL,NULL,'ENTRADA',615,NULL),(5352,130,NULL,0,NULL,NULL,'ENTRADA',615,NULL),(5353,129,NULL,0,NULL,NULL,'ENTRADA',615,NULL),(5354,128,NULL,536,NULL,NULL,'ENTRADA',615,NULL),(5355,180,NULL,0,NULL,NULL,'ENTRADA',616,NULL),(5356,181,NULL,0,NULL,NULL,'ENTRADA',616,NULL),(5357,182,NULL,0,NULL,NULL,'ENTRADA',616,NULL),(5358,183,NULL,0,NULL,NULL,'ENTRADA',616,NULL),(5359,199,NULL,0,NULL,NULL,'ENTRADA',617,NULL),(5360,200,NULL,0,NULL,NULL,'ENTRADA',617,NULL),(5361,201,NULL,0,NULL,NULL,'ENTRADA',617,NULL),(5362,202,NULL,0,NULL,NULL,'ENTRADA',617,NULL),(5363,203,NULL,4,NULL,NULL,'ENTRADA',617,NULL),(5364,204,NULL,0,NULL,NULL,'ENTRADA',618,NULL),(5365,205,NULL,0,NULL,NULL,'ENTRADA',618,NULL),(5366,206,NULL,0,NULL,NULL,'ENTRADA',618,NULL),(5367,207,NULL,0,NULL,NULL,'ENTRADA',618,NULL),(5368,208,NULL,0,NULL,NULL,'ENTRADA',618,NULL),(5369,209,NULL,72,NULL,NULL,'ENTRADA',618,NULL),(5370,210,NULL,0,NULL,NULL,'ENTRADA',619,NULL),(5371,211,NULL,0,NULL,NULL,'ENTRADA',619,NULL),(5372,212,NULL,0,NULL,NULL,'ENTRADA',619,NULL),(5373,213,NULL,0,NULL,NULL,'ENTRADA',619,NULL),(5374,214,NULL,0,NULL,NULL,'ENTRADA',619,NULL),(5375,215,NULL,0,NULL,NULL,'ENTRADA',619,NULL),(5376,221,NULL,0,NULL,NULL,'ENTRADA',620,NULL),(5377,222,NULL,0,NULL,NULL,'ENTRADA',620,NULL),(5378,223,NULL,0,NULL,NULL,'ENTRADA',620,NULL),(5379,224,NULL,0,NULL,NULL,'ENTRADA',620,NULL),(5380,225,NULL,303,NULL,NULL,'ENTRADA',620,NULL),(5381,226,NULL,0,NULL,NULL,'ENTRADA',621,NULL),(5382,227,NULL,0,NULL,NULL,'ENTRADA',621,NULL),(5383,228,NULL,0,NULL,NULL,'ENTRADA',621,NULL),(5384,229,NULL,0,NULL,NULL,'ENTRADA',621,NULL),(5385,230,NULL,0,NULL,NULL,'ENTRADA',621,NULL),(5386,231,NULL,0,NULL,NULL,'ENTRADA',621,NULL),(5387,232,NULL,0,NULL,NULL,'ENTRADA',621,NULL),(5388,233,NULL,4230,NULL,NULL,'ENTRADA',621,NULL),(5389,234,NULL,0,NULL,NULL,'ENTRADA',622,NULL),(5390,235,NULL,0,NULL,NULL,'ENTRADA',622,NULL),(5391,236,NULL,0,NULL,NULL,'ENTRADA',622,NULL),(5392,237,NULL,0,NULL,NULL,'ENTRADA',622,NULL),(5393,238,NULL,148,NULL,NULL,'ENTRADA',622,NULL),(5394,239,NULL,0,NULL,NULL,'ENTRADA',623,NULL),(5395,240,NULL,0,NULL,NULL,'ENTRADA',623,NULL),(5396,241,NULL,0,NULL,NULL,'ENTRADA',623,NULL),(5397,242,NULL,0,NULL,NULL,'ENTRADA',623,NULL),(5398,243,NULL,0,NULL,NULL,'ENTRADA',623,NULL),(5399,244,NULL,264,NULL,NULL,'ENTRADA',623,NULL),(5400,245,NULL,0,NULL,NULL,'ENTRADA',624,NULL),(5401,246,NULL,0,NULL,NULL,'ENTRADA',624,NULL),(5402,247,NULL,0,NULL,NULL,'ENTRADA',624,NULL),(5403,248,NULL,26,NULL,NULL,'ENTRADA',624,NULL),(5404,249,NULL,0,NULL,NULL,'ENTRADA',625,NULL),(5405,250,NULL,0,NULL,NULL,'ENTRADA',625,NULL),(5406,251,NULL,0,NULL,NULL,'ENTRADA',625,NULL),(5407,252,NULL,0,NULL,NULL,'ENTRADA',625,NULL),(5408,253,NULL,0,NULL,NULL,'ENTRADA',625,NULL),(5409,254,NULL,0,NULL,NULL,'ENTRADA',625,NULL),(5410,255,NULL,0,NULL,NULL,'ENTRADA',625,NULL),(5411,256,NULL,0,NULL,NULL,'ENTRADA',626,NULL),(5412,257,NULL,0,NULL,NULL,'ENTRADA',626,NULL),(5413,258,NULL,0,NULL,NULL,'ENTRADA',626,NULL),(5414,259,NULL,0,NULL,NULL,'ENTRADA',626,NULL),(5415,260,NULL,0,NULL,NULL,'ENTRADA',626,NULL),(5416,261,NULL,0,NULL,NULL,'ENTRADA',626,NULL),(5417,262,NULL,0,NULL,NULL,'ENTRADA',627,NULL),(5418,263,NULL,0,NULL,NULL,'ENTRADA',627,NULL),(5419,264,NULL,0,NULL,NULL,'ENTRADA',627,NULL),(5420,265,NULL,0,NULL,NULL,'ENTRADA',627,NULL),(5421,266,NULL,0,NULL,NULL,'ENTRADA',627,NULL),(5422,216,NULL,0,NULL,NULL,'ENTRADA',628,NULL),(5423,217,NULL,0,NULL,NULL,'ENTRADA',628,NULL),(5424,218,NULL,0,NULL,NULL,'ENTRADA',628,NULL),(5425,219,NULL,0,NULL,NULL,'ENTRADA',628,NULL),(5426,220,NULL,2110,NULL,NULL,'ENTRADA',628,NULL),(5521,120,NULL,0,NULL,NULL,'ENTRADA',645,NULL),(5522,119,NULL,0,NULL,NULL,'ENTRADA',645,NULL),(5523,118,NULL,0,NULL,NULL,'ENTRADA',645,NULL),(5524,117,NULL,0,NULL,NULL,'ENTRADA',645,NULL),(5525,116,NULL,0,NULL,NULL,'ENTRADA',645,NULL),(5526,115,NULL,0,NULL,NULL,'ENTRADA',645,NULL),(5527,114,NULL,96042,NULL,NULL,'ENTRADA',645,NULL),(5528,113,NULL,147,NULL,NULL,'ENTRADA',645,NULL),(5529,127,NULL,0,NULL,NULL,'ENTRADA',646,NULL),(5530,126,NULL,0,NULL,NULL,'ENTRADA',646,NULL),(5531,125,NULL,0,NULL,NULL,'ENTRADA',646,NULL),(5532,124,NULL,0,NULL,NULL,'ENTRADA',646,NULL),(5533,123,NULL,0,NULL,NULL,'ENTRADA',646,NULL),(5534,122,NULL,0,NULL,NULL,'ENTRADA',646,NULL),(5535,121,NULL,19315,NULL,NULL,'ENTRADA',646,NULL),(5536,134,NULL,0,NULL,NULL,'ENTRADA',647,NULL),(5537,133,NULL,0,NULL,NULL,'ENTRADA',647,NULL),(5538,132,NULL,0,NULL,NULL,'ENTRADA',647,NULL),(5539,131,NULL,0,NULL,NULL,'ENTRADA',647,NULL),(5540,130,NULL,0,NULL,NULL,'ENTRADA',647,NULL),(5541,129,NULL,0,NULL,NULL,'ENTRADA',647,NULL),(5542,128,NULL,503,NULL,NULL,'ENTRADA',647,NULL),(5543,180,NULL,0,NULL,NULL,'ENTRADA',648,NULL),(5544,181,NULL,0,NULL,NULL,'ENTRADA',648,NULL),(5545,182,NULL,0,NULL,NULL,'ENTRADA',648,NULL),(5546,183,NULL,8,NULL,NULL,'ENTRADA',648,NULL),(5547,199,NULL,0,NULL,NULL,'ENTRADA',649,NULL),(5548,200,NULL,0,NULL,NULL,'ENTRADA',649,NULL),(5549,201,NULL,0,NULL,NULL,'ENTRADA',649,NULL),(5550,202,NULL,0,NULL,NULL,'ENTRADA',649,NULL),(5551,203,NULL,79,NULL,NULL,'ENTRADA',649,NULL),(5552,204,NULL,0,NULL,NULL,'ENTRADA',650,NULL),(5553,205,NULL,0,NULL,NULL,'ENTRADA',650,NULL),(5554,206,NULL,0,NULL,NULL,'ENTRADA',650,NULL),(5555,207,NULL,0,NULL,NULL,'ENTRADA',650,NULL),(5556,208,NULL,0,NULL,NULL,'ENTRADA',650,NULL),(5557,209,NULL,1,NULL,NULL,'ENTRADA',650,NULL),(5558,210,NULL,0,NULL,NULL,'ENTRADA',651,NULL),(5559,211,NULL,0,NULL,NULL,'ENTRADA',651,NULL),(5560,212,NULL,0,NULL,NULL,'ENTRADA',651,NULL),(5561,213,NULL,0,NULL,NULL,'ENTRADA',651,NULL),(5562,214,NULL,0,NULL,NULL,'ENTRADA',651,NULL),(5563,215,NULL,1,NULL,NULL,'ENTRADA',651,NULL),(5564,216,NULL,0,NULL,NULL,'ENTRADA',652,NULL),(5565,217,NULL,0,NULL,NULL,'ENTRADA',652,NULL),(5566,218,NULL,0,NULL,NULL,'ENTRADA',652,NULL),(5567,219,NULL,0,NULL,NULL,'ENTRADA',652,NULL),(5568,220,NULL,518,NULL,NULL,'ENTRADA',652,NULL),(5569,221,NULL,0,NULL,NULL,'ENTRADA',653,NULL),(5570,222,NULL,0,NULL,NULL,'ENTRADA',653,NULL),(5571,223,NULL,0,NULL,NULL,'ENTRADA',653,NULL),(5572,224,NULL,0,NULL,NULL,'ENTRADA',653,NULL),(5573,225,NULL,34,NULL,NULL,'ENTRADA',653,NULL),(5574,226,NULL,0,NULL,NULL,'ENTRADA',654,NULL),(5575,227,NULL,0,NULL,NULL,'ENTRADA',654,NULL),(5576,228,NULL,0,NULL,NULL,'ENTRADA',654,NULL),(5577,229,NULL,0,NULL,NULL,'ENTRADA',654,NULL),(5578,230,NULL,0,NULL,NULL,'ENTRADA',654,NULL),(5579,231,NULL,0,NULL,NULL,'ENTRADA',654,NULL),(5580,232,NULL,0,NULL,NULL,'ENTRADA',654,NULL),(5581,233,NULL,15024,NULL,NULL,'ENTRADA',654,NULL),(5582,234,NULL,0,NULL,NULL,'ENTRADA',655,NULL),(5583,235,NULL,0,NULL,NULL,'ENTRADA',655,NULL),(5584,236,NULL,0,NULL,NULL,'ENTRADA',655,NULL),(5585,237,NULL,0,NULL,NULL,'ENTRADA',655,NULL),(5586,238,NULL,70,NULL,NULL,'ENTRADA',655,NULL),(5587,239,NULL,0,NULL,NULL,'ENTRADA',656,NULL),(5588,240,NULL,0,NULL,NULL,'ENTRADA',656,NULL),(5589,241,NULL,0,NULL,NULL,'ENTRADA',656,NULL),(5590,242,NULL,0,NULL,NULL,'ENTRADA',656,NULL),(5591,243,NULL,0,NULL,NULL,'ENTRADA',656,NULL),(5592,244,NULL,7,NULL,NULL,'ENTRADA',656,NULL),(5593,245,NULL,0,NULL,NULL,'ENTRADA',657,NULL),(5594,246,NULL,0,NULL,NULL,'ENTRADA',657,NULL),(5595,247,NULL,0,NULL,NULL,'ENTRADA',657,NULL),(5596,248,NULL,3,NULL,NULL,'ENTRADA',657,NULL),(5597,249,NULL,0,NULL,NULL,'ENTRADA',658,NULL),(5598,250,NULL,0,NULL,NULL,'ENTRADA',658,NULL),(5599,251,NULL,0,NULL,NULL,'ENTRADA',658,NULL),(5600,252,NULL,0,NULL,NULL,'ENTRADA',658,NULL),(5601,253,NULL,0,NULL,NULL,'ENTRADA',658,NULL),(5602,254,NULL,0,NULL,NULL,'ENTRADA',658,NULL),(5603,255,NULL,71,NULL,NULL,'ENTRADA',658,NULL),(5604,256,NULL,0,NULL,NULL,'ENTRADA',659,NULL),(5605,257,NULL,0,NULL,NULL,'ENTRADA',659,NULL),(5606,258,NULL,0,NULL,NULL,'ENTRADA',659,NULL),(5607,259,NULL,0,NULL,NULL,'ENTRADA',659,NULL),(5608,260,NULL,0,NULL,NULL,'ENTRADA',659,NULL),(5609,261,NULL,1,NULL,NULL,'ENTRADA',659,NULL),(5610,262,NULL,0,NULL,NULL,'ENTRADA',660,NULL),(5611,263,NULL,0,NULL,NULL,'ENTRADA',660,NULL),(5612,264,NULL,0,NULL,NULL,'ENTRADA',660,NULL),(5613,265,NULL,0,NULL,NULL,'ENTRADA',660,NULL),(5614,266,NULL,1,NULL,NULL,'ENTRADA',660,NULL);
/*!40000 ALTER TABLE `denominacion_cantidad` ENABLE KEYS */;
UNLOCK TABLES;

--
-- Table structure for table `empresa`
--

DROP TABLE IF EXISTS `empresa`;
/*!40101 SET @saved_cs_client     = @@character_set_client */;
/*!40101 SET character_set_client = utf8 */;
CREATE TABLE `empresa` (
  `id` bigint(20) NOT NULL AUTO_INCREMENT,
  `nit` varchar(45) NOT NULL,
  `razon_social` varchar(150) NOT NULL,
  `direccion` varchar(100) NOT NULL,
  `ciiu` varchar(150) NOT NULL,
  `concepto` varchar(150) DEFAULT NULL,
  PRIMARY KEY (`id`)
) ENGINE=InnoDB DEFAULT CHARSET=utf8;
/*!40101 SET character_set_client = @saved_cs_client */;

--
-- Dumping data for table `empresa`
--

LOCK TABLES `empresa` WRITE;
/*!40000 ALTER TABLE `empresa` DISABLE KEYS */;
/*!40000 ALTER TABLE `empresa` ENABLE KEYS */;
UNLOCK TABLES;

--
-- Table structure for table `flujo_extraordinario`
--

DROP TABLE IF EXISTS `flujo_extraordinario`;
/*!40101 SET @saved_cs_client     = @@character_set_client */;
/*!40101 SET character_set_client = utf8 */;
CREATE TABLE `flujo_extraordinario` (
  `id` bigint(20) NOT NULL AUTO_INCREMENT,
  `idsoipc` varchar(450) DEFAULT NULL,
  `tipo` varchar(20) NOT NULL,
  `valor` decimal(15,2) NOT NULL,
  `turno` bigint(20) NOT NULL,
  `fecha` datetime NOT NULL,
  `estado` varchar(20) NOT NULL,
  `fx` bigint(20) NOT NULL,
  `descripcion` varchar(256) DEFAULT NULL,
  `criterio` varchar(100) NOT NULL,
  `naturaleza` varchar(100) DEFAULT NULL,
  `receptor` varchar(100) DEFAULT NULL,
  `cuenta` varchar(100) DEFAULT NULL,
  `concepto` varchar(100) DEFAULT NULL,
  PRIMARY KEY (`id`),
  KEY `flujo_extraordinario_turno_FK` (`turno`),
  KEY `flujo_extraordinario_fx_FK` (`fx`),
  CONSTRAINT `flujo_extraordinario_fx_FK` FOREIGN KEY (`fx`) REFERENCES `fx` (`id`) ON UPDATE CASCADE,
  CONSTRAINT `flujo_extraordinario_turno_FK` FOREIGN KEY (`turno`) REFERENCES `turno` (`id`) ON UPDATE CASCADE
) ENGINE=InnoDB AUTO_INCREMENT=11 DEFAULT CHARSET=utf8;
/*!40101 SET character_set_client = @saved_cs_client */;

--
-- Dumping data for table `flujo_extraordinario`
--

LOCK TABLES `flujo_extraordinario` WRITE;
/*!40000 ALTER TABLE `flujo_extraordinario` DISABLE KEYS */;
INSERT INTO `flujo_extraordinario` VALUES (5,NULL,'EGRESO',663113.00,56,'2019-10-08 12:06:15','EJECUTADO',1,'Gastos Primer Dia','TRANSPORTE','OPERACION','SUCURSAL-1',NULL,'Primer Dia'),(6,NULL,'EGRESO',13448615.00,56,'2019-10-08 12:20:57','EJECUTADO',1,NULL,'DIVIDENDOS','FINANCIACION','GENERAL',NULL,NULL),(7,NULL,'EGRESO',53550.00,57,'2019-10-08 12:28:10','EJECUTADO',1,'PAGO SERVICIO AGUA SANTAFE','SERVICIOS','OPERACION','SUCURSAL-3',NULL,'SERVICIO AGUA'),(8,NULL,'EGRESO',15000.00,58,'2019-10-08 14:55:41','EJECUTADO',1,NULL,'TRANSPORTE','OPERACION','SUCURSAL-4',NULL,'PARQUEADERO'),(9,NULL,'EGRESO',8000.00,59,'2019-10-09 15:43:09','EJECUTADO',1,NULL,'SERVICIOS','OPERACION','SUCURSAL-2',NULL,'Agua Cristal'),(10,NULL,'EGRESO',1900.00,60,'2019-10-09 16:07:06','EJECUTADO',1,NULL,'TRANSPORTE','OPERACION','SUCURSAL-6',NULL,'Parqueadero');
/*!40000 ALTER TABLE `flujo_extraordinario` ENABLE KEYS */;
UNLOCK TABLES;

--
-- Table structure for table `fondeo`
--

DROP TABLE IF EXISTS `fondeo`;
/*!40101 SET @saved_cs_client     = @@character_set_client */;
/*!40101 SET character_set_client = utf8 */;
CREATE TABLE `fondeo` (
  `id` bigint(20) NOT NULL AUTO_INCREMENT,
  `fecha` datetime NOT NULL,
  `sucursal` bigint(20) DEFAULT NULL,
  `turno_origen` bigint(20) DEFAULT NULL,
  `turno_destino` bigint(20) DEFAULT NULL,
  `estado` varchar(20) NOT NULL,
  `valor_giro` decimal(14,2) NOT NULL,
  `fx` bigint(20) NOT NULL,
  PRIMARY KEY (`id`),
  KEY `fk_usuario_traslados_idx` (`turno_origen`),
  KEY `fk_usuario_traslados_idx1` (`turno_destino`),
  KEY `fk_fx_traslado_idx` (`fx`),
  KEY `fk_sucursal_destino_idx` (`sucursal`),
  CONSTRAINT `fk_fx_fondeo` FOREIGN KEY (`fx`) REFERENCES `fx` (`id`) ON UPDATE CASCADE,
  CONSTRAINT `fondeo_turno_FK` FOREIGN KEY (`turno_origen`) REFERENCES `turno` (`id`) ON UPDATE CASCADE,
  CONSTRAINT `fondeo_turno_FK_1` FOREIGN KEY (`turno_destino`) REFERENCES `turno` (`id`) ON DELETE CASCADE
) ENGINE=InnoDB AUTO_INCREMENT=4 DEFAULT CHARSET=utf8;
/*!40101 SET character_set_client = @saved_cs_client */;

--
-- Dumping data for table `fondeo`
--

LOCK TABLES `fondeo` WRITE;
/*!40000 ALTER TABLE `fondeo` DISABLE KEYS */;
/*!40000 ALTER TABLE `fondeo` ENABLE KEYS */;
UNLOCK TABLES;

--
-- Table structure for table `functionality`
--

DROP TABLE IF EXISTS `functionality`;
/*!40101 SET @saved_cs_client     = @@character_set_client */;
/*!40101 SET character_set_client = utf8 */;
CREATE TABLE `functionality` (
  `id` bigint(20) NOT NULL AUTO_INCREMENT,
  `name` varchar(100) NOT NULL,
  `description` varchar(400) NOT NULL,
  `menu` bigint(20) DEFAULT NULL,
  PRIMARY KEY (`id`),
  UNIQUE KEY `name_UNIQUE` (`name`),
  UNIQUE KEY `menu_UNIQUE` (`menu`),
  KEY `fk_menu_functionalities_idx` (`menu`),
  CONSTRAINT `fk_menu_functionalities` FOREIGN KEY (`menu`) REFERENCES `menu` (`id`) ON UPDATE CASCADE
) ENGINE=InnoDB AUTO_INCREMENT=2 DEFAULT CHARSET=utf8;
/*!40101 SET character_set_client = @saved_cs_client */;

--
-- Dumping data for table `functionality`
--

LOCK TABLES `functionality` WRITE;
/*!40000 ALTER TABLE `functionality` DISABLE KEYS */;
/*!40000 ALTER TABLE `functionality` ENABLE KEYS */;
UNLOCK TABLES;

--
-- Table structure for table `functionality_resource`
--

DROP TABLE IF EXISTS `functionality_resource`;
/*!40101 SET @saved_cs_client     = @@character_set_client */;
/*!40101 SET character_set_client = utf8 */;
CREATE TABLE `functionality_resource` (
  `functionality` bigint(20) NOT NULL,
  `resource` bigint(20) NOT NULL,
  PRIMARY KEY (`functionality`,`resource`),
  KEY `fk_role_permission_permission_idx` (`resource`),
  CONSTRAINT `fk_functionality_resources` FOREIGN KEY (`functionality`) REFERENCES `functionality` (`id`) ON UPDATE CASCADE,
  CONSTRAINT `fk_resource_functionalities` FOREIGN KEY (`resource`) REFERENCES `resource` (`id`) ON UPDATE CASCADE
) ENGINE=InnoDB DEFAULT CHARSET=utf8;
/*!40101 SET character_set_client = @saved_cs_client */;

--
-- Dumping data for table `functionality_resource`
--

LOCK TABLES `functionality_resource` WRITE;
/*!40000 ALTER TABLE `functionality_resource` DISABLE KEYS */;
/*!40000 ALTER TABLE `functionality_resource` ENABLE KEYS */;
UNLOCK TABLES;

--
-- Table structure for table `fx`
--

DROP TABLE IF EXISTS `fx`;
/*!40101 SET @saved_cs_client     = @@character_set_client */;
/*!40101 SET character_set_client = utf8 */;
CREATE TABLE `fx` (
  `id` bigint(20) NOT NULL AUTO_INCREMENT,
  `cod` varchar(15) CHARACTER SET utf8 COLLATE utf8_bin NOT NULL,
  `concepto` varchar(245) NOT NULL,
  PRIMARY KEY (`id`),
  UNIQUE KEY `cod_UNIQUE` (`cod`)
) ENGINE=InnoDB AUTO_INCREMENT=27 DEFAULT CHARSET=utf8;
/*!40101 SET character_set_client = @saved_cs_client */;

--
-- Dumping data for table `fx`
--

LOCK TABLES `fx` WRITE;
/*!40000 ALTER TABLE `fx` DISABLE KEYS */;
INSERT INTO `fx` VALUES (1,'COP','Peso Colombiano'),(2,'USD','Dolar Americano'),(3,'EUR','Euro'),(11,'GBP','Libra Esterlina'),(15,'CAD','Dolar Canadiense'),(16,'MXN','Peso Mexicano'),(17,'BRL','Real Brasilero'),(18,'AUD','Dolar Australiano'),(19,'PEN','Sol Peruano'),(20,'ARS','Peso Argentino'),(21,'CLP','Peso Chileno'),(22,'CHF','Franco Suizo'),(23,'JPY','Yen JAPONES'),(24,'CNY','Yuan CHINO'),(25,'HKD','Dolar de HONG KONG'),(26,'KRW','Won SURCOREANO');
/*!40000 ALTER TABLE `fx` ENABLE KEYS */;
UNLOCK TABLES;

--
-- Table structure for table `fx_sucursal`
--

DROP TABLE IF EXISTS `fx_sucursal`;
/*!40101 SET @saved_cs_client     = @@character_set_client */;
/*!40101 SET character_set_client = utf8 */;
CREATE TABLE `fx_sucursal` (
  `id` bigint(20) NOT NULL AUTO_INCREMENT,
  `fx` bigint(20) NOT NULL,
  `sucursal` bigint(20) NOT NULL,
  `precio_compra` decimal(15,2) NOT NULL,
  `precio_venta` decimal(15,2) NOT NULL,
  `precio_valoracion` decimal(15,2) NOT NULL,
  PRIMARY KEY (`id`),
  UNIQUE KEY `idx_fx_sucursal` (`fx`,`sucursal`),
  KEY `fk_sucursal_fx_sucursales_idx` (`sucursal`),
  KEY `fk_fx_fx_sucursales_idx` (`fx`),
  CONSTRAINT `fk_fx_fx_sucursales` FOREIGN KEY (`fx`) REFERENCES `fx` (`id`) ON UPDATE CASCADE,
  CONSTRAINT `fk_sucursal_fx_sucursales` FOREIGN KEY (`sucursal`) REFERENCES `sucursal` (`id`) ON UPDATE CASCADE
) ENGINE=InnoDB AUTO_INCREMENT=118 DEFAULT CHARSET=utf8;
/*!40101 SET character_set_client = @saved_cs_client */;

--
-- Dumping data for table `fx_sucursal`
--

LOCK TABLES `fx_sucursal` WRITE;
/*!40000 ALTER TABLE `fx_sucursal` DISABLE KEYS */;
INSERT INTO `fx_sucursal` VALUES (9,2,1,3200.00,3290.00,3245.00),(10,3,1,3580.00,3670.00,3535.00),(11,11,1,4000.00,4250.00,4125.00),(12,15,1,2500.00,2660.00,2580.00),(13,16,1,160.00,195.00,177.00),(14,17,1,760.00,860.00,810.00),(15,18,1,1750.00,2300.00,2025.00),(16,19,1,770.00,1020.00,895.00),(17,20,1,45.00,50.00,47.50),(18,21,1,3.62,4.58,4.10),(19,22,1,2600.00,3295.00,2940.00),(20,23,1,24.30,30.78,27.54),(21,24,1,363.00,460.00,411.00),(22,25,1,330.00,420.00,375.00),(23,26,1,2.16,2.74,2.45),(24,2,2,3200.00,3290.00,3245.00),(25,3,2,3580.00,3670.00,3535.00),(26,11,2,4000.00,4250.00,4125.00),(27,15,2,2500.00,2660.00,2580.00),(28,16,2,160.00,195.00,177.00),(29,17,2,760.00,860.00,810.00),(30,18,2,1750.00,2300.00,2025.00),(31,19,2,770.00,1020.00,895.00),(32,20,2,45.00,50.00,47.50),(33,21,2,3.62,4.58,4.10),(34,22,2,2600.00,3295.00,2940.00),(35,23,2,24.30,30.78,27.54),(36,24,2,363.00,460.00,411.00),(37,25,2,330.00,420.00,375.00),(38,26,2,2.16,2.74,2.45),(41,2,3,3200.00,3290.00,3245.00),(42,3,3,3580.00,3670.00,3535.00),(43,11,3,4000.00,4250.00,4125.00),(44,15,3,2500.00,2660.00,2580.00),(45,16,3,160.00,195.00,177.00),(46,17,3,760.00,860.00,810.00),(47,18,3,1750.00,2300.00,2025.00),(48,19,3,770.00,1020.00,895.00),(49,20,3,45.00,50.00,47.50),(50,21,3,3.62,4.58,4.10),(51,22,3,2600.00,3295.00,2940.00),(52,23,3,24.30,30.78,27.54),(53,24,3,363.00,460.00,411.00),(54,25,3,330.00,420.00,375.00),(55,26,3,2.16,2.74,2.45),(56,2,4,3200.00,3290.00,3245.00),(57,3,4,3580.00,3670.00,3535.00),(58,11,4,4000.00,4250.00,4125.00),(59,15,4,2500.00,2660.00,2580.00),(60,16,4,160.00,195.00,177.00),(61,17,4,760.00,860.00,810.00),(62,18,4,1750.00,2300.00,2025.00),(63,19,4,770.00,1020.00,895.00),(64,20,4,45.00,50.00,47.50),(65,21,4,3.62,4.58,4.10),(66,22,4,2600.00,3295.00,2940.00),(67,23,4,24.30,30.78,27.54),(68,24,4,363.00,460.00,411.00),(69,25,4,330.00,420.00,375.00),(70,26,4,2.16,2.74,2.45),(71,2,5,3200.00,3290.00,3245.00),(72,3,5,3580.00,3670.00,3535.00),(73,11,5,4000.00,4250.00,4125.00),(74,15,5,2500.00,2660.00,2580.00),(75,16,5,160.00,195.00,177.00),(76,17,5,760.00,860.00,810.00),(77,18,5,1750.00,2300.00,2025.00),(78,19,5,770.00,1020.00,895.00),(79,20,5,45.00,50.00,47.50),(80,21,5,3.62,4.58,4.10),(81,22,5,2600.00,3295.00,2940.00),(82,23,5,24.30,30.78,27.54),(83,24,5,363.00,460.00,411.00),(84,25,5,330.00,420.00,375.00),(85,26,5,2.16,2.74,2.45),(86,2,6,3200.00,3290.00,3245.00),(87,3,6,3580.00,3670.00,3535.00),(88,11,6,4000.00,4250.00,4125.00),(89,15,6,2500.00,2660.00,2580.00),(90,16,6,160.00,195.00,177.00),(91,17,6,760.00,860.00,810.00),(92,18,6,1750.00,2300.00,2025.00),(93,19,6,770.00,1020.00,895.00),(94,20,6,45.00,50.00,47.50),(95,21,6,3.62,4.58,4.10),(96,22,6,2600.00,3295.00,2940.00),(97,23,6,24.30,30.78,27.54),(98,24,6,363.00,460.00,411.00),(99,25,6,330.00,420.00,375.00),(100,26,6,2.16,2.74,2.45),(103,2,12,3200.00,3290.00,3245.00),(104,3,12,3580.00,3670.00,3625.00),(105,11,12,4000.00,4250.00,4125.00),(106,15,12,2500.00,2660.00,2580.00),(107,16,12,160.00,195.00,177.00),(108,17,12,760.00,860.00,810.00),(109,18,12,1750.00,2300.00,2025.00),(110,19,12,770.00,1020.00,895.00),(111,20,12,45.00,50.00,47.50),(112,21,12,3.62,4.58,4.10),(113,22,12,2600.00,3295.00,2940.00),(114,23,12,24.30,30.78,27.54),(115,24,12,363.00,460.00,411.00),(116,25,12,330.00,420.00,375.00),(117,26,12,2.16,2.74,2.45);
/*!40000 ALTER TABLE `fx_sucursal` ENABLE KEYS */;
UNLOCK TABLES;

--
-- Table structure for table `item_arqueo`
--

DROP TABLE IF EXISTS `item_arqueo`;
/*!40101 SET @saved_cs_client     = @@character_set_client */;
/*!40101 SET character_set_client = utf8 */;
CREATE TABLE `item_arqueo` (
  `id` bigint(20) NOT NULL AUTO_INCREMENT,
  `arqueo` bigint(20) NOT NULL,
  `saldo_inicial` decimal(15,4) DEFAULT 0.0000,
  `saldo_final` decimal(15,4) DEFAULT 0.0000,
  `nominal_compras` decimal(15,4) DEFAULT 0.0000,
  `nominal_ventas` decimal(15,4) DEFAULT 0.0000,
  `nominal_egresos` decimal(15,4) DEFAULT 0.0000,
  `nominal_ingresos` decimal(15,4) DEFAULT 0.0000,
  `nominal_traslados_entrantes` decimal(15,4) DEFAULT 0.0000,
  `nominal_traslados_salientes` decimal(15,4) DEFAULT 0.0000,
  `moneda` bigint(20) NOT NULL,
  `saldo_real` decimal(15,4) DEFAULT NULL,
  PRIMARY KEY (`id`),
  KEY `item_arqueo_arqueo_FK` (`arqueo`),
  KEY `item_arqueo_fx_FK` (`moneda`),
  CONSTRAINT `item_arqueo_arqueo_FK` FOREIGN KEY (`arqueo`) REFERENCES `arqueo` (`id`) ON UPDATE CASCADE,
  CONSTRAINT `item_arqueo_fx_FK` FOREIGN KEY (`moneda`) REFERENCES `fx` (`id`) ON UPDATE CASCADE
) ENGINE=InnoDB AUTO_INCREMENT=361 DEFAULT CHARSET=utf8;
/*!40101 SET character_set_client = @saved_cs_client */;

--
-- Dumping data for table `item_arqueo`
--

LOCK TABLES `item_arqueo` WRITE;
/*!40000 ALTER TABLE `item_arqueo` DISABLE KEYS */;
INSERT INTO `item_arqueo` VALUES (345,288,2000.0000,2000.0000,0.0000,0.0000,0.0000,0.0000,0.0000,0.0000,23,NULL),(346,288,10.0000,10.0000,0.0000,0.0000,0.0000,0.0000,0.0000,0.0000,25,NULL),(347,288,10.0000,10.0000,0.0000,0.0000,0.0000,0.0000,0.0000,0.0000,19,0.0000),(348,288,790.0000,790.0000,0.0000,0.0000,0.0000,0.0000,0.0000,0.0000,22,NULL),(349,288,1000.0000,1000.0000,0.0000,0.0000,0.0000,0.0000,0.0000,0.0000,26,NULL),(350,288,31310.0000,18940.0000,1670.0000,14040.0000,0.0000,0.0000,0.0000,0.0000,3,0.0000),(351,288,85283.0000,72454.0000,6318.0000,19147.0000,0.0000,0.0000,0.0000,0.0000,2,0.0000),(352,288,18000.0000,18000.0000,0.0000,0.0000,0.0000,0.0000,0.0000,0.0000,15,0.0000),(353,288,60891543.0000,149200318.0000,26189900.0000,114498675.0000,0.0000,0.0000,0.0000,0.0000,1,0.0000),(354,288,85.0000,85.0000,0.0000,0.0000,0.0000,0.0000,0.0000,0.0000,11,0.0000),(355,288,161000.0000,161000.0000,0.0000,0.0000,0.0000,0.0000,0.0000,0.0000,21,NULL),(356,288,37900.0000,37920.0000,20.0000,0.0000,0.0000,0.0000,0.0000,0.0000,16,0.0000),(357,288,2.0000,2.0000,0.0000,0.0000,0.0000,0.0000,0.0000,0.0000,17,0.0000),(358,288,4800.0000,4800.0000,0.0000,0.0000,0.0000,0.0000,0.0000,0.0000,18,0.0000),(359,288,41.0000,41.0000,0.0000,0.0000,0.0000,0.0000,0.0000,0.0000,24,NULL),(360,288,10010.0000,10010.0000,0.0000,0.0000,0.0000,0.0000,0.0000,0.0000,20,0.0000);
/*!40000 ALTER TABLE `item_arqueo` ENABLE KEYS */;
UNLOCK TABLES;

--
-- Table structure for table `menu`
--

DROP TABLE IF EXISTS `menu`;
/*!40101 SET @saved_cs_client     = @@character_set_client */;
/*!40101 SET character_set_client = utf8 */;
CREATE TABLE `menu` (
  `id` bigint(20) NOT NULL AUTO_INCREMENT,
  `name` varchar(45) NOT NULL,
  `index` int(11) NOT NULL,
  `parent` bigint(20) DEFAULT NULL,
  `description` varchar(500) DEFAULT NULL,
  `target` varchar(500) DEFAULT NULL,
  PRIMARY KEY (`id`),
  KEY `fk_menu_parent_idx` (`parent`),
  CONSTRAINT `fk_menu_children` FOREIGN KEY (`parent`) REFERENCES `menu` (`id`) ON UPDATE CASCADE
) ENGINE=InnoDB AUTO_INCREMENT=2 DEFAULT CHARSET=utf8;
/*!40101 SET character_set_client = @saved_cs_client */;

--
-- Dumping data for table `menu`
--

LOCK TABLES `menu` WRITE;
/*!40000 ALTER TABLE `menu` DISABLE KEYS */;
/*!40000 ALTER TABLE `menu` ENABLE KEYS */;
UNLOCK TABLES;

--
-- Table structure for table `operacion`
--

DROP TABLE IF EXISTS `operacion`;
/*!40101 SET @saved_cs_client     = @@character_set_client */;
/*!40101 SET character_set_client = utf8 */;
CREATE TABLE `operacion` (
  `id` bigint(20) NOT NULL AUTO_INCREMENT,
  `fecha_operacion` datetime NOT NULL,
  `fx_base` bigint(20) NOT NULL,
  `fx_oper` bigint(20) NOT NULL,
  `tipo` varchar(10) NOT NULL,
  `nominal` decimal(14,2) NOT NULL,
  `valor_fx_operacion` decimal(14,2) NOT NULL,
  `estado` varchar(20) NOT NULL,
  `id_soipc` varchar(45) DEFAULT NULL,
  `valor_valoracion` decimal(14,2) NOT NULL,
  `turno` bigint(20) DEFAULT NULL,
  `turno_edicion` bigint(20) DEFAULT NULL,
  `descripcion` varchar(300) DEFAULT NULL,
  PRIMARY KEY (`id`),
  KEY `fk_fx_operaciones_idx` (`fx_base`),
  KEY `fk_fx_operaciones_idx1` (`fx_oper`),
  KEY `fk_sucursal_operaciones_idx` (`turno`),
  KEY `fk_turno_edicion_operaciones` (`turno_edicion`),
  CONSTRAINT `fk_fx_bases` FOREIGN KEY (`fx_base`) REFERENCES `fx` (`id`) ON UPDATE CASCADE,
  CONSTRAINT `fk_fx_operaciones` FOREIGN KEY (`fx_oper`) REFERENCES `fx` (`id`) ON UPDATE CASCADE,
  CONSTRAINT `fk_turno_edicion_operaciones` FOREIGN KEY (`turno_edicion`) REFERENCES `turno` (`id`) ON UPDATE CASCADE,
  CONSTRAINT `fk_turno_operacion` FOREIGN KEY (`turno`) REFERENCES `turno` (`id`) ON UPDATE CASCADE
) ENGINE=InnoDB AUTO_INCREMENT=159 DEFAULT CHARSET=utf8;
/*!40101 SET character_set_client = @saved_cs_client */;

--
-- Dumping data for table `operacion`
--

LOCK TABLES `operacion` WRITE;
/*!40000 ALTER TABLE `operacion` DISABLE KEYS */;
INSERT INTO `operacion` VALUES (96,'2019-10-08 11:24:56',1,2,'COMPRA',6318.00,3200.00,'EJECUTADA',NULL,3245.00,56,NULL,NULL),(97,'2019-10-08 11:26:18',1,2,'VENTA',7674.00,3280.00,'EJECUTADA',NULL,3245.00,56,NULL,NULL),(98,'2019-10-08 11:27:23',1,2,'VENTA',10496.00,3290.00,'EJECUTADA',NULL,3245.00,56,NULL,NULL),(99,'2019-10-08 11:28:18',1,2,'VENTA',977.00,3295.00,'EJECUTADA',NULL,3245.00,56,NULL,NULL),(100,'2019-10-08 11:29:31',1,3,'COMPRA',200.00,3550.00,'EJECUTADA',NULL,3535.00,56,NULL,NULL),(101,'2019-10-08 11:30:12',1,3,'COMPRA',450.00,3570.00,'EJECUTADA',NULL,3535.00,56,NULL,NULL),(102,'2019-10-08 11:30:47',1,3,'COMPRA',920.00,3580.00,'EJECUTADA',NULL,3535.00,56,NULL,NULL),(103,'2019-10-08 11:31:38',1,3,'COMPRA',100.00,3590.00,'EJECUTADA',NULL,3535.00,56,NULL,NULL),(104,'2019-10-08 11:32:36',1,3,'VENTA',10760.00,3670.00,'EJECUTADA',NULL,3535.00,56,NULL,NULL),(105,'2019-10-08 11:33:17',1,3,'VENTA',1550.00,3680.00,'EJECUTADA',NULL,3535.00,56,NULL,NULL),(106,'2019-10-08 11:34:07',1,3,'VENTA',1730.00,3690.00,'EJECUTADA',NULL,3535.00,56,NULL,NULL),(107,'2019-10-08 11:34:47',1,16,'COMPRA',20.00,160.00,'EJECUTADA',NULL,177.00,56,NULL,NULL),(108,'2019-10-08 11:53:00',1,16,'VENTA',100.00,180.77,'EJECUTADA',NULL,177.00,56,NULL,NULL),(109,'2019-10-08 11:53:43',1,16,'COMPRA',100.00,180.77,'EJECUTADA',NULL,177.00,56,NULL,NULL),(110,'2019-10-08 11:54:57',1,16,'VENTA',10270.00,195.00,'EJECUTADA',NULL,177.00,56,NULL,NULL),(111,'2019-10-08 11:56:18',1,17,'COMPRA',227.00,740.00,'EJECUTADA',NULL,810.00,56,NULL,NULL),(112,'2019-10-08 11:57:24',1,21,'COMPRA',180000.00,3.90,'EJECUTADA',NULL,4.10,56,NULL,NULL),(113,'2019-10-08 11:58:30',1,11,'VENTA',35.00,4350.00,'EJECUTADA',NULL,4125.00,56,NULL,NULL),(114,'2019-10-08 11:59:07',1,11,'VENTA',50.00,4250.00,'EJECUTADA',NULL,4125.00,56,NULL,NULL),(115,'2019-10-08 12:01:16',1,15,'VENTA',1690.00,2660.00,'EJECUTADA',NULL,2580.00,56,NULL,NULL),(116,'2019-10-08 12:02:58',1,20,'VENTA',10010.00,95.00,'EJECUTADA',NULL,47.50,56,NULL,NULL),(117,'2019-10-08 12:23:35',1,2,'COMPRA',4655.00,3225.00,'EJECUTADA',NULL,3245.00,57,NULL,NULL),(118,'2019-10-08 12:24:17',1,2,'VENTA',578.00,3290.00,'EJECUTADA',NULL,3245.00,57,NULL,NULL),(119,'2019-10-08 12:25:11',1,2,'VENTA',686.00,3300.00,'EJECUTADA',NULL,3245.00,57,NULL,NULL),(120,'2019-10-08 12:26:23',1,3,'VENTA',130.00,3700.00,'EJECUTADA',NULL,3535.00,57,NULL,NULL),(121,'2019-10-08 12:27:10',1,16,'VENTA',4100.00,195.00,'EJECUTADA',NULL,177.00,57,NULL,NULL),(122,'2019-10-08 12:43:37',1,2,'COMPRA',1939.00,3190.00,'EJECUTADA',NULL,3245.00,58,NULL,NULL),(123,'2019-10-08 12:44:25',1,2,'COMPRA',6308.00,3200.00,'EJECUTADA',NULL,3245.00,58,NULL,NULL),(124,'2019-10-08 12:45:30',1,2,'VENTA',414.00,3290.00,'EJECUTADA',NULL,3245.00,58,NULL,NULL),(125,'2019-10-08 12:46:29',1,2,'VENTA',3671.00,3300.00,'EJECUTADA',NULL,3245.00,58,NULL,NULL),(126,'2019-10-08 12:48:13',1,2,'VENTA',2637.00,3305.00,'EJECUTADA',NULL,3245.00,58,NULL,NULL),(127,'2019-10-08 12:48:59',1,2,'VENTA',400.00,3330.00,'EJECUTADA',NULL,3245.00,58,NULL,NULL),(128,'2019-10-08 14:49:45',1,3,'COMPRA',100.00,3570.00,'EJECUTADA',NULL,3535.00,58,NULL,NULL),(129,'2019-10-08 14:50:43',1,3,'COMPRA',290.00,3580.00,'EJECUTADA',NULL,3535.00,58,NULL,NULL),(130,'2019-10-08 14:52:14',1,3,'COMPRA',1670.00,3590.00,'EJECUTADA',NULL,3535.00,58,NULL,NULL),(131,'2019-10-08 14:54:39',1,20,'COMPRA',90.00,60.00,'EJECUTADA',NULL,47.50,58,NULL,NULL),(132,'2019-10-09 15:31:05',1,2,'COMPRA',3005.00,3200.00,'EJECUTADA',NULL,3245.00,59,NULL,NULL),(133,'2019-10-09 15:31:58',1,2,'VENTA',5651.00,3280.00,'EJECUTADA',NULL,3245.00,59,NULL,NULL),(134,'2019-10-09 15:33:26',1,2,'VENTA',12266.00,3290.00,'EJECUTADA',NULL,3245.00,59,NULL,NULL),(135,'2019-10-09 15:34:11',1,2,'VENTA',7869.00,3295.00,'EJECUTADA',NULL,3245.00,59,NULL,NULL),(136,'2019-10-09 15:34:47',1,3,'COMPRA',1000.00,3500.00,'EJECUTADA',NULL,3535.00,59,NULL,NULL),(137,'2019-10-09 15:35:17',1,3,'COMPRA',3070.00,3580.00,'EJECUTADA',NULL,3535.00,59,NULL,NULL),(138,'2019-10-09 15:36:17',1,3,'VENTA',6755.00,3670.00,'EJECUTADA',NULL,3535.00,59,NULL,NULL),(139,'2019-10-09 15:37:16',1,3,'VENTA',1875.00,3680.00,'EJECUTADA',NULL,3535.00,59,NULL,NULL),(140,'2019-10-09 15:37:52',1,3,'VENTA',600.00,3690.00,'EJECUTADA',NULL,3535.00,59,NULL,NULL),(141,'2019-10-09 15:39:14',1,11,'VENTA',60.00,4330.00,'EJECUTADA',NULL,4125.00,59,NULL,NULL),(142,'2019-10-09 15:40:31',1,15,'VENTA',180.00,2660.00,'EJECUTADA',NULL,2580.00,59,NULL,NULL),(143,'2019-10-09 15:41:15',1,17,'VENTA',1104.00,860.00,'EJECUTADA',NULL,810.00,59,NULL,NULL),(144,'2019-10-09 15:51:16',1,2,'COMPRA',2367.00,3200.00,'EJECUTADA',NULL,3245.00,60,NULL,NULL),(145,'2019-10-09 15:52:23',1,2,'VENTA',3055.00,3280.00,'EJECUTADA',NULL,3245.00,60,NULL,NULL),(146,'2019-10-09 15:54:25',1,2,'VENTA',8164.00,3290.00,'EJECUTADA',NULL,3245.00,60,NULL,NULL),(147,'2019-10-09 15:56:19',1,2,'VENTA',695.00,3295.00,'EJECUTADA',NULL,3245.00,60,NULL,NULL),(148,'2019-10-09 15:56:47',1,3,'COMPRA',200.00,3580.00,'EJECUTADA',NULL,3535.00,60,NULL,NULL),(149,'2019-10-09 15:57:56',1,3,'VENTA',1000.00,3670.00,'EJECUTADA',NULL,3535.00,60,NULL,NULL),(150,'2019-10-09 15:58:54',1,3,'VENTA',20.00,3680.00,'EJECUTADA',NULL,3535.00,60,NULL,NULL),(151,'2019-10-09 16:00:58',1,11,'VENTA',10.00,4300.00,'EJECUTADA',NULL,4125.00,60,NULL,NULL),(152,'2019-10-09 16:05:38',1,15,'COMPRA',20.00,2470.00,'EJECUTADA',NULL,2580.00,60,NULL,NULL),(153,'2019-10-09 16:16:38',1,2,'COMPRA',4258.00,3200.00,'EJECUTADA',NULL,3245.00,61,NULL,NULL),(154,'2019-10-09 16:17:24',1,2,'VENTA',1890.00,3280.00,'EJECUTADA',NULL,3245.00,61,NULL,NULL),(155,'2019-10-09 16:17:59',1,2,'VENTA',1673.00,3290.00,'EJECUTADA',NULL,3245.00,61,NULL,NULL),(156,'2019-10-09 16:22:15',1,2,'VENTA',899.00,3295.00,'EJECUTADA',NULL,3245.00,61,NULL,NULL),(157,'2019-10-09 16:22:50',1,3,'COMPRA',600.00,3580.00,'EJECUTADA',NULL,3535.00,61,NULL,NULL),(158,'2019-10-09 16:25:16',1,3,'VENTA',2040.00,3670.00,'EJECUTADA',NULL,3535.00,61,NULL,NULL);
/*!40000 ALTER TABLE `operacion` ENABLE KEYS */;
UNLOCK TABLES;

--
-- Table structure for table `permission`
--

DROP TABLE IF EXISTS `permission`;
/*!40101 SET @saved_cs_client     = @@character_set_client */;
/*!40101 SET character_set_client = utf8 */;
CREATE TABLE `permission` (
  `id` bigint(20) NOT NULL AUTO_INCREMENT,
  `role` bigint(20) NOT NULL,
  `functionality` bigint(20) NOT NULL,
  `access_types` varchar(45) NOT NULL COMMENT 'Lectura, Escritura, Edicin, Eliminacin',
  PRIMARY KEY (`id`),
  UNIQUE KEY `uq_role_funct_access` (`role`,`functionality`,`access_types`),
  KEY `fk_functionality_roles_idx` (`functionality`),
  CONSTRAINT `fk_functionality_roles` FOREIGN KEY (`functionality`) REFERENCES `functionality` (`id`) ON UPDATE CASCADE,
  CONSTRAINT `fk_role_functionalies` FOREIGN KEY (`role`) REFERENCES `role` (`id`) ON UPDATE CASCADE
) ENGINE=InnoDB AUTO_INCREMENT=2 DEFAULT CHARSET=utf8;
/*!40101 SET character_set_client = @saved_cs_client */;

--
-- Dumping data for table `permission`
--

LOCK TABLES `permission` WRITE;
/*!40000 ALTER TABLE `permission` DISABLE KEYS */;
/*!40000 ALTER TABLE `permission` ENABLE KEYS */;
UNLOCK TABLES;

--
-- Table structure for table `provision`
--

DROP TABLE IF EXISTS `provision`;
/*!40101 SET @saved_cs_client     = @@character_set_client */;
/*!40101 SET character_set_client = utf8 */;
CREATE TABLE `provision` (
  `id` bigint(20) NOT NULL AUTO_INCREMENT,
  `fecha_registro` datetime NOT NULL,
  `fecha_cumplimiento` datetime NOT NULL,
  `sucursal` bigint(20) NOT NULL,
  `tipo` varchar(45) NOT NULL,
  `clase` varchar(45) NOT NULL,
  `fx` bigint(20) NOT NULL,
  `monto` decimal(14,2) NOT NULL,
  `estado` varchar(45) NOT NULL,
  PRIMARY KEY (`id`),
  KEY `fk_sucursal_provisiones_idx` (`sucursal`),
  KEY `fk_fx_provisiones_idx` (`fx`),
  CONSTRAINT `fk_fx_provisiones` FOREIGN KEY (`fx`) REFERENCES `fx` (`id`) ON UPDATE CASCADE,
  CONSTRAINT `fk_sucursal_provisiones` FOREIGN KEY (`sucursal`) REFERENCES `sucursal` (`id`) ON UPDATE CASCADE
) ENGINE=InnoDB DEFAULT CHARSET=utf8;
/*!40101 SET character_set_client = @saved_cs_client */;

--
-- Dumping data for table `provision`
--

LOCK TABLES `provision` WRITE;
/*!40000 ALTER TABLE `provision` DISABLE KEYS */;
/*!40000 ALTER TABLE `provision` ENABLE KEYS */;
UNLOCK TABLES;

--
-- Table structure for table `resource`
--

DROP TABLE IF EXISTS `resource`;
/*!40101 SET @saved_cs_client     = @@character_set_client */;
/*!40101 SET character_set_client = utf8 */;
CREATE TABLE `resource` (
  `id` bigint(20) NOT NULL AUTO_INCREMENT,
  `name` varchar(100) NOT NULL,
  `uri` varchar(45) NOT NULL,
  `access_type` varchar(45) NOT NULL,
  `description` varchar(500) DEFAULT NULL,
  PRIMARY KEY (`id`),
  UNIQUE KEY `name_UNIQUE` (`name`)
) ENGINE=InnoDB AUTO_INCREMENT=2 DEFAULT CHARSET=utf8;
/*!40101 SET character_set_client = @saved_cs_client */;

--
-- Dumping data for table `resource`
--

LOCK TABLES `resource` WRITE;
/*!40000 ALTER TABLE `resource` DISABLE KEYS */;
/*!40000 ALTER TABLE `resource` ENABLE KEYS */;
UNLOCK TABLES;

--
-- Table structure for table `role`
--

DROP TABLE IF EXISTS `role`;
/*!40101 SET @saved_cs_client     = @@character_set_client */;
/*!40101 SET character_set_client = utf8 */;
CREATE TABLE `role` (
  `id` bigint(20) NOT NULL AUTO_INCREMENT,
  `name` varchar(45) NOT NULL,
  PRIMARY KEY (`id`)
) ENGINE=InnoDB AUTO_INCREMENT=6 DEFAULT CHARSET=utf8;
/*!40101 SET character_set_client = @saved_cs_client */;

--
-- Dumping data for table `role`
--

LOCK TABLES `role` WRITE;
/*!40000 ALTER TABLE `role` DISABLE KEYS */;
INSERT INTO `role` VALUES (1,'ROLE_OPERADOR'),(2,'ROLE_COORDINADOR'),(3,'ROLE_OBSERVADOR'),(4,'ROLE_GERENTE'),(5,'SUPER_ADMIN');
/*!40000 ALTER TABLE `role` ENABLE KEYS */;
UNLOCK TABLES;

--
-- Table structure for table `saldo`
--

DROP TABLE IF EXISTS `saldo`;
/*!40101 SET @saved_cs_client     = @@character_set_client */;
/*!40101 SET character_set_client = utf8 */;
CREATE TABLE `saldo` (
  `id` bigint(20) NOT NULL AUTO_INCREMENT,
  `caja` bigint(20) NOT NULL,
  `moneda` bigint(20) NOT NULL,
  `nominal` decimal(15,2) NOT NULL,
  `precio_promedio` decimal(15,2) NOT NULL,
  PRIMARY KEY (`id`),
  KEY `fk_caja_caja_moneda_idx` (`caja`),
  KEY `fk_moneda_caja_moneda_idx` (`moneda`),
  CONSTRAINT `fk_caja_saldo` FOREIGN KEY (`caja`) REFERENCES `caja` (`id`) ON UPDATE CASCADE,
  CONSTRAINT `fk_moneda_saldo` FOREIGN KEY (`moneda`) REFERENCES `fx` (`id`) ON UPDATE CASCADE
) ENGINE=InnoDB AUTO_INCREMENT=661 DEFAULT CHARSET=utf8;
/*!40101 SET character_set_client = @saved_cs_client */;

--
-- Dumping data for table `saldo`
--

LOCK TABLES `saldo` WRITE;
/*!40000 ALTER TABLE `saldo` DISABLE KEYS */;
INSERT INTO `saldo` VALUES (250,9,1,142032360.00,1.00),(251,9,2,38454.00,3205.98),(252,9,3,16940.00,3590.38),(253,9,11,0.00,4138.07),(254,9,15,16310.00,2565.79),(255,9,16,27650.00,180.77),(256,9,17,229.00,739.80),(257,9,18,4800.00,2249.22),(258,9,19,10.00,920.76),(259,9,20,0.00,50.63),(260,9,21,341000.00,3.98),(261,9,22,790.00,3002.94),(262,9,23,2000.00,24.76),(263,9,24,41.00,359.26),(264,9,26,1000.00,230.42),(265,9,25,10.00,220.00),(341,10,1,203765050.00,1.00),(342,10,2,27954.00,3164.39),(343,10,3,14695.00,3533.93),(344,10,11,75.00,4139.07),(345,10,15,9415.00,2576.63),(346,10,16,40.00,152.27),(347,10,17,128.00,739.58),(348,10,18,115.00,2250.00),(349,10,19,50.00,902.62),(350,10,20,340.00,45.49),(351,10,21,43000.00,3.90),(352,10,22,3230.00,3048.11),(353,10,23,1000.00,24.76),(354,10,24,829.00,369.44),(355,10,25,200.00,220.00),(356,10,26,1000.00,230.42),(517,15,1,35992549.00,1.00),(518,15,2,15547.00,3168.00),(519,15,3,1080.00,3513.53),(520,15,11,100.00,3980.00),(521,15,15,1915.00,2468.14),(522,15,16,5500.00,169.65),(523,15,17,288.00,736.32),(524,15,18,235.00,2250.00),(525,15,19,720.00,899.81),(526,15,20,7255.00,40.54),(527,15,21,27000.00,3.90),(528,15,22,680.00,3050.00),(529,15,23,2000.00,21.00),(530,15,24,1.00,369.44),(531,15,25,10.00,220.00),(532,15,26,1000.00,230.42),(533,16,1,116776388.00,1.00),(534,16,2,13141.00,3164.62),(535,16,3,460.00,3495.39),(536,16,11,0.00,3980.00),(537,16,15,195.00,2449.95),(538,16,16,70.00,159.68),(539,16,17,3380.00,732.34),(540,16,18,1835.00,2250.00),(541,16,19,10.00,922.17),(542,16,20,310.00,50.00),(543,16,21,78000.00,3.84),(544,16,22,420.00,3070.00),(545,16,23,1000.00,21.00),(546,16,24,1.00,400.00),(547,16,25,10.00,220.00),(548,16,26,1000.00,230.42),(613,13,1,70359227.00,1.00),(614,13,2,32329.00,3176.95),(615,13,3,2680.00,3503.47),(616,13,11,0.00,3980.00),(617,13,15,20.00,2481.62),(618,13,16,1440.00,150.93),(619,13,17,0.00,735.39),(620,13,19,3030.00,932.58),(621,13,20,21150.00,84.66),(622,13,21,148000.00,3.90),(623,13,22,2640.00,3041.45),(624,13,23,26000.00,23.85),(625,13,24,0.00,369.44),(626,13,25,0.00,220.00),(627,13,26,0.00,230.42),(628,13,18,10550.00,2246.46),(645,14,1,96042147.00,1.00),(646,14,2,19315.00,3158.17),(647,14,3,2515.00,3527.31),(648,14,11,40.00,3999.53),(649,14,15,395.00,2469.97),(650,14,16,20.00,155.10),(651,14,17,2.00,737.47),(652,14,18,2590.00,2247.63),(653,14,19,340.00,900.00),(654,14,20,75120.00,3.94),(655,14,21,70000.00,3.89),(656,14,22,70.00,2900.00),(657,14,23,3000.00,23.00),(658,14,24,71.00,360.00),(659,14,25,10.00,220.00),(660,14,26,1000.00,230.42);
/*!40000 ALTER TABLE `saldo` ENABLE KEYS */;
UNLOCK TABLES;

--
-- Table structure for table `session`
--

DROP TABLE IF EXISTS `session`;
/*!40101 SET @saved_cs_client     = @@character_set_client */;
/*!40101 SET character_set_client = utf8 */;
CREATE TABLE `session` (
  `id` bigint(20) NOT NULL AUTO_INCREMENT,
  `token` varchar(100) NOT NULL,
  `date` date NOT NULL,
  `time` time NOT NULL,
  `ip` varchar(45) NOT NULL,
  `user` bigint(20) NOT NULL,
  PRIMARY KEY (`id`),
  KEY `fk_session_user_idx` (`user`),
  CONSTRAINT `fk_user_sessions` FOREIGN KEY (`user`) REFERENCES `user` (`id`) ON UPDATE CASCADE
) ENGINE=InnoDB DEFAULT CHARSET=utf8;
/*!40101 SET character_set_client = @saved_cs_client */;

--
-- Dumping data for table `session`
--

LOCK TABLES `session` WRITE;
/*!40000 ALTER TABLE `session` DISABLE KEYS */;
/*!40000 ALTER TABLE `session` ENABLE KEYS */;
UNLOCK TABLES;

--
-- Table structure for table `sucursal`
--

DROP TABLE IF EXISTS `sucursal`;
/*!40101 SET @saved_cs_client     = @@character_set_client */;
/*!40101 SET character_set_client = utf8 */;
CREATE TABLE `sucursal` (
  `id` bigint(20) NOT NULL AUTO_INCREMENT,
  `cod` varchar(45) NOT NULL,
  `nombre` varchar(45) NOT NULL,
  `direccion` varchar(100) NOT NULL,
  `estado` varchar(45) NOT NULL,
  `chk_principal` tinyint(4) NOT NULL,
  `telefonos` varchar(255) DEFAULT NULL,
  PRIMARY KEY (`id`)
) ENGINE=InnoDB AUTO_INCREMENT=13 DEFAULT CHARSET=utf8;
/*!40101 SET character_set_client = @saved_cs_client */;

--
-- Dumping data for table `sucursal`
--

LOCK TABLES `sucursal` WRITE;
/*!40000 ALTER TABLE `sucursal` DISABLE KEYS */;
INSERT INTO `sucursal` VALUES (1,'CENTRO_CHIA','CENTRO_CHIA','XXX','1',1,'3262'),(2,'FONTANAR','FONTANAR','xxxx','1',0,'515515'),(3,'SANTA_FE','SANTA_FE','XXX','1',0,'2222'),(4,'LA_COLINA','LA_COLINA','XXX','1',0,'222'),(5,'LA_CASONA','LA_CASONA','X','1',0,'222'),(6,'SABANA_NTE','SABANA_NTE','X','1',0,'2222'),(12,'CENTRAL','CENTRAL','CRA 7 # 72-08','1',0,NULL);
/*!40000 ALTER TABLE `sucursal` ENABLE KEYS */;
UNLOCK TABLES;

--
-- Table structure for table `telefono`
--

DROP TABLE IF EXISTS `telefono`;
/*!40101 SET @saved_cs_client     = @@character_set_client */;
/*!40101 SET character_set_client = utf8 */;
CREATE TABLE `telefono` (
  `id` int(11) NOT NULL AUTO_INCREMENT,
  `telefono` varchar(45) NOT NULL,
  `sucursal` bigint(20) NOT NULL,
  PRIMARY KEY (`id`),
  KEY `fk_sucursal_telefonos_idx` (`sucursal`),
  CONSTRAINT `fk_sucursal_telefonos` FOREIGN KEY (`sucursal`) REFERENCES `sucursal` (`id`) ON UPDATE CASCADE
) ENGINE=InnoDB DEFAULT CHARSET=utf8;
/*!40101 SET character_set_client = @saved_cs_client */;

--
-- Dumping data for table `telefono`
--

LOCK TABLES `telefono` WRITE;
/*!40000 ALTER TABLE `telefono` DISABLE KEYS */;
/*!40000 ALTER TABLE `telefono` ENABLE KEYS */;
UNLOCK TABLES;

--
-- Table structure for table `traslado`
--

DROP TABLE IF EXISTS `traslado`;
/*!40101 SET @saved_cs_client     = @@character_set_client */;
/*!40101 SET character_set_client = utf8 */;
CREATE TABLE `traslado` (
  `id` bigint(20) NOT NULL AUTO_INCREMENT,
  `fecha` datetime NOT NULL,
  `sucursal_origen` bigint(20) NOT NULL,
  `sucursal_destino` bigint(20) NOT NULL,
  `tipo_traslado` varchar(45) NOT NULL,
  `turno_origen` bigint(20) DEFAULT NULL,
  `turno_destino` bigint(20) DEFAULT NULL,
  `estado` varchar(20) NOT NULL,
  `precio_traslado` decimal(14,2) NOT NULL,
  `valor_giro` decimal(14,2) NOT NULL,
  `fx` bigint(20) NOT NULL,
  PRIMARY KEY (`id`),
  KEY `fk_usuario_traslados_idx` (`turno_origen`),
  KEY `fk_usuario_traslados_idx1` (`turno_destino`),
  KEY `fk_fx_traslado_idx` (`fx`),
  KEY `fk_sucursal_origen_idx` (`sucursal_origen`),
  KEY `fk_sucursal_destino_idx` (`sucursal_destino`),
  CONSTRAINT `fk_fx_traslado` FOREIGN KEY (`fx`) REFERENCES `fx` (`id`) ON UPDATE CASCADE,
  CONSTRAINT `fk_sucursal_destino` FOREIGN KEY (`sucursal_destino`) REFERENCES `sucursal` (`id`) ON UPDATE CASCADE,
  CONSTRAINT `fk_sucursal_origen` FOREIGN KEY (`sucursal_origen`) REFERENCES `sucursal` (`id`) ON UPDATE CASCADE,
  CONSTRAINT `traslado_turno_FK` FOREIGN KEY (`turno_origen`) REFERENCES `turno` (`id`) ON UPDATE CASCADE,
  CONSTRAINT `traslado_turno_FK_1` FOREIGN KEY (`turno_destino`) REFERENCES `turno` (`id`) ON UPDATE CASCADE
) ENGINE=InnoDB AUTO_INCREMENT=7 DEFAULT CHARSET=utf8;
/*!40101 SET character_set_client = @saved_cs_client */;

--
-- Dumping data for table `traslado`
--

LOCK TABLES `traslado` WRITE;
/*!40000 ALTER TABLE `traslado` DISABLE KEYS */;
INSERT INTO `traslado` VALUES (4,'2019-10-08 12:08:38',1,6,'PRECIO VALORACION',56,60,'EJECUTADO',3243.00,14000.00,2),(5,'2019-10-08 12:17:03',1,2,'COSTO PROMEDIO',56,59,'EJECUTADO',3243.00,20000.00,2),(6,'2019-10-08 12:19:34',1,5,'PRECIO ESPECIFICO',56,61,'EJECUTADO',3623.00,2000.00,3);
/*!40000 ALTER TABLE `traslado` ENABLE KEYS */;
UNLOCK TABLES;

--
-- Table structure for table `turno`
--

DROP TABLE IF EXISTS `turno`;
/*!40101 SET @saved_cs_client     = @@character_set_client */;
/*!40101 SET character_set_client = utf8 */;
CREATE TABLE `turno` (
  `id` bigint(20) NOT NULL AUTO_INCREMENT,
  `caja` bigint(20) NOT NULL,
  `usuario` bigint(20) NOT NULL,
  `fecha_inicio` datetime NOT NULL,
  `fecha_fin` datetime DEFAULT NULL,
  PRIMARY KEY (`id`),
  KEY `fk_usuario_turno_idx` (`usuario`),
  KEY `fk_caja_turno_idx` (`caja`),
  CONSTRAINT `fk_caja_turno` FOREIGN KEY (`caja`) REFERENCES `caja` (`id`) ON UPDATE CASCADE,
  CONSTRAINT `fk_usuario_turno` FOREIGN KEY (`usuario`) REFERENCES `usuario` (`id`) ON UPDATE CASCADE
) ENGINE=InnoDB AUTO_INCREMENT=65 DEFAULT CHARSET=utf8;
/*!40101 SET character_set_client = @saved_cs_client */;

--
-- Dumping data for table `turno`
--

LOCK TABLES `turno` WRITE;
/*!40000 ALTER TABLE `turno` DISABLE KEYS */;
INSERT INTO `turno` VALUES (56,9,4,'2019-10-08 11:17:35',NULL),(57,13,4,'2019-10-08 12:22:08','2019-10-08 12:37:29'),(58,14,4,'2019-10-08 12:42:45','2019-10-08 15:02:54'),(59,10,4,'2019-10-09 15:30:27','2019-10-09 15:48:25'),(60,16,4,'2019-10-09 15:49:02','2019-10-09 16:15:14'),(61,15,4,'2019-10-09 16:16:07',NULL),(62,13,4,'2019-10-09 16:32:09','2019-10-09 16:36:57'),(63,14,4,'2019-10-09 16:37:11','2019-10-09 16:42:58'),(64,16,4,'2019-10-09 17:13:20','2019-10-09 17:14:08');
/*!40000 ALTER TABLE `turno` ENABLE KEYS */;
UNLOCK TABLES;

--
-- Table structure for table `user`
--

DROP TABLE IF EXISTS `user`;
/*!40101 SET @saved_cs_client     = @@character_set_client */;
/*!40101 SET character_set_client = utf8 */;
CREATE TABLE `user` (
  `id` bigint(20) NOT NULL AUTO_INCREMENT,
  `username` varchar(45) NOT NULL,
  `password` varchar(100) NOT NULL,
  `salt` varchar(45) NOT NULL,
  `enabled` tinyint(1) NOT NULL,
  `locked` tinyint(1) NOT NULL,
  `failed_logins` int(11) NOT NULL,
  `role` bigint(20) NOT NULL,
  PRIMARY KEY (`id`),
  KEY `fk_user_role_idx` (`role`),
  CONSTRAINT `fk_role_users` FOREIGN KEY (`role`) REFERENCES `role` (`id`) ON UPDATE CASCADE
) ENGINE=InnoDB AUTO_INCREMENT=7 DEFAULT CHARSET=utf8;
/*!40101 SET character_set_client = @saved_cs_client */;

--
-- Dumping data for table `user`
--

LOCK TABLES `user` WRITE;
/*!40000 ALTER TABLE `user` DISABLE KEYS */;
INSERT INTO `user` VALUES (1,'root','$2a$04$fx4HJlEUiHFwn2ajnmIp8e3GyVBNij6bKEuMZwfZYUykeXFPHinoO','123456',1,0,0,5),(2,'admin','$2a$04$fx4HJlEUiHFwn2ajnmIp8e3GyVBNij6bKEuMZwfZYUykeXFPHinoO','123456',1,0,0,4),(3,'operador','$2a$04$fx4HJlEUiHFwn2ajnmIp8e3GyVBNij6bKEuMZwfZYUykeXFPHinoO','123456',1,0,0,1),(5,'superadmin','$2a$04$fx4HJlEUiHFwn2ajnmIp8e3GyVBNij6bKEuMZwfZYUykeXFPHinoO','1225800673543000',0,0,0,5);
/*!40000 ALTER TABLE `user` ENABLE KEYS */;
UNLOCK TABLES;

--
-- Table structure for table `usuario`
--

DROP TABLE IF EXISTS `usuario`;
/*!40101 SET @saved_cs_client     = @@character_set_client */;
/*!40101 SET character_set_client = utf8 */;
CREATE TABLE `usuario` (
  `id` bigint(20) NOT NULL AUTO_INCREMENT,
  `nombre` varchar(45) NOT NULL,
  `apellido` varchar(45) NOT NULL,
  `user` bigint(20) NOT NULL,
  PRIMARY KEY (`id`),
  UNIQUE KEY `user_UNIQUE` (`user`),
  KEY `fk_user_usuario_idx` (`user`),
  CONSTRAINT `fk_user_usuario` FOREIGN KEY (`user`) REFERENCES `user` (`id`) ON UPDATE CASCADE
) ENGINE=InnoDB AUTO_INCREMENT=5 DEFAULT CHARSET=utf8;
/*!40101 SET character_set_client = @saved_cs_client */;

--
-- Dumping data for table `usuario`
--

LOCK TABLES `usuario` WRITE;
/*!40000 ALTER TABLE `usuario` DISABLE KEYS */;
INSERT INTO `usuario` VALUES (1,'root','root',1),(2,'operador','operador',3),(3,'superadmin','admin',5),(4,'admin','admin',2);
/*!40000 ALTER TABLE `usuario` ENABLE KEYS */;
UNLOCK TABLES;

--
-- Dumping routines for database 'smart-auth'
--
/*!40103 SET TIME_ZONE=@OLD_TIME_ZONE */;

/*!40101 SET SQL_MODE=@OLD_SQL_MODE */;
/*!40014 SET FOREIGN_KEY_CHECKS=@OLD_FOREIGN_KEY_CHECKS */;
/*!40014 SET UNIQUE_CHECKS=@OLD_UNIQUE_CHECKS */;
/*!40101 SET CHARACTER_SET_CLIENT=@OLD_CHARACTER_SET_CLIENT */;
/*!40101 SET CHARACTER_SET_RESULTS=@OLD_CHARACTER_SET_RESULTS */;
/*!40101 SET COLLATION_CONNECTION=@OLD_COLLATION_CONNECTION */;
/*!40111 SET SQL_NOTES=@OLD_SQL_NOTES */;

-- Dump completed on 2019-10-09 22:30:44
