-- MySQL dump 10.16  Distrib 10.3.9-MariaDB, for Win64 (AMD64)
--
-- Host: 167.99.227.123    Database: smart-auth
-- ------------------------------------------------------
-- Server version	10.4.5-MariaDB-1:10.4.5+maria~bionic

/*!40101 SET @OLD_CHARACTER_SET_CLIENT=@@CHARACTER_SET_CLIENT */;
/*!40101 SET @OLD_CHARACTER_SET_RESULTS=@@CHARACTER_SET_RESULTS */;
/*!40101 SET @OLD_COLLATION_CONNECTION=@@COLLATION_CONNECTION */;
/*!40101 SET NAMES utf8 */;
/*!40103 SET @OLD_TIME_ZONE=@@TIME_ZONE */;
/*!40103 SET TIME_ZONE='+00:00' */;
/*!40014 SET @OLD_UNIQUE_CHECKS=@@UNIQUE_CHECKS, UNIQUE_CHECKS=0 */;
/*!40014 SET @OLD_FOREIGN_KEY_CHECKS=@@FOREIGN_KEY_CHECKS, FOREIGN_KEY_CHECKS=0 */;
/*!40101 SET @OLD_SQL_MODE=@@SQL_MODE, SQL_MODE='NO_AUTO_VALUE_ON_ZERO' */;
/*!40111 SET @OLD_SQL_NOTES=@@SQL_NOTES, SQL_NOTES=0 */;

--
-- Table structure for table `apertura_turno`
--

DROP TABLE IF EXISTS `apertura_turno`;
/*!40101 SET @saved_cs_client     = @@character_set_client */;
/*!40101 SET character_set_client = utf8 */;
CREATE TABLE `apertura_turno` (
  `id` bigint(20) NOT NULL AUTO_INCREMENT,
  `turno` bigint(20) NOT NULL,
  `fx` bigint(20) NOT NULL,
  `nominal` decimal(15,2) NOT NULL,
  `precio_promedio` decimal(15,2) DEFAULT NULL,
  PRIMARY KEY (`id`),
  KEY `fk_moneda_caja_moneda_idx` (`fx`),
  KEY `fk_caja_saldo0_idx` (`turno`),
  CONSTRAINT `fk_caja_saldo_inicial` FOREIGN KEY (`turno`) REFERENCES `turno` (`id`) ON UPDATE CASCADE,
  CONSTRAINT `fk_moneda_saldo_inicial` FOREIGN KEY (`fx`) REFERENCES `fx` (`id`) ON UPDATE CASCADE
) ENGINE=InnoDB AUTO_INCREMENT=807 DEFAULT CHARSET=utf8;
/*!40101 SET character_set_client = @saved_cs_client */;

--
-- Dumping data for table `apertura_turno`
--

LOCK TABLES `apertura_turno` WRITE;
/*!40000 ALTER TABLE `apertura_turno` DISABLE KEYS */;
/*!40000 ALTER TABLE `apertura_turno` ENABLE KEYS */;
UNLOCK TABLES;

--
-- Table structure for table `arqueo`
--

DROP TABLE IF EXISTS `arqueo`;
/*!40101 SET @saved_cs_client     = @@character_set_client */;
/*!40101 SET character_set_client = utf8 */;
CREATE TABLE `arqueo` (
  `id` bigint(20) NOT NULL AUTO_INCREMENT,
  `fecha` datetime NOT NULL,
  `turno` bigint(20) NOT NULL,
  PRIMARY KEY (`id`),
  KEY `arqueo_turno_FK` (`turno`),
  CONSTRAINT `arqueo_turno_FK` FOREIGN KEY (`turno`) REFERENCES `turno` (`id`) ON UPDATE CASCADE
) ENGINE=InnoDB AUTO_INCREMENT=290 DEFAULT CHARSET=utf8;
/*!40101 SET character_set_client = @saved_cs_client */;

--
-- Dumping data for table `arqueo`
--

LOCK TABLES `arqueo` WRITE;
/*!40000 ALTER TABLE `arqueo` DISABLE KEYS */;
/*!40000 ALTER TABLE `arqueo` ENABLE KEYS */;
UNLOCK TABLES;

--
-- Table structure for table `caja`
--

DROP TABLE IF EXISTS `caja`;
/*!40101 SET @saved_cs_client     = @@character_set_client */;
/*!40101 SET character_set_client = utf8 */;
CREATE TABLE `caja` (
  `id` bigint(20) NOT NULL AUTO_INCREMENT,
  `nombre` varchar(45) NOT NULL,
  `sucursal` bigint(20) NOT NULL,
  PRIMARY KEY (`id`),
  KEY `fk_sucursal_turnos_idx` (`sucursal`),
  CONSTRAINT `fk_sucursal_turnos` FOREIGN KEY (`sucursal`) REFERENCES `sucursal` (`id`) ON UPDATE CASCADE
) ENGINE=InnoDB AUTO_INCREMENT=19 DEFAULT CHARSET=utf8;
/*!40101 SET character_set_client = @saved_cs_client */;

--
-- Dumping data for table `caja`
--

LOCK TABLES `caja` WRITE;
/*!40000 ALTER TABLE `caja` DISABLE KEYS */;
INSERT INTO `caja` VALUES (9,'CAJA1 CCHIA',1),(10,'CAJA1 FONT',2),(13,'CAJA1 SANTAFE',3),(14,'CAJA1 COLINA',4),(15,'CAJA1 CASONA',5),(16,'CAJA1 SABANA',6);
/*!40000 ALTER TABLE `caja` ENABLE KEYS */;
UNLOCK TABLES;

--
-- Table structure for table `cierre`
--

DROP TABLE IF EXISTS `cierre`;
/*!40101 SET @saved_cs_client     = @@character_set_client */;
/*!40101 SET character_set_client = utf8 */;
CREATE TABLE `cierre` (
  `id` bigint(20) NOT NULL AUTO_INCREMENT,
  `moneda` bigint(20) DEFAULT NULL,
  `fecha` date DEFAULT NULL,
  `saldo_inicial` decimal(15,4) DEFAULT NULL,
  `precio_promedio_inicial` decimal(15,4) DEFAULT NULL,
  `valor_compra_inicial` decimal(15,4) DEFAULT NULL,
  `nominal_compra` decimal(15,4) DEFAULT NULL,
  `precio_compra` decimal(15,4) DEFAULT NULL,
  `valor_compra` decimal(15,4) DEFAULT NULL,
  `nominal_venta` decimal(15,4) DEFAULT NULL,
  `precio_venta` decimal(15,4) DEFAULT NULL,
  `valor_venta` decimal(15,4) DEFAULT NULL,
  `nominal_traslados_entrantes` decimal(15,4) DEFAULT 0.0000,
  `precio_traslado_entrantes` decimal(15,4) DEFAULT 0.0000,
  `saldo_final` decimal(15,4) DEFAULT NULL,
  `precio_promedio_final` decimal(15,4) DEFAULT NULL,
  `valor_compra_final` decimal(15,4) DEFAULT 0.0000,
  `margen` decimal(15,4) DEFAULT 0.0000,
  `utilidad_diaria` decimal(15,4) DEFAULT 0.0000,
  `pyg_caja` decimal(15,4) DEFAULT 0.0000,
  `precio_valoracion` decimal(15,4) DEFAULT 0.0000,
  `margen_prec_valora_y_prec_prom` decimal(15,4) DEFAULT 0.0000,
  `valoracion` decimal(15,4) DEFAULT 0.0000,
  `pyg_valoracion` decimal(15,4) DEFAULT 0.0000,
  `pyg_valoracion_d` decimal(15,4) DEFAULT 0.0000,
  `pyg_bruto` decimal(15,4) DEFAULT 0.0000,
  `renta_caja` decimal(10,5) DEFAULT 0.00000,
  `renta_val` decimal(10,5) DEFAULT 0.00000,
  `renta_bruta` decimal(10,5) DEFAULT 0.00000,
  `egresos` decimal(15,4) DEFAULT 0.0000,
  `egresos_acumulados` decimal(15,4) DEFAULT 0.0000,
  `pyg_neto` decimal(15,4) DEFAULT 0.0000,
  `renta_neta` decimal(10,5) DEFAULT 0.00000,
  `saldo_cop` decimal(15,4) DEFAULT 0.0000,
  `pyg_traslado_diario` decimal(15,4) DEFAULT 0.0000,
  `pyg_traslado_acumulado` decimal(15,4) DEFAULT 0.0000,
  `pyg_bruto_con_traslado` decimal(15,4) DEFAULT 0.0000,
  `pyg_neto_con_traslado` decimal(15,4) DEFAULT 0.0000,
  `fc_diario` decimal(15,4) DEFAULT 0.0000,
  `fc_acumulado` decimal(15,4) DEFAULT 0.0000,
  `valor_port` decimal(15,4) DEFAULT 0.0000,
  `pyg_caja_d` decimal(15,4) DEFAULT 0.0000,
  `valor_traslados` decimal(15,4) DEFAULT 0.0000,
  `sucursal` bigint(20) NOT NULL,
  `traslados_acumulados` decimal(15,4) DEFAULT 0.0000,
  `nominal_traslados_salientes` decimal(15,4) DEFAULT 0.0000,
  `valor_giro_traslado_salientes` decimal(15,4) DEFAULT 0.0000,
  `precio_traslado_salientes` decimal(15,4) DEFAULT 0.0000,
  `egresos_moneda` decimal(15,4) DEFAULT 0.0000,
  `valor_giro_traslado_entrantes` decimal(15,4) DEFAULT 0.0000,
  `saldo_precierre` decimal(15,4) DEFAULT 0.0000 COMMENT 'saldo sin tener en cuenta los traslados',
  `valor_giro_precierre` decimal(15,4) DEFAULT 0.0000,
  `precio_valoracion_anterior` decimal(8,4) DEFAULT 0.0000,
  `valoracion_precierre_anterior` decimal(15,4) DEFAULT 0.0000,
  `pyg_val_precierre_mensual` decimal(15,4) DEFAULT 0.0000,
  `pyg_val_precierre_diaria` decimal(15,4) DEFAULT 0.0000,
  `pyg_traslado_entrante` decimal(15,4) DEFAULT 0.0000,
  `pyg_traslado_saliente` decimal(15,4) DEFAULT 0.0000,
  `valoracion_precierre_actual` decimal(15,4) DEFAULT 0.0000,
  `pyg_val_cierre_diaria` decimal(15,4) DEFAULT 0.0000,
  `pyg_val_cierre_mensual` decimal(15,4) DEFAULT 0.0000,
  `diferencia_egresos_ingresos` decimal(15,4) DEFAULT 0.0000,
  `ingresos` decimal(15,4) DEFAULT 0.0000,
  `pyg_val_cierre_acumulada` decimal(15,4) DEFAULT 0.0000,
  `pyg_val_precierre_acumulada` decimal(15,4) DEFAULT 0.0000,
  PRIMARY KEY (`id`),
  KEY `fk_moneda_caja_moneda_idx` (`moneda`) USING BTREE,
  KEY `cierre_sucursal_FK` (`sucursal`),
  CONSTRAINT `cierre_sucursal_FK` FOREIGN KEY (`sucursal`) REFERENCES `sucursal` (`id`) ON UPDATE CASCADE,
  CONSTRAINT `fk_moneda_cierre` FOREIGN KEY (`moneda`) REFERENCES `fx` (`id`) ON UPDATE CASCADE
) ENGINE=InnoDB AUTO_INCREMENT=482 DEFAULT CHARSET=utf8;
/*!40101 SET character_set_client = @saved_cs_client */;

--
-- Dumping data for table `cierre`
--

LOCK TABLES `cierre` WRITE;
/*!40000 ALTER TABLE `cierre` DISABLE KEYS */;
/*!40000 ALTER TABLE `cierre` ENABLE KEYS */;
UNLOCK TABLES;

--
-- Table structure for table `cierre_consolidado`
--

DROP TABLE IF EXISTS `cierre_consolidado`;
/*!40101 SET @saved_cs_client     = @@character_set_client */;
/*!40101 SET character_set_client = utf8 */;
CREATE TABLE `cierre_consolidado` (
  `id` bigint(20) NOT NULL AUTO_INCREMENT,
  `moneda` bigint(20) NOT NULL,
  `fecha` date NOT NULL,
  `saldo_inicial` decimal(15,4) DEFAULT 0.0000,
  `precio_promedio_inicial` decimal(15,4) DEFAULT 0.0000,
  `valor_compra_inicial` decimal(15,4) DEFAULT 0.0000,
  `nominal_compra` decimal(15,4) DEFAULT 0.0000,
  `precio_compra` decimal(15,4) DEFAULT 0.0000,
  `valor_compra` decimal(15,4) DEFAULT 0.0000,
  `nominal_venta` decimal(15,4) DEFAULT 0.0000,
  `precio_venta` decimal(15,4) DEFAULT 0.0000,
  `valor_venta` decimal(15,4) DEFAULT 0.0000,
  `nominal_traslados_entrantes` decimal(15,4) DEFAULT 0.0000,
  `precio_traslado_entrantes` decimal(15,4) DEFAULT 0.0000,
  `saldo_final` decimal(15,4) DEFAULT 0.0000,
  `precio_promedio_final` decimal(15,4) DEFAULT 0.0000,
  `valor_compra_final` decimal(15,4) DEFAULT 0.0000,
  `margen` decimal(15,4) DEFAULT 0.0000,
  `utilidad_diaria` decimal(15,4) DEFAULT 0.0000,
  `pyg_caja` decimal(15,4) DEFAULT 0.0000,
  `precio_valoracion` decimal(15,4) DEFAULT 0.0000,
  `margen_prec_valora_y_prec_prom` decimal(15,4) DEFAULT 0.0000,
  `valoracion` decimal(15,4) DEFAULT 0.0000,
  `pyg_valoracion` decimal(15,4) DEFAULT 0.0000,
  `pyg_valoracion_d` decimal(15,4) DEFAULT 0.0000,
  `pyg_bruto` decimal(15,4) DEFAULT 0.0000,
  `renta_caja` decimal(10,5) DEFAULT 0.00000,
  `renta_val` decimal(10,5) DEFAULT 0.00000,
  `renta_bruta` decimal(10,5) DEFAULT 0.00000,
  `egresos` decimal(15,4) DEFAULT 0.0000,
  `egresos_acumulados` decimal(15,4) DEFAULT 0.0000,
  `pyg_neto` decimal(15,4) DEFAULT 0.0000,
  `renta_neta` decimal(10,5) DEFAULT 0.00000,
  `saldo_cop` decimal(15,4) DEFAULT 0.0000,
  `pyg_traslado_diario` decimal(15,4) DEFAULT 0.0000,
  `pyg_traslado_acumulado` decimal(15,4) DEFAULT 0.0000,
  `pyg_bruto_con_traslado` decimal(15,4) DEFAULT 0.0000,
  `pyg_neto_con_traslado` decimal(15,4) DEFAULT 0.0000,
  `fc_diario` decimal(15,4) DEFAULT 0.0000,
  `fc_acumulado` decimal(15,4) DEFAULT 0.0000,
  `valor_port` decimal(15,4) DEFAULT 0.0000,
  `pyg_caja_d` decimal(15,4) DEFAULT 0.0000,
  `valor_traslados` decimal(15,4) DEFAULT 0.0000,
  `traslados_acumulados` decimal(15,4) DEFAULT 0.0000,
  `nominal_traslados_salientes` decimal(15,4) DEFAULT 0.0000,
  `valor_giro_traslado_salientes` decimal(15,4) DEFAULT 0.0000,
  `precio_traslado_salientes` decimal(15,4) DEFAULT 0.0000,
  `egresos_moneda` decimal(15,4) DEFAULT 0.0000,
  `valor_giro_traslado_entrantes` decimal(15,4) DEFAULT 0.0000,
  `saldo_precierre` decimal(15,4) DEFAULT 0.0000,
  `valor_giro_precierre` decimal(15,4) DEFAULT 0.0000,
  `precio_valoracion_anterior` decimal(15,4) DEFAULT 0.0000,
  `valoracion_precierre_anterior` decimal(15,4) DEFAULT 0.0000,
  `pyg_val_precierre_mensual` decimal(15,4) DEFAULT 0.0000,
  `pyg_val_precierre_diaria` decimal(15,4) DEFAULT 0.0000,
  `pyg_traslado_entrante` decimal(15,4) DEFAULT 0.0000,
  `pyg_traslado_saliente` decimal(15,4) DEFAULT 0.0000,
  `valoracion_precierre_actual` decimal(15,4) DEFAULT 0.0000,
  `pyg_val_cierre_diaria` decimal(15,4) DEFAULT 0.0000,
  `pyg_val_cierre_mensual` decimal(15,4) DEFAULT 0.0000,
  `diferencia_egresos_ingresos` decimal(15,4) DEFAULT 0.0000,
  `ingresos` decimal(15,4) DEFAULT 0.0000,
  `pyg_val_cierre_acumulada` decimal(15,4) DEFAULT 0.0000,
  `pyg_val_precierre_acumulada` decimal(15,4) DEFAULT 0.0000,
  PRIMARY KEY (`id`),
  KEY `conso-fk_moneda_caja_moneda_idx` (`moneda`) USING BTREE,
  CONSTRAINT `conso-fk_moneda_cierre` FOREIGN KEY (`moneda`) REFERENCES `fx` (`id`) ON UPDATE CASCADE
) ENGINE=InnoDB AUTO_INCREMENT=302 DEFAULT CHARSET=utf8;
/*!40101 SET character_set_client = @saved_cs_client */;

--
-- Dumping data for table `cierre_consolidado`
--

LOCK TABLES `cierre_consolidado` WRITE;
/*!40000 ALTER TABLE `cierre_consolidado` DISABLE KEYS */;
/*!40000 ALTER TABLE `cierre_consolidado` ENABLE KEYS */;
UNLOCK TABLES;

--
-- Table structure for table `cierre_turno`
--

DROP TABLE IF EXISTS `cierre_turno`;
/*!40101 SET @saved_cs_client     = @@character_set_client */;
/*!40101 SET character_set_client = utf8 */;
CREATE TABLE `cierre_turno` (
  `id` bigint(20) NOT NULL AUTO_INCREMENT,
  `turno` bigint(20) NOT NULL,
  `moneda` bigint(20) NOT NULL,
  `nominal` decimal(15,2) NOT NULL,
  `precio_promedio` decimal(15,2) NOT NULL,
  PRIMARY KEY (`id`),
  KEY `fk_moneda_caja_moneda_idx` (`moneda`),
  KEY `fk_caja_saldo0_idx` (`turno`),
  CONSTRAINT `fk_caja_saldo_inicial0` FOREIGN KEY (`turno`) REFERENCES `turno` (`id`) ON UPDATE CASCADE,
  CONSTRAINT `fk_moneda_saldo_inicial0` FOREIGN KEY (`moneda`) REFERENCES `fx` (`id`) ON UPDATE CASCADE
) ENGINE=InnoDB AUTO_INCREMENT=823 DEFAULT CHARSET=utf8;
/*!40101 SET character_set_client = @saved_cs_client */;

--
-- Dumping data for table `cierre_turno`
--

LOCK TABLES `cierre_turno` WRITE;
/*!40000 ALTER TABLE `cierre_turno` DISABLE KEYS */;
/*!40000 ALTER TABLE `cierre_turno` ENABLE KEYS */;
UNLOCK TABLES;

--
-- Table structure for table `denominacion`
--

DROP TABLE IF EXISTS `denominacion`;
/*!40101 SET @saved_cs_client     = @@character_set_client */;
/*!40101 SET character_set_client = utf8 */;
CREATE TABLE `denominacion` (
  `id` bigint(20) NOT NULL AUTO_INCREMENT,
  `valor` decimal(15,2) NOT NULL,
  `moneda` bigint(20) NOT NULL,
  PRIMARY KEY (`id`),
  KEY `fk_fx_denominaciones_idx` (`moneda`),
  CONSTRAINT `fk_fx_denominaciones` FOREIGN KEY (`moneda`) REFERENCES `fx` (`id`) ON UPDATE CASCADE
) ENGINE=InnoDB AUTO_INCREMENT=267 DEFAULT CHARSET=utf8;
/*!40101 SET character_set_client = @saved_cs_client */;

--
-- Dumping data for table `denominacion`
--

LOCK TABLES `denominacion` WRITE;
/*!40000 ALTER TABLE `denominacion` DISABLE KEYS */;
INSERT INTO `denominacion` VALUES (113,1.00,1),(114,1000.00,1),(115,2000.00,1),(116,5000.00,1),(117,10000.00,1),(118,20000.00,1),(119,50000.00,1),(120,100000.00,1),(121,1.00,2),(122,2.00,2),(123,5.00,2),(124,10.00,2),(125,20.00,2),(126,50.00,2),(127,100.00,2),(128,5.00,3),(129,10.00,3),(130,20.00,3),(131,50.00,3),(132,100.00,3),(133,200.00,3),(134,500.00,3),(180,50.00,11),(181,20.00,11),(182,10.00,11),(183,5.00,11),(199,100.00,15),(200,50.00,15),(201,20.00,15),(202,10.00,15),(203,5.00,15),(204,1000.00,16),(205,500.00,16),(206,200.00,16),(207,100.00,16),(208,50.00,16),(209,20.00,16),(210,100.00,17),(211,50.00,17),(212,20.00,17),(213,10.00,17),(214,5.00,17),(215,2.00,17),(216,100.00,18),(217,50.00,18),(218,20.00,18),(219,10.00,18),(220,5.00,18),(221,200.00,19),(222,100.00,19),(223,50.00,19),(224,20.00,19),(225,10.00,19),(226,1000.00,20),(227,500.00,20),(228,200.00,20),(229,100.00,20),(230,50.00,20),(231,20.00,20),(232,10.00,20),(233,5.00,20),(234,20000.00,21),(235,10000.00,21),(236,5000.00,21),(237,2000.00,21),(238,1000.00,21),(239,1000.00,22),(240,200.00,22),(241,100.00,22),(242,50.00,22),(243,20.00,22),(244,10.00,22),(245,10000.00,23),(246,5000.00,23),(247,2000.00,23),(248,1000.00,23),(249,100.00,24),(250,50.00,24),(251,20.00,24),(252,10.00,24),(253,5.00,24),(254,2.00,24),(255,1.00,24),(256,1000.00,25),(257,500.00,25),(258,100.00,25),(259,50.00,25),(260,20.00,25),(261,10.00,25),(262,50000.00,26),(263,10000.00,26),(264,5000.00,26),(265,2000.00,26),(266,1000.00,26);
/*!40000 ALTER TABLE `denominacion` ENABLE KEYS */;
UNLOCK TABLES;

--
-- Table structure for table `denominacion_cantidad`
--

DROP TABLE IF EXISTS `denominacion_cantidad`;
/*!40101 SET @saved_cs_client     = @@character_set_client */;
/*!40101 SET character_set_client = utf8 */;
CREATE TABLE `denominacion_cantidad` (
  `id` bigint(20) NOT NULL AUTO_INCREMENT,
  `denominacion` bigint(20) NOT NULL,
  `operacion` bigint(20) DEFAULT NULL,
  `cantidad` int(11) NOT NULL,
  `flujo_extraordinario` bigint(20) DEFAULT NULL,
  `traslado` bigint(20) DEFAULT NULL,
  `tipo` varchar(30) NOT NULL,
  `saldo` bigint(20) DEFAULT NULL,
  `fondeo` bigint(20) DEFAULT NULL,
  PRIMARY KEY (`id`),
  KEY `fk_denominacion_flujos_idx` (`denominacion`),
  KEY `fk_operacion_flujos_idx` (`operacion`),
  KEY `denominacion_cantidad_flujo_extraordinario_FK` (`flujo_extraordinario`),
  KEY `denominacion_cantidad_traslado_FK` (`traslado`),
  KEY `denominacion_cantidad_saldo_FK` (`saldo`),
  KEY `denominacion_cantidad_fondeo_FK` (`fondeo`),
  CONSTRAINT `denominacion_cantidad_flujo_extraordinario_FK` FOREIGN KEY (`flujo_extraordinario`) REFERENCES `flujo_extraordinario` (`id`) ON UPDATE CASCADE,
  CONSTRAINT `denominacion_cantidad_fondeo_FK` FOREIGN KEY (`fondeo`) REFERENCES `fondeo` (`id`) ON UPDATE CASCADE,
  CONSTRAINT `denominacion_cantidad_saldo_FK` FOREIGN KEY (`saldo`) REFERENCES `saldo` (`id`) ON UPDATE CASCADE,
  CONSTRAINT `denominacion_cantidad_traslado_FK` FOREIGN KEY (`traslado`) REFERENCES `traslado` (`id`) ON UPDATE CASCADE,
  CONSTRAINT `fk_denominacion_flujos` FOREIGN KEY (`denominacion`) REFERENCES `denominacion` (`id`) ON UPDATE CASCADE,
  CONSTRAINT `fk_operacion_flujos` FOREIGN KEY (`operacion`) REFERENCES `operacion` (`id`) ON UPDATE CASCADE
) ENGINE=InnoDB AUTO_INCREMENT=12653 DEFAULT CHARSET=utf8;
/*!40101 SET character_set_client = @saved_cs_client */;

--
-- Dumping data for table `denominacion_cantidad`
--

LOCK TABLES `denominacion_cantidad` WRITE;
/*!40000 ALTER TABLE `denominacion_cantidad` DISABLE KEYS */;
INSERT INTO `denominacion_cantidad` VALUES (7420,120,NULL,0,NULL,NULL,'ENTRADA',964,NULL),(7421,119,NULL,0,NULL,NULL,'ENTRADA',964,NULL),(7422,118,NULL,0,NULL,NULL,'ENTRADA',964,NULL),(7423,117,NULL,0,NULL,NULL,'ENTRADA',964,NULL),(7424,116,NULL,0,NULL,NULL,'ENTRADA',964,NULL),(7425,115,NULL,0,NULL,NULL,'ENTRADA',964,NULL),(7426,114,NULL,578870,NULL,NULL,'ENTRADA',964,NULL),(7427,113,NULL,4908,NULL,NULL,'ENTRADA',964,NULL),(7428,127,NULL,0,NULL,NULL,'ENTRADA',965,NULL),(7429,126,NULL,0,NULL,NULL,'ENTRADA',965,NULL),(7430,125,NULL,0,NULL,NULL,'ENTRADA',965,NULL),(7431,124,NULL,0,NULL,NULL,'ENTRADA',965,NULL),(7432,123,NULL,0,NULL,NULL,'ENTRADA',965,NULL),(7433,122,NULL,0,NULL,NULL,'ENTRADA',965,NULL),(7434,121,NULL,52733,NULL,NULL,'ENTRADA',965,NULL),(7435,134,NULL,0,NULL,NULL,'ENTRADA',966,NULL),(7436,133,NULL,0,NULL,NULL,'ENTRADA',966,NULL),(7437,132,NULL,0,NULL,NULL,'ENTRADA',966,NULL),(7438,131,NULL,0,NULL,NULL,'ENTRADA',966,NULL),(7439,130,NULL,0,NULL,NULL,'ENTRADA',966,NULL),(7440,129,NULL,0,NULL,NULL,'ENTRADA',966,NULL),(7441,128,NULL,1831,NULL,NULL,'ENTRADA',966,NULL),(7442,180,NULL,0,NULL,NULL,'ENTRADA',967,NULL),(7443,181,NULL,0,NULL,NULL,'ENTRADA',967,NULL),(7444,182,NULL,0,NULL,NULL,'ENTRADA',967,NULL),(7445,183,NULL,0,NULL,NULL,'ENTRADA',967,NULL),(7446,199,NULL,0,NULL,NULL,'ENTRADA',968,NULL),(7447,200,NULL,0,NULL,NULL,'ENTRADA',968,NULL),(7448,201,NULL,0,NULL,NULL,'ENTRADA',968,NULL),(7449,202,NULL,0,NULL,NULL,'ENTRADA',968,NULL),(7450,203,NULL,1482,NULL,NULL,'ENTRADA',968,NULL),(7451,204,NULL,0,NULL,NULL,'ENTRADA',969,NULL),(7452,205,NULL,0,NULL,NULL,'ENTRADA',969,NULL),(7453,206,NULL,0,NULL,NULL,'ENTRADA',969,NULL),(7454,207,NULL,0,NULL,NULL,'ENTRADA',969,NULL),(7455,208,NULL,0,NULL,NULL,'ENTRADA',969,NULL),(7456,209,NULL,681,NULL,NULL,'ENTRADA',969,NULL),(7457,210,NULL,0,NULL,NULL,'ENTRADA',970,NULL),(7458,211,NULL,0,NULL,NULL,'ENTRADA',970,NULL),(7459,212,NULL,0,NULL,NULL,'ENTRADA',970,NULL),(7460,213,NULL,0,NULL,NULL,'ENTRADA',970,NULL),(7461,214,NULL,1,NULL,NULL,'ENTRADA',970,NULL),(7462,215,NULL,10,NULL,NULL,'ENTRADA',970,NULL),(7463,216,NULL,0,NULL,NULL,'ENTRADA',971,NULL),(7464,217,NULL,0,NULL,NULL,'ENTRADA',971,NULL),(7465,218,NULL,0,NULL,NULL,'ENTRADA',971,NULL),(7466,219,NULL,0,NULL,NULL,'ENTRADA',971,NULL),(7467,220,NULL,0,NULL,NULL,'ENTRADA',971,NULL),(7468,221,NULL,0,NULL,NULL,'ENTRADA',972,NULL),(7469,222,NULL,0,NULL,NULL,'ENTRADA',972,NULL),(7470,223,NULL,0,NULL,NULL,'ENTRADA',972,NULL),(7471,224,NULL,0,NULL,NULL,'ENTRADA',972,NULL),(7472,225,NULL,5,NULL,NULL,'ENTRADA',972,NULL),(7473,226,NULL,0,NULL,NULL,'ENTRADA',973,NULL),(7474,227,NULL,0,NULL,NULL,'ENTRADA',973,NULL),(7475,228,NULL,0,NULL,NULL,'ENTRADA',973,NULL),(7476,229,NULL,0,NULL,NULL,'ENTRADA',973,NULL),(7477,230,NULL,0,NULL,NULL,'ENTRADA',973,NULL),(7478,231,NULL,0,NULL,NULL,'ENTRADA',973,NULL),(7479,232,NULL,0,NULL,NULL,'ENTRADA',973,NULL),(7480,233,NULL,105,NULL,NULL,'ENTRADA',973,NULL),(7481,234,NULL,0,NULL,NULL,'ENTRADA',974,NULL),(7482,235,NULL,0,NULL,NULL,'ENTRADA',974,NULL),(7483,236,NULL,0,NULL,NULL,'ENTRADA',974,NULL),(7484,237,NULL,0,NULL,NULL,'ENTRADA',974,NULL),(7485,238,NULL,487,NULL,NULL,'ENTRADA',974,NULL),(7486,239,NULL,0,NULL,NULL,'ENTRADA',975,NULL),(7487,240,NULL,0,NULL,NULL,'ENTRADA',975,NULL),(7488,241,NULL,0,NULL,NULL,'ENTRADA',975,NULL),(7489,242,NULL,0,NULL,NULL,'ENTRADA',975,NULL),(7490,243,NULL,0,NULL,NULL,'ENTRADA',975,NULL),(7491,244,NULL,15,NULL,NULL,'ENTRADA',975,NULL),(7492,245,NULL,0,NULL,NULL,'ENTRADA',976,NULL),(7493,246,NULL,0,NULL,NULL,'ENTRADA',976,NULL),(7494,247,NULL,0,NULL,NULL,'ENTRADA',976,NULL),(7495,248,NULL,2,NULL,NULL,'ENTRADA',976,NULL),(7496,249,NULL,0,NULL,NULL,'ENTRADA',977,NULL),(7497,250,NULL,0,NULL,NULL,'ENTRADA',977,NULL),(7498,251,NULL,0,NULL,NULL,'ENTRADA',977,NULL),(7499,252,NULL,0,NULL,NULL,'ENTRADA',977,NULL),(7500,253,NULL,0,NULL,NULL,'ENTRADA',977,NULL),(7501,254,NULL,0,NULL,NULL,'ENTRADA',977,NULL),(7502,255,NULL,361,NULL,NULL,'ENTRADA',977,NULL),(7503,262,NULL,0,NULL,NULL,'ENTRADA',978,NULL),(7504,263,NULL,0,NULL,NULL,'ENTRADA',978,NULL),(7505,264,NULL,0,NULL,NULL,'ENTRADA',978,NULL),(7506,265,NULL,0,NULL,NULL,'ENTRADA',978,NULL),(7507,266,NULL,1,NULL,NULL,'ENTRADA',978,NULL),(7948,120,NULL,0,NULL,NULL,'ENTRADA',1053,NULL),(7949,119,NULL,0,NULL,NULL,'ENTRADA',1053,NULL),(7950,118,NULL,0,NULL,NULL,'ENTRADA',1053,NULL),(7951,117,NULL,0,NULL,NULL,'ENTRADA',1053,NULL),(7952,116,NULL,0,NULL,NULL,'ENTRADA',1053,NULL),(7953,115,NULL,0,NULL,NULL,'ENTRADA',1053,NULL),(7954,114,NULL,20049,NULL,NULL,'ENTRADA',1053,NULL),(7955,113,NULL,4047,NULL,NULL,'ENTRADA',1053,NULL),(7956,127,NULL,0,NULL,NULL,'ENTRADA',1054,NULL),(7957,126,NULL,0,NULL,NULL,'ENTRADA',1054,NULL),(7958,125,NULL,0,NULL,NULL,'ENTRADA',1054,NULL),(7959,124,NULL,0,NULL,NULL,'ENTRADA',1054,NULL),(7960,123,NULL,0,NULL,NULL,'ENTRADA',1054,NULL),(7961,122,NULL,0,NULL,NULL,'ENTRADA',1054,NULL),(7962,121,NULL,48416,NULL,NULL,'ENTRADA',1054,NULL),(7963,134,NULL,0,NULL,NULL,'ENTRADA',1055,NULL),(7964,133,NULL,0,NULL,NULL,'ENTRADA',1055,NULL),(7965,132,NULL,0,NULL,NULL,'ENTRADA',1055,NULL),(7966,131,NULL,0,NULL,NULL,'ENTRADA',1055,NULL),(7967,130,NULL,0,NULL,NULL,'ENTRADA',1055,NULL),(7968,129,NULL,0,NULL,NULL,'ENTRADA',1055,NULL),(7969,128,NULL,4153,NULL,NULL,'ENTRADA',1055,NULL),(7970,180,NULL,0,NULL,NULL,'ENTRADA',1056,NULL),(7971,181,NULL,0,NULL,NULL,'ENTRADA',1056,NULL),(7972,182,NULL,0,NULL,NULL,'ENTRADA',1056,NULL),(7973,183,NULL,0,NULL,NULL,'ENTRADA',1056,NULL),(7974,199,NULL,0,NULL,NULL,'ENTRADA',1057,NULL),(7975,200,NULL,0,NULL,NULL,'ENTRADA',1057,NULL),(7976,201,NULL,0,NULL,NULL,'ENTRADA',1057,NULL),(7977,202,NULL,0,NULL,NULL,'ENTRADA',1057,NULL),(7978,203,NULL,1518,NULL,NULL,'ENTRADA',1057,NULL),(7979,204,NULL,0,NULL,NULL,'ENTRADA',1058,NULL),(7980,205,NULL,0,NULL,NULL,'ENTRADA',1058,NULL),(7981,206,NULL,0,NULL,NULL,'ENTRADA',1058,NULL),(7982,207,NULL,0,NULL,NULL,'ENTRADA',1058,NULL),(7983,208,NULL,0,NULL,NULL,'ENTRADA',1058,NULL),(7984,209,NULL,15,NULL,NULL,'ENTRADA',1058,NULL),(7985,210,NULL,0,NULL,NULL,'ENTRADA',1059,NULL),(7986,211,NULL,0,NULL,NULL,'ENTRADA',1059,NULL),(7987,212,NULL,0,NULL,NULL,'ENTRADA',1059,NULL),(7988,213,NULL,0,NULL,NULL,'ENTRADA',1059,NULL),(7989,214,NULL,1,NULL,NULL,'ENTRADA',1059,NULL),(7990,215,NULL,1,NULL,NULL,'ENTRADA',1059,NULL),(7991,216,NULL,0,NULL,NULL,'ENTRADA',1060,NULL),(7992,217,NULL,0,NULL,NULL,'ENTRADA',1060,NULL),(7993,218,NULL,0,NULL,NULL,'ENTRADA',1060,NULL),(7994,219,NULL,0,NULL,NULL,'ENTRADA',1060,NULL),(7995,220,NULL,160,NULL,NULL,'ENTRADA',1060,NULL),(7996,221,NULL,0,NULL,NULL,'ENTRADA',1061,NULL),(7997,222,NULL,0,NULL,NULL,'ENTRADA',1061,NULL),(7998,223,NULL,0,NULL,NULL,'ENTRADA',1061,NULL),(7999,224,NULL,0,NULL,NULL,'ENTRADA',1061,NULL),(8000,225,NULL,15,NULL,NULL,'ENTRADA',1061,NULL),(8001,226,NULL,0,NULL,NULL,'ENTRADA',1062,NULL),(8002,227,NULL,0,NULL,NULL,'ENTRADA',1062,NULL),(8003,228,NULL,0,NULL,NULL,'ENTRADA',1062,NULL),(8004,229,NULL,0,NULL,NULL,'ENTRADA',1062,NULL),(8005,230,NULL,0,NULL,NULL,'ENTRADA',1062,NULL),(8006,231,NULL,0,NULL,NULL,'ENTRADA',1062,NULL),(8007,232,NULL,0,NULL,NULL,'ENTRADA',1062,NULL),(8008,233,NULL,184,NULL,NULL,'ENTRADA',1062,NULL),(8009,234,NULL,0,NULL,NULL,'ENTRADA',1063,NULL),(8010,235,NULL,0,NULL,NULL,'ENTRADA',1063,NULL),(8011,236,NULL,0,NULL,NULL,'ENTRADA',1063,NULL),(8012,237,NULL,0,NULL,NULL,'ENTRADA',1063,NULL),(8013,238,NULL,43,NULL,NULL,'ENTRADA',1063,NULL),(8014,239,NULL,0,NULL,NULL,'ENTRADA',1064,NULL),(8015,240,NULL,0,NULL,NULL,'ENTRADA',1064,NULL),(8016,241,NULL,0,NULL,NULL,'ENTRADA',1064,NULL),(8017,242,NULL,0,NULL,NULL,'ENTRADA',1064,NULL),(8018,243,NULL,0,NULL,NULL,'ENTRADA',1064,NULL),(8019,244,NULL,70,NULL,NULL,'ENTRADA',1064,NULL),(8020,245,NULL,0,NULL,NULL,'ENTRADA',1065,NULL),(8021,246,NULL,0,NULL,NULL,'ENTRADA',1065,NULL),(8022,247,NULL,0,NULL,NULL,'ENTRADA',1065,NULL),(8023,248,NULL,0,NULL,NULL,'ENTRADA',1065,NULL),(8024,262,NULL,0,NULL,NULL,'ENTRADA',1066,NULL),(8025,263,NULL,0,NULL,NULL,'ENTRADA',1066,NULL),(8026,264,NULL,0,NULL,NULL,'ENTRADA',1066,NULL),(8027,265,NULL,0,NULL,NULL,'ENTRADA',1066,NULL),(8028,266,NULL,0,NULL,NULL,'ENTRADA',1066,NULL),(8029,256,NULL,0,NULL,NULL,'ENTRADA',1067,NULL),(8030,257,NULL,0,NULL,NULL,'ENTRADA',1067,NULL),(8031,258,NULL,0,NULL,NULL,'ENTRADA',1067,NULL),(8032,259,NULL,0,NULL,NULL,'ENTRADA',1067,NULL),(8033,260,NULL,0,NULL,NULL,'ENTRADA',1067,NULL),(8034,261,NULL,20,NULL,NULL,'ENTRADA',1067,NULL),(8035,249,NULL,0,NULL,NULL,'ENTRADA',1068,NULL),(8036,250,NULL,0,NULL,NULL,'ENTRADA',1068,NULL),(8037,251,NULL,0,NULL,NULL,'ENTRADA',1068,NULL),(8038,252,NULL,0,NULL,NULL,'ENTRADA',1068,NULL),(8039,253,NULL,0,NULL,NULL,'ENTRADA',1068,NULL),(8040,254,NULL,0,NULL,NULL,'ENTRADA',1068,NULL),(8041,255,NULL,2516,NULL,NULL,'ENTRADA',1068,NULL),(8516,120,NULL,0,NULL,NULL,'ENTRADA',1149,NULL),(8517,119,NULL,0,NULL,NULL,'ENTRADA',1149,NULL),(8518,118,NULL,0,NULL,NULL,'ENTRADA',1149,NULL),(8519,117,NULL,0,NULL,NULL,'ENTRADA',1149,NULL),(8520,116,NULL,0,NULL,NULL,'ENTRADA',1149,NULL),(8521,115,NULL,0,NULL,NULL,'ENTRADA',1149,NULL),(8522,114,NULL,43593,NULL,NULL,'ENTRADA',1149,NULL),(8523,113,NULL,11039,NULL,NULL,'ENTRADA',1149,NULL),(8524,127,NULL,0,NULL,NULL,'ENTRADA',1150,NULL),(8525,126,NULL,0,NULL,NULL,'ENTRADA',1150,NULL),(8526,125,NULL,0,NULL,NULL,'ENTRADA',1150,NULL),(8527,124,NULL,0,NULL,NULL,'ENTRADA',1150,NULL),(8528,123,NULL,0,NULL,NULL,'ENTRADA',1150,NULL),(8529,122,NULL,0,NULL,NULL,'ENTRADA',1150,NULL),(8530,121,NULL,17603,NULL,NULL,'ENTRADA',1150,NULL),(8531,134,NULL,0,NULL,NULL,'ENTRADA',1151,NULL),(8532,133,NULL,0,NULL,NULL,'ENTRADA',1151,NULL),(8533,132,NULL,0,NULL,NULL,'ENTRADA',1151,NULL),(8534,131,NULL,0,NULL,NULL,'ENTRADA',1151,NULL),(8535,130,NULL,0,NULL,NULL,'ENTRADA',1151,NULL),(8536,129,NULL,0,NULL,NULL,'ENTRADA',1151,NULL),(8537,128,NULL,400,NULL,NULL,'ENTRADA',1151,NULL),(8538,180,NULL,0,NULL,NULL,'ENTRADA',1152,NULL),(8539,181,NULL,0,NULL,NULL,'ENTRADA',1152,NULL),(8540,182,NULL,0,NULL,NULL,'ENTRADA',1152,NULL),(8541,183,NULL,4,NULL,NULL,'ENTRADA',1152,NULL),(8542,199,NULL,0,NULL,NULL,'ENTRADA',1153,NULL),(8543,200,NULL,0,NULL,NULL,'ENTRADA',1153,NULL),(8544,201,NULL,0,NULL,NULL,'ENTRADA',1153,NULL),(8545,202,NULL,0,NULL,NULL,'ENTRADA',1153,NULL),(8546,203,NULL,39,NULL,NULL,'ENTRADA',1153,NULL),(8547,204,NULL,0,NULL,NULL,'ENTRADA',1154,NULL),(8548,205,NULL,0,NULL,NULL,'ENTRADA',1154,NULL),(8549,206,NULL,0,NULL,NULL,'ENTRADA',1154,NULL),(8550,207,NULL,0,NULL,NULL,'ENTRADA',1154,NULL),(8551,208,NULL,1,NULL,NULL,'ENTRADA',1154,NULL),(8552,209,NULL,10,NULL,NULL,'ENTRADA',1154,NULL),(8553,210,NULL,0,NULL,NULL,'ENTRADA',1155,NULL),(8554,211,NULL,0,NULL,NULL,'ENTRADA',1155,NULL),(8555,212,NULL,0,NULL,NULL,'ENTRADA',1155,NULL),(8556,213,NULL,0,NULL,NULL,'ENTRADA',1155,NULL),(8557,214,NULL,1,NULL,NULL,'ENTRADA',1155,NULL),(8558,215,NULL,47,NULL,NULL,'ENTRADA',1155,NULL),(8559,216,NULL,0,NULL,NULL,'ENTRADA',1156,NULL),(8560,217,NULL,0,NULL,NULL,'ENTRADA',1156,NULL),(8561,218,NULL,0,NULL,NULL,'ENTRADA',1156,NULL),(8562,219,NULL,0,NULL,NULL,'ENTRADA',1156,NULL),(8563,220,NULL,0,NULL,NULL,'ENTRADA',1156,NULL),(8564,221,NULL,0,NULL,NULL,'ENTRADA',1157,NULL),(8565,222,NULL,0,NULL,NULL,'ENTRADA',1157,NULL),(8566,223,NULL,0,NULL,NULL,'ENTRADA',1157,NULL),(8567,224,NULL,0,NULL,NULL,'ENTRADA',1157,NULL),(8568,225,NULL,0,NULL,NULL,'ENTRADA',1157,NULL),(8569,226,NULL,0,NULL,NULL,'ENTRADA',1158,NULL),(8570,227,NULL,0,NULL,NULL,'ENTRADA',1158,NULL),(8571,228,NULL,0,NULL,NULL,'ENTRADA',1158,NULL),(8572,229,NULL,0,NULL,NULL,'ENTRADA',1158,NULL),(8573,230,NULL,0,NULL,NULL,'ENTRADA',1158,NULL),(8574,231,NULL,0,NULL,NULL,'ENTRADA',1158,NULL),(8575,232,NULL,0,NULL,NULL,'ENTRADA',1158,NULL),(8576,233,NULL,669,NULL,NULL,'ENTRADA',1158,NULL),(8577,234,NULL,0,NULL,NULL,'ENTRADA',1159,NULL),(8578,235,NULL,0,NULL,NULL,'ENTRADA',1159,NULL),(8579,236,NULL,0,NULL,NULL,'ENTRADA',1159,NULL),(8580,237,NULL,0,NULL,NULL,'ENTRADA',1159,NULL),(8581,238,NULL,364,NULL,NULL,'ENTRADA',1159,NULL),(8582,239,NULL,0,NULL,NULL,'ENTRADA',1160,NULL),(8583,240,NULL,0,NULL,NULL,'ENTRADA',1160,NULL),(8584,241,NULL,0,NULL,NULL,'ENTRADA',1160,NULL),(8585,242,NULL,0,NULL,NULL,'ENTRADA',1160,NULL),(8586,243,NULL,0,NULL,NULL,'ENTRADA',1160,NULL),(8587,244,NULL,2,NULL,NULL,'ENTRADA',1160,NULL),(8588,245,NULL,0,NULL,NULL,'ENTRADA',1161,NULL),(8589,246,NULL,0,NULL,NULL,'ENTRADA',1161,NULL),(8590,247,NULL,0,NULL,NULL,'ENTRADA',1161,NULL),(8591,248,NULL,26,NULL,NULL,'ENTRADA',1161,NULL),(8592,249,NULL,0,NULL,NULL,'ENTRADA',1162,NULL),(8593,250,NULL,0,NULL,NULL,'ENTRADA',1162,NULL),(8594,251,NULL,0,NULL,NULL,'ENTRADA',1162,NULL),(8595,252,NULL,0,NULL,NULL,'ENTRADA',1162,NULL),(8596,253,NULL,0,NULL,NULL,'ENTRADA',1162,NULL),(8597,254,NULL,0,NULL,NULL,'ENTRADA',1162,NULL),(8598,255,NULL,370,NULL,NULL,'ENTRADA',1162,NULL),(8599,256,NULL,0,NULL,NULL,'ENTRADA',1163,NULL),(8600,257,NULL,0,NULL,NULL,'ENTRADA',1163,NULL),(8601,258,NULL,0,NULL,NULL,'ENTRADA',1163,NULL),(8602,259,NULL,0,NULL,NULL,'ENTRADA',1163,NULL),(8603,260,NULL,0,NULL,NULL,'ENTRADA',1163,NULL),(8604,261,NULL,0,NULL,NULL,'ENTRADA',1163,NULL),(8605,262,NULL,0,NULL,NULL,'ENTRADA',1164,NULL),(8606,263,NULL,0,NULL,NULL,'ENTRADA',1164,NULL),(8607,264,NULL,0,NULL,NULL,'ENTRADA',1164,NULL),(8608,265,NULL,0,NULL,NULL,'ENTRADA',1164,NULL),(8609,266,NULL,0,NULL,NULL,'ENTRADA',1164,NULL),(9423,120,NULL,0,NULL,NULL,'ENTRADA',1301,NULL),(9424,119,NULL,0,NULL,NULL,'ENTRADA',1301,NULL),(9425,118,NULL,0,NULL,NULL,'ENTRADA',1301,NULL),(9426,117,NULL,0,NULL,NULL,'ENTRADA',1301,NULL),(9427,116,NULL,0,NULL,NULL,'ENTRADA',1301,NULL),(9428,115,NULL,0,NULL,NULL,'ENTRADA',1301,NULL),(9429,114,NULL,64303,NULL,NULL,'ENTRADA',1301,NULL),(9430,113,NULL,7302,NULL,NULL,'ENTRADA',1301,NULL),(9431,127,NULL,0,NULL,NULL,'ENTRADA',1302,NULL),(9432,126,NULL,0,NULL,NULL,'ENTRADA',1302,NULL),(9433,125,NULL,0,NULL,NULL,'ENTRADA',1302,NULL),(9434,124,NULL,0,NULL,NULL,'ENTRADA',1302,NULL),(9435,123,NULL,0,NULL,NULL,'ENTRADA',1302,NULL),(9436,122,NULL,0,NULL,NULL,'ENTRADA',1302,NULL),(9437,121,NULL,25628,NULL,NULL,'ENTRADA',1302,NULL),(9438,134,NULL,0,NULL,NULL,'ENTRADA',1303,NULL),(9439,133,NULL,0,NULL,NULL,'ENTRADA',1303,NULL),(9440,132,NULL,0,NULL,NULL,'ENTRADA',1303,NULL),(9441,131,NULL,0,NULL,NULL,'ENTRADA',1303,NULL),(9442,130,NULL,0,NULL,NULL,'ENTRADA',1303,NULL),(9443,129,NULL,0,NULL,NULL,'ENTRADA',1303,NULL),(9444,128,NULL,830,NULL,NULL,'ENTRADA',1303,NULL),(9445,180,NULL,0,NULL,NULL,'ENTRADA',1304,NULL),(9446,181,NULL,0,NULL,NULL,'ENTRADA',1304,NULL),(9447,182,NULL,0,NULL,NULL,'ENTRADA',1304,NULL),(9448,183,NULL,19,NULL,NULL,'ENTRADA',1304,NULL),(9449,199,NULL,0,NULL,NULL,'ENTRADA',1305,NULL),(9450,200,NULL,0,NULL,NULL,'ENTRADA',1305,NULL),(9451,201,NULL,0,NULL,NULL,'ENTRADA',1305,NULL),(9452,202,NULL,0,NULL,NULL,'ENTRADA',1305,NULL),(9453,203,NULL,64,NULL,NULL,'ENTRADA',1305,NULL),(9454,204,NULL,0,NULL,NULL,'ENTRADA',1306,NULL),(9455,205,NULL,0,NULL,NULL,'ENTRADA',1306,NULL),(9456,206,NULL,0,NULL,NULL,'ENTRADA',1306,NULL),(9457,207,NULL,0,NULL,NULL,'ENTRADA',1306,NULL),(9458,208,NULL,0,NULL,NULL,'ENTRADA',1306,NULL),(9459,209,NULL,0,NULL,NULL,'ENTRADA',1306,NULL),(9460,210,NULL,0,NULL,NULL,'ENTRADA',1307,NULL),(9461,211,NULL,0,NULL,NULL,'ENTRADA',1307,NULL),(9462,212,NULL,0,NULL,NULL,'ENTRADA',1307,NULL),(9463,213,NULL,0,NULL,NULL,'ENTRADA',1307,NULL),(9464,214,NULL,3,NULL,NULL,'ENTRADA',1307,NULL),(9465,215,NULL,1161,NULL,NULL,'ENTRADA',1307,NULL),(9466,216,NULL,0,NULL,NULL,'ENTRADA',1308,NULL),(9467,217,NULL,0,NULL,NULL,'ENTRADA',1308,NULL),(9468,218,NULL,0,NULL,NULL,'ENTRADA',1308,NULL),(9469,219,NULL,0,NULL,NULL,'ENTRADA',1308,NULL),(9470,220,NULL,503,NULL,NULL,'ENTRADA',1308,NULL),(9471,221,NULL,0,NULL,NULL,'ENTRADA',1309,NULL),(9472,222,NULL,0,NULL,NULL,'ENTRADA',1309,NULL),(9473,223,NULL,0,NULL,NULL,'ENTRADA',1309,NULL),(9474,224,NULL,0,NULL,NULL,'ENTRADA',1309,NULL),(9475,225,NULL,0,NULL,NULL,'ENTRADA',1309,NULL),(9476,226,NULL,0,NULL,NULL,'ENTRADA',1310,NULL),(9477,227,NULL,0,NULL,NULL,'ENTRADA',1310,NULL),(9478,228,NULL,0,NULL,NULL,'ENTRADA',1310,NULL),(9479,229,NULL,0,NULL,NULL,'ENTRADA',1310,NULL),(9480,230,NULL,0,NULL,NULL,'ENTRADA',1310,NULL),(9481,231,NULL,0,NULL,NULL,'ENTRADA',1310,NULL),(9482,232,NULL,0,NULL,NULL,'ENTRADA',1310,NULL),(9483,233,NULL,0,NULL,NULL,'ENTRADA',1310,NULL),(9484,234,NULL,0,NULL,NULL,'ENTRADA',1311,NULL),(9485,235,NULL,0,NULL,NULL,'ENTRADA',1311,NULL),(9486,236,NULL,0,NULL,NULL,'ENTRADA',1311,NULL),(9487,237,NULL,0,NULL,NULL,'ENTRADA',1311,NULL),(9488,238,NULL,10,NULL,NULL,'ENTRADA',1311,NULL),(9489,239,NULL,0,NULL,NULL,'ENTRADA',1312,NULL),(9490,240,NULL,0,NULL,NULL,'ENTRADA',1312,NULL),(9491,241,NULL,0,NULL,NULL,'ENTRADA',1312,NULL),(9492,242,NULL,0,NULL,NULL,'ENTRADA',1312,NULL),(9493,243,NULL,0,NULL,NULL,'ENTRADA',1312,NULL),(9494,244,NULL,29,NULL,NULL,'ENTRADA',1312,NULL),(9495,245,NULL,0,NULL,NULL,'ENTRADA',1313,NULL),(9496,246,NULL,0,NULL,NULL,'ENTRADA',1313,NULL),(9497,247,NULL,0,NULL,NULL,'ENTRADA',1313,NULL),(9498,248,NULL,3,NULL,NULL,'ENTRADA',1313,NULL),(9499,249,NULL,0,NULL,NULL,'ENTRADA',1314,NULL),(9500,250,NULL,0,NULL,NULL,'ENTRADA',1314,NULL),(9501,251,NULL,0,NULL,NULL,'ENTRADA',1314,NULL),(9502,252,NULL,0,NULL,NULL,'ENTRADA',1314,NULL),(9503,253,NULL,0,NULL,NULL,'ENTRADA',1314,NULL),(9504,254,NULL,0,NULL,NULL,'ENTRADA',1314,NULL),(9505,255,NULL,71,NULL,NULL,'ENTRADA',1314,NULL),(9506,256,NULL,0,NULL,NULL,'ENTRADA',1315,NULL),(9507,257,NULL,0,NULL,NULL,'ENTRADA',1315,NULL),(9508,258,NULL,0,NULL,NULL,'ENTRADA',1315,NULL),(9509,259,NULL,0,NULL,NULL,'ENTRADA',1315,NULL),(9510,260,NULL,0,NULL,NULL,'ENTRADA',1315,NULL),(9511,261,NULL,0,NULL,NULL,'ENTRADA',1315,NULL),(9512,262,NULL,0,NULL,NULL,'ENTRADA',1316,NULL),(9513,263,NULL,0,NULL,NULL,'ENTRADA',1316,NULL),(9514,264,NULL,0,NULL,NULL,'ENTRADA',1316,NULL),(9515,265,NULL,0,NULL,NULL,'ENTRADA',1316,NULL),(9516,266,NULL,0,NULL,NULL,'ENTRADA',1316,NULL),(10132,120,NULL,0,NULL,NULL,'ENTRADA',1420,NULL),(10133,119,NULL,0,NULL,NULL,'ENTRADA',1420,NULL),(10134,118,NULL,0,NULL,NULL,'ENTRADA',1420,NULL),(10135,117,NULL,0,NULL,NULL,'ENTRADA',1420,NULL),(10136,116,NULL,0,NULL,NULL,'ENTRADA',1420,NULL),(10137,115,NULL,0,NULL,NULL,'ENTRADA',1420,NULL),(10138,114,NULL,43321,NULL,NULL,'ENTRADA',1420,NULL),(10139,113,NULL,2454,NULL,NULL,'ENTRADA',1420,NULL),(10140,127,NULL,0,NULL,NULL,'ENTRADA',1421,NULL),(10141,126,NULL,0,NULL,NULL,'ENTRADA',1421,NULL),(10142,125,NULL,0,NULL,NULL,'ENTRADA',1421,NULL),(10143,124,NULL,0,NULL,NULL,'ENTRADA',1421,NULL),(10144,123,NULL,0,NULL,NULL,'ENTRADA',1421,NULL),(10145,122,NULL,0,NULL,NULL,'ENTRADA',1421,NULL),(10146,121,NULL,24993,NULL,NULL,'ENTRADA',1421,NULL),(10147,134,NULL,0,NULL,NULL,'ENTRADA',1422,NULL),(10148,133,NULL,0,NULL,NULL,'ENTRADA',1422,NULL),(10149,132,NULL,0,NULL,NULL,'ENTRADA',1422,NULL),(10150,131,NULL,0,NULL,NULL,'ENTRADA',1422,NULL),(10151,130,NULL,0,NULL,NULL,'ENTRADA',1422,NULL),(10152,129,NULL,0,NULL,NULL,'ENTRADA',1422,NULL),(10153,128,NULL,903,NULL,NULL,'ENTRADA',1422,NULL),(10154,180,NULL,0,NULL,NULL,'ENTRADA',1423,NULL),(10155,181,NULL,0,NULL,NULL,'ENTRADA',1423,NULL),(10156,182,NULL,0,NULL,NULL,'ENTRADA',1423,NULL),(10157,183,NULL,0,NULL,NULL,'ENTRADA',1423,NULL),(10158,199,NULL,0,NULL,NULL,'ENTRADA',1424,NULL),(10159,200,NULL,0,NULL,NULL,'ENTRADA',1424,NULL),(10160,201,NULL,0,NULL,NULL,'ENTRADA',1424,NULL),(10161,202,NULL,0,NULL,NULL,'ENTRADA',1424,NULL),(10162,203,NULL,314,NULL,NULL,'ENTRADA',1424,NULL),(10163,204,NULL,0,NULL,NULL,'ENTRADA',1425,NULL),(10164,205,NULL,0,NULL,NULL,'ENTRADA',1425,NULL),(10165,206,NULL,0,NULL,NULL,'ENTRADA',1425,NULL),(10166,207,NULL,0,NULL,NULL,'ENTRADA',1425,NULL),(10167,208,NULL,1,NULL,NULL,'ENTRADA',1425,NULL),(10168,209,NULL,22,NULL,NULL,'ENTRADA',1425,NULL),(10169,210,NULL,0,NULL,NULL,'ENTRADA',1426,NULL),(10170,211,NULL,0,NULL,NULL,'ENTRADA',1426,NULL),(10171,212,NULL,0,NULL,NULL,'ENTRADA',1426,NULL),(10172,213,NULL,0,NULL,NULL,'ENTRADA',1426,NULL),(10173,214,NULL,1,NULL,NULL,'ENTRADA',1426,NULL),(10174,215,NULL,327,NULL,NULL,'ENTRADA',1426,NULL),(10175,216,NULL,0,NULL,NULL,'ENTRADA',1427,NULL),(10176,217,NULL,0,NULL,NULL,'ENTRADA',1427,NULL),(10177,218,NULL,0,NULL,NULL,'ENTRADA',1427,NULL),(10178,219,NULL,0,NULL,NULL,'ENTRADA',1427,NULL),(10179,220,NULL,46,NULL,NULL,'ENTRADA',1427,NULL),(10180,221,NULL,0,NULL,NULL,'ENTRADA',1428,NULL),(10181,222,NULL,0,NULL,NULL,'ENTRADA',1428,NULL),(10182,223,NULL,0,NULL,NULL,'ENTRADA',1428,NULL),(10183,224,NULL,0,NULL,NULL,'ENTRADA',1428,NULL),(10184,225,NULL,2,NULL,NULL,'ENTRADA',1428,NULL),(10185,226,NULL,0,NULL,NULL,'ENTRADA',1429,NULL),(10186,227,NULL,0,NULL,NULL,'ENTRADA',1429,NULL),(10187,228,NULL,0,NULL,NULL,'ENTRADA',1429,NULL),(10188,229,NULL,0,NULL,NULL,'ENTRADA',1429,NULL),(10189,230,NULL,0,NULL,NULL,'ENTRADA',1429,NULL),(10190,231,NULL,0,NULL,NULL,'ENTRADA',1429,NULL),(10191,232,NULL,0,NULL,NULL,'ENTRADA',1429,NULL),(10192,233,NULL,1111,NULL,NULL,'ENTRADA',1429,NULL),(10193,234,NULL,0,NULL,NULL,'ENTRADA',1430,NULL),(10194,235,NULL,0,NULL,NULL,'ENTRADA',1430,NULL),(10195,236,NULL,0,NULL,NULL,'ENTRADA',1430,NULL),(10196,237,NULL,0,NULL,NULL,'ENTRADA',1430,NULL),(10197,238,NULL,37,NULL,NULL,'ENTRADA',1430,NULL),(10198,239,NULL,0,NULL,NULL,'ENTRADA',1431,NULL),(10199,240,NULL,0,NULL,NULL,'ENTRADA',1431,NULL),(10200,241,NULL,0,NULL,NULL,'ENTRADA',1431,NULL),(10201,242,NULL,0,NULL,NULL,'ENTRADA',1431,NULL),(10202,243,NULL,0,NULL,NULL,'ENTRADA',1431,NULL),(10203,244,NULL,68,NULL,NULL,'ENTRADA',1431,NULL),(10204,245,NULL,0,NULL,NULL,'ENTRADA',1432,NULL),(10205,246,NULL,0,NULL,NULL,'ENTRADA',1432,NULL),(10206,247,NULL,0,NULL,NULL,'ENTRADA',1432,NULL),(10207,248,NULL,2,NULL,NULL,'ENTRADA',1432,NULL),(10208,249,NULL,0,NULL,NULL,'ENTRADA',1433,NULL),(10209,250,NULL,0,NULL,NULL,'ENTRADA',1433,NULL),(10210,251,NULL,0,NULL,NULL,'ENTRADA',1433,NULL),(10211,252,NULL,0,NULL,NULL,'ENTRADA',1433,NULL),(10212,253,NULL,0,NULL,NULL,'ENTRADA',1433,NULL),(10213,254,NULL,0,NULL,NULL,'ENTRADA',1433,NULL),(10214,255,NULL,0,NULL,NULL,'ENTRADA',1433,NULL),(10215,256,NULL,0,NULL,NULL,'ENTRADA',1434,NULL),(10216,257,NULL,0,NULL,NULL,'ENTRADA',1434,NULL),(10217,258,NULL,0,NULL,NULL,'ENTRADA',1434,NULL),(10218,259,NULL,0,NULL,NULL,'ENTRADA',1434,NULL),(10219,260,NULL,0,NULL,NULL,'ENTRADA',1434,NULL),(10220,261,NULL,0,NULL,NULL,'ENTRADA',1434,NULL),(10221,262,NULL,0,NULL,NULL,'ENTRADA',1435,NULL),(10222,263,NULL,0,NULL,NULL,'ENTRADA',1435,NULL),(10223,264,NULL,0,NULL,NULL,'ENTRADA',1435,NULL),(10224,265,NULL,0,NULL,NULL,'ENTRADA',1435,NULL),(10225,266,NULL,0,NULL,NULL,'ENTRADA',1435,NULL),(10744,120,NULL,0,NULL,NULL,'ENTRADA',1524,NULL),(10745,119,NULL,0,NULL,NULL,'ENTRADA',1524,NULL),(10746,118,NULL,0,NULL,NULL,'ENTRADA',1524,NULL),(10747,117,NULL,0,NULL,NULL,'ENTRADA',1524,NULL),(10748,116,NULL,0,NULL,NULL,'ENTRADA',1524,NULL),(10749,115,NULL,0,NULL,NULL,'ENTRADA',1524,NULL),(10750,114,NULL,28327,NULL,NULL,'ENTRADA',1524,NULL),(10751,113,NULL,820,NULL,NULL,'ENTRADA',1524,NULL),(10752,127,NULL,0,NULL,NULL,'ENTRADA',1525,NULL),(10753,126,NULL,0,NULL,NULL,'ENTRADA',1525,NULL),(10754,125,NULL,0,NULL,NULL,'ENTRADA',1525,NULL),(10755,124,NULL,0,NULL,NULL,'ENTRADA',1525,NULL),(10756,123,NULL,0,NULL,NULL,'ENTRADA',1525,NULL),(10757,122,NULL,0,NULL,NULL,'ENTRADA',1525,NULL),(10758,121,NULL,11474,NULL,NULL,'ENTRADA',1525,NULL),(10759,134,NULL,0,NULL,NULL,'ENTRADA',1526,NULL),(10760,133,NULL,0,NULL,NULL,'ENTRADA',1526,NULL),(10761,132,NULL,0,NULL,NULL,'ENTRADA',1526,NULL),(10762,131,NULL,0,NULL,NULL,'ENTRADA',1526,NULL),(10763,130,NULL,0,NULL,NULL,'ENTRADA',1526,NULL),(10764,129,NULL,0,NULL,NULL,'ENTRADA',1526,NULL),(10765,128,NULL,821,NULL,NULL,'ENTRADA',1526,NULL),(10766,180,NULL,0,NULL,NULL,'ENTRADA',1527,NULL),(10767,181,NULL,0,NULL,NULL,'ENTRADA',1527,NULL),(10768,182,NULL,0,NULL,NULL,'ENTRADA',1527,NULL),(10769,183,NULL,4,NULL,NULL,'ENTRADA',1527,NULL),(10770,199,NULL,0,NULL,NULL,'ENTRADA',1528,NULL),(10771,200,NULL,0,NULL,NULL,'ENTRADA',1528,NULL),(10772,201,NULL,0,NULL,NULL,'ENTRADA',1528,NULL),(10773,202,NULL,0,NULL,NULL,'ENTRADA',1528,NULL),(10774,203,NULL,22,NULL,NULL,'ENTRADA',1528,NULL),(10775,204,NULL,0,NULL,NULL,'ENTRADA',1529,NULL),(10776,205,NULL,0,NULL,NULL,'ENTRADA',1529,NULL),(10777,206,NULL,0,NULL,NULL,'ENTRADA',1529,NULL),(10778,207,NULL,0,NULL,NULL,'ENTRADA',1529,NULL),(10779,208,NULL,0,NULL,NULL,'ENTRADA',1529,NULL),(10780,209,NULL,12,NULL,NULL,'ENTRADA',1529,NULL),(10781,210,NULL,0,NULL,NULL,'ENTRADA',1530,NULL),(10782,211,NULL,0,NULL,NULL,'ENTRADA',1530,NULL),(10783,212,NULL,0,NULL,NULL,'ENTRADA',1530,NULL),(10784,213,NULL,0,NULL,NULL,'ENTRADA',1530,NULL),(10785,214,NULL,1,NULL,NULL,'ENTRADA',1530,NULL),(10786,215,NULL,1,NULL,NULL,'ENTRADA',1530,NULL),(10787,216,NULL,0,NULL,NULL,'ENTRADA',1531,NULL),(10788,217,NULL,0,NULL,NULL,'ENTRADA',1531,NULL),(10789,218,NULL,0,NULL,NULL,'ENTRADA',1531,NULL),(10790,219,NULL,0,NULL,NULL,'ENTRADA',1531,NULL),(10791,220,NULL,438,NULL,NULL,'ENTRADA',1531,NULL),(10792,221,NULL,0,NULL,NULL,'ENTRADA',1532,NULL),(10793,222,NULL,0,NULL,NULL,'ENTRADA',1532,NULL),(10794,223,NULL,0,NULL,NULL,'ENTRADA',1532,NULL),(10795,224,NULL,0,NULL,NULL,'ENTRADA',1532,NULL),(10796,225,NULL,6,NULL,NULL,'ENTRADA',1532,NULL),(10797,226,NULL,0,NULL,NULL,'ENTRADA',1533,NULL),(10798,227,NULL,0,NULL,NULL,'ENTRADA',1533,NULL),(10799,228,NULL,0,NULL,NULL,'ENTRADA',1533,NULL),(10800,229,NULL,0,NULL,NULL,'ENTRADA',1533,NULL),(10801,230,NULL,0,NULL,NULL,'ENTRADA',1533,NULL),(10802,231,NULL,0,NULL,NULL,'ENTRADA',1533,NULL),(10803,232,NULL,0,NULL,NULL,'ENTRADA',1533,NULL),(10804,233,NULL,142,NULL,NULL,'ENTRADA',1533,NULL),(10805,234,NULL,0,NULL,NULL,'ENTRADA',1534,NULL),(10806,235,NULL,0,NULL,NULL,'ENTRADA',1534,NULL),(10807,236,NULL,0,NULL,NULL,'ENTRADA',1534,NULL),(10808,237,NULL,0,NULL,NULL,'ENTRADA',1534,NULL),(10809,238,NULL,525,NULL,NULL,'ENTRADA',1534,NULL),(10810,239,NULL,0,NULL,NULL,'ENTRADA',1535,NULL),(10811,240,NULL,0,NULL,NULL,'ENTRADA',1535,NULL),(10812,241,NULL,0,NULL,NULL,'ENTRADA',1535,NULL),(10813,242,NULL,0,NULL,NULL,'ENTRADA',1535,NULL),(10814,243,NULL,0,NULL,NULL,'ENTRADA',1535,NULL),(10815,244,NULL,42,NULL,NULL,'ENTRADA',1535,NULL),(10816,245,NULL,0,NULL,NULL,'ENTRADA',1536,NULL),(10817,246,NULL,0,NULL,NULL,'ENTRADA',1536,NULL),(10818,247,NULL,0,NULL,NULL,'ENTRADA',1536,NULL),(10819,248,NULL,0,NULL,NULL,'ENTRADA',1536,NULL),(10820,249,NULL,0,NULL,NULL,'ENTRADA',1537,NULL),(10821,250,NULL,0,NULL,NULL,'ENTRADA',1537,NULL),(10822,251,NULL,0,NULL,NULL,'ENTRADA',1537,NULL),(10823,252,NULL,0,NULL,NULL,'ENTRADA',1537,NULL),(10824,253,NULL,0,NULL,NULL,'ENTRADA',1537,NULL),(10825,254,NULL,0,NULL,NULL,'ENTRADA',1537,NULL),(10826,255,NULL,1,NULL,NULL,'ENTRADA',1537,NULL),(10827,256,NULL,0,NULL,NULL,'ENTRADA',1538,NULL),(10828,257,NULL,0,NULL,NULL,'ENTRADA',1538,NULL),(10829,258,NULL,0,NULL,NULL,'ENTRADA',1538,NULL),(10830,259,NULL,0,NULL,NULL,'ENTRADA',1538,NULL),(10831,260,NULL,0,NULL,NULL,'ENTRADA',1538,NULL),(10832,261,NULL,0,NULL,NULL,'ENTRADA',1538,NULL),(10833,262,NULL,0,NULL,NULL,'ENTRADA',1539,NULL),(10834,263,NULL,0,NULL,NULL,'ENTRADA',1539,NULL),(10835,264,NULL,0,NULL,NULL,'ENTRADA',1539,NULL),(10836,265,NULL,0,NULL,NULL,'ENTRADA',1539,NULL),(10837,266,NULL,0,NULL,NULL,'ENTRADA',1539,NULL);
/*!40000 ALTER TABLE `denominacion_cantidad` ENABLE KEYS */;
UNLOCK TABLES;

--
-- Table structure for table `empresa`
--

DROP TABLE IF EXISTS `empresa`;
/*!40101 SET @saved_cs_client     = @@character_set_client */;
/*!40101 SET character_set_client = utf8 */;
CREATE TABLE `empresa` (
  `id` bigint(20) NOT NULL AUTO_INCREMENT,
  `nit` varchar(45) NOT NULL,
  `razon_social` varchar(150) NOT NULL,
  `direccion` varchar(100) NOT NULL,
  `ciiu` varchar(150) NOT NULL,
  `concepto` varchar(150) DEFAULT NULL,
  PRIMARY KEY (`id`)
) ENGINE=InnoDB DEFAULT CHARSET=utf8;
/*!40101 SET character_set_client = @saved_cs_client */;

--
-- Dumping data for table `empresa`
--

LOCK TABLES `empresa` WRITE;
/*!40000 ALTER TABLE `empresa` DISABLE KEYS */;
/*!40000 ALTER TABLE `empresa` ENABLE KEYS */;
UNLOCK TABLES;

--
-- Table structure for table `flujo_extraordinario`
--

DROP TABLE IF EXISTS `flujo_extraordinario`;
/*!40101 SET @saved_cs_client     = @@character_set_client */;
/*!40101 SET character_set_client = utf8 */;
CREATE TABLE `flujo_extraordinario` (
  `id` bigint(20) NOT NULL AUTO_INCREMENT,
  `idsoipc` varchar(450) DEFAULT NULL,
  `tipo` varchar(20) NOT NULL,
  `valor` decimal(15,2) NOT NULL,
  `turno` bigint(20) NOT NULL,
  `fecha` datetime NOT NULL,
  `estado` varchar(20) NOT NULL,
  `fx` bigint(20) NOT NULL,
  `descripcion` varchar(256) DEFAULT NULL,
  `criterio` varchar(100) NOT NULL,
  `naturaleza` varchar(100) DEFAULT NULL,
  `receptor` varchar(100) DEFAULT NULL,
  `cuenta` varchar(100) DEFAULT NULL,
  `concepto` varchar(100) DEFAULT NULL,
  PRIMARY KEY (`id`),
  KEY `flujo_extraordinario_turno_FK` (`turno`),
  KEY `flujo_extraordinario_fx_FK` (`fx`),
  CONSTRAINT `flujo_extraordinario_fx_FK` FOREIGN KEY (`fx`) REFERENCES `fx` (`id`) ON UPDATE CASCADE,
  CONSTRAINT `flujo_extraordinario_turno_FK` FOREIGN KEY (`turno`) REFERENCES `turno` (`id`) ON UPDATE CASCADE
) ENGINE=InnoDB AUTO_INCREMENT=18 DEFAULT CHARSET=utf8;
/*!40101 SET character_set_client = @saved_cs_client */;

--
-- Dumping data for table `flujo_extraordinario`
--

LOCK TABLES `flujo_extraordinario` WRITE;
/*!40000 ALTER TABLE `flujo_extraordinario` DISABLE KEYS */;
/*!40000 ALTER TABLE `flujo_extraordinario` ENABLE KEYS */;
UNLOCK TABLES;

--
-- Table structure for table `fondeo`
--

DROP TABLE IF EXISTS `fondeo`;
/*!40101 SET @saved_cs_client     = @@character_set_client */;
/*!40101 SET character_set_client = utf8 */;
CREATE TABLE `fondeo` (
  `id` bigint(20) NOT NULL AUTO_INCREMENT,
  `fecha` datetime NOT NULL,
  `sucursal` bigint(20) DEFAULT NULL,
  `turno_origen` bigint(20) DEFAULT NULL,
  `turno_destino` bigint(20) DEFAULT NULL,
  `estado` varchar(20) NOT NULL,
  `valor_giro` decimal(14,2) NOT NULL,
  `fx` bigint(20) NOT NULL,
  PRIMARY KEY (`id`),
  KEY `fk_usuario_traslados_idx` (`turno_origen`),
  KEY `fk_usuario_traslados_idx1` (`turno_destino`),
  KEY `fk_fx_traslado_idx` (`fx`),
  KEY `fk_sucursal_destino_idx` (`sucursal`),
  CONSTRAINT `fk_fx_fondeo` FOREIGN KEY (`fx`) REFERENCES `fx` (`id`) ON UPDATE CASCADE,
  CONSTRAINT `fondeo_turno_FK` FOREIGN KEY (`turno_origen`) REFERENCES `turno` (`id`) ON UPDATE CASCADE,
  CONSTRAINT `fondeo_turno_FK_1` FOREIGN KEY (`turno_destino`) REFERENCES `turno` (`id`) ON DELETE CASCADE
) ENGINE=InnoDB AUTO_INCREMENT=4 DEFAULT CHARSET=utf8;
/*!40101 SET character_set_client = @saved_cs_client */;

--
-- Dumping data for table `fondeo`
--

LOCK TABLES `fondeo` WRITE;
/*!40000 ALTER TABLE `fondeo` DISABLE KEYS */;
/*!40000 ALTER TABLE `fondeo` ENABLE KEYS */;
UNLOCK TABLES;

--
-- Table structure for table `functionality`
--

DROP TABLE IF EXISTS `functionality`;
/*!40101 SET @saved_cs_client     = @@character_set_client */;
/*!40101 SET character_set_client = utf8 */;
CREATE TABLE `functionality` (
  `id` bigint(20) NOT NULL AUTO_INCREMENT,
  `name` varchar(100) NOT NULL,
  `description` varchar(400) NOT NULL,
  `menu` bigint(20) DEFAULT NULL,
  PRIMARY KEY (`id`),
  UNIQUE KEY `name_UNIQUE` (`name`),
  UNIQUE KEY `menu_UNIQUE` (`menu`),
  KEY `fk_menu_functionalities_idx` (`menu`),
  CONSTRAINT `fk_menu_functionalities` FOREIGN KEY (`menu`) REFERENCES `menu` (`id`) ON UPDATE CASCADE
) ENGINE=InnoDB AUTO_INCREMENT=2 DEFAULT CHARSET=utf8;
/*!40101 SET character_set_client = @saved_cs_client */;

--
-- Dumping data for table `functionality`
--

LOCK TABLES `functionality` WRITE;
/*!40000 ALTER TABLE `functionality` DISABLE KEYS */;
/*!40000 ALTER TABLE `functionality` ENABLE KEYS */;
UNLOCK TABLES;

--
-- Table structure for table `functionality_resource`
--

DROP TABLE IF EXISTS `functionality_resource`;
/*!40101 SET @saved_cs_client     = @@character_set_client */;
/*!40101 SET character_set_client = utf8 */;
CREATE TABLE `functionality_resource` (
  `functionality` bigint(20) NOT NULL,
  `resource` bigint(20) NOT NULL,
  PRIMARY KEY (`functionality`,`resource`),
  KEY `fk_role_permission_permission_idx` (`resource`),
  CONSTRAINT `fk_functionality_resources` FOREIGN KEY (`functionality`) REFERENCES `functionality` (`id`) ON UPDATE CASCADE,
  CONSTRAINT `fk_resource_functionalities` FOREIGN KEY (`resource`) REFERENCES `resource` (`id`) ON UPDATE CASCADE
) ENGINE=InnoDB DEFAULT CHARSET=utf8;
/*!40101 SET character_set_client = @saved_cs_client */;

--
-- Dumping data for table `functionality_resource`
--

LOCK TABLES `functionality_resource` WRITE;
/*!40000 ALTER TABLE `functionality_resource` DISABLE KEYS */;
/*!40000 ALTER TABLE `functionality_resource` ENABLE KEYS */;
UNLOCK TABLES;

--
-- Table structure for table `fx`
--

DROP TABLE IF EXISTS `fx`;
/*!40101 SET @saved_cs_client     = @@character_set_client */;
/*!40101 SET character_set_client = utf8 */;
CREATE TABLE `fx` (
  `id` bigint(20) NOT NULL AUTO_INCREMENT,
  `cod` varchar(15) CHARACTER SET utf8 COLLATE utf8_bin NOT NULL,
  `concepto` varchar(245) NOT NULL,
  PRIMARY KEY (`id`),
  UNIQUE KEY `cod_UNIQUE` (`cod`)
) ENGINE=InnoDB AUTO_INCREMENT=27 DEFAULT CHARSET=utf8;
/*!40101 SET character_set_client = @saved_cs_client */;

--
-- Dumping data for table `fx`
--

LOCK TABLES `fx` WRITE;
/*!40000 ALTER TABLE `fx` DISABLE KEYS */;
INSERT INTO `fx` VALUES (1,'COP','Peso Colombiano'),(2,'USD','Dolar Americano'),(3,'EUR','Euro'),(11,'GBP','Libra Esterlina'),(15,'CAD','Dolar Canadiense'),(16,'MXN','Peso Mexicano'),(17,'BRL','Real Brasilero'),(18,'AUD','Dolar Australiano'),(19,'PEN','Sol Peruano'),(20,'ARS','Peso Argentino'),(21,'CLP','Peso Chileno'),(22,'CHF','Franco Suizo'),(23,'JPY','Yen JAPONES'),(24,'CNY','Yuan CHINO'),(25,'HKD','Dolar de HONG KONG'),(26,'KRW','Won SURCOREANO');
/*!40000 ALTER TABLE `fx` ENABLE KEYS */;
UNLOCK TABLES;

--
-- Table structure for table `fx_sucursal`
--

DROP TABLE IF EXISTS `fx_sucursal`;
/*!40101 SET @saved_cs_client     = @@character_set_client */;
/*!40101 SET character_set_client = utf8 */;
CREATE TABLE `fx_sucursal` (
  `id` bigint(20) NOT NULL AUTO_INCREMENT,
  `fx` bigint(20) NOT NULL,
  `sucursal` bigint(20) NOT NULL,
  `precio_compra` decimal(15,2) NOT NULL,
  `precio_venta` decimal(15,2) NOT NULL,
  `precio_valoracion` decimal(15,2) NOT NULL,
  PRIMARY KEY (`id`),
  UNIQUE KEY `idx_fx_sucursal` (`fx`,`sucursal`),
  KEY `fk_sucursal_fx_sucursales_idx` (`sucursal`),
  KEY `fk_fx_fx_sucursales_idx` (`fx`),
  CONSTRAINT `fk_fx_fx_sucursales` FOREIGN KEY (`fx`) REFERENCES `fx` (`id`) ON UPDATE CASCADE,
  CONSTRAINT `fk_sucursal_fx_sucursales` FOREIGN KEY (`sucursal`) REFERENCES `sucursal` (`id`) ON UPDATE CASCADE
) ENGINE=InnoDB AUTO_INCREMENT=105 DEFAULT CHARSET=utf8;
/*!40101 SET character_set_client = @saved_cs_client */;

--
-- Dumping data for table `fx_sucursal`
--

LOCK TABLES `fx_sucursal` WRITE;
/*!40000 ALTER TABLE `fx_sucursal` DISABLE KEYS */;
INSERT INTO `fx_sucursal` VALUES (9,2,1,3200.00,3290.00,3245.00),(10,3,1,3580.00,3670.00,3535.00),(11,11,1,4000.00,4250.00,4125.00),(12,15,1,2500.00,2660.00,2580.00),(13,16,1,160.00,195.00,177.00),(14,17,1,760.00,860.00,810.00),(15,18,1,1750.00,2300.00,2025.00),(16,19,1,770.00,1020.00,895.00),(17,20,1,45.00,50.00,47.50),(18,21,1,3.62,4.58,4.10),(19,22,1,2600.00,3295.00,2940.00),(20,23,1,24.30,30.78,27.54),(21,24,1,363.00,460.00,411.00),(22,25,1,330.00,420.00,375.00),(23,26,1,2.16,2.74,2.45),(24,2,2,3200.00,3290.00,3245.00),(25,3,2,3580.00,3670.00,3535.00),(26,11,2,4000.00,4250.00,4125.00),(27,15,2,2500.00,2660.00,2580.00),(28,16,2,160.00,195.00,177.00),(29,17,2,760.00,860.00,810.00),(30,18,2,1750.00,2300.00,2025.00),(31,19,2,770.00,1020.00,895.00),(32,20,2,45.00,50.00,47.50),(33,21,2,3.62,4.58,4.10),(34,22,2,2600.00,3295.00,2940.00),(35,23,2,24.30,30.78,27.54),(36,24,2,363.00,460.00,411.00),(37,25,2,330.00,420.00,375.00),(38,26,2,2.16,2.74,2.45),(41,2,3,3200.00,3290.00,3245.00),(42,3,3,3580.00,3670.00,3535.00),(43,11,3,4000.00,4250.00,4125.00),(44,15,3,2500.00,2660.00,2580.00),(45,16,3,160.00,195.00,177.00),(46,17,3,760.00,860.00,810.00),(47,18,3,1750.00,2300.00,2025.00),(48,19,3,770.00,1020.00,895.00),(49,20,3,45.00,50.00,47.50),(50,21,3,3.62,4.58,4.10),(51,22,3,2600.00,3295.00,2940.00),(52,23,3,24.30,30.78,27.54),(53,24,3,363.00,460.00,411.00),(54,25,3,330.00,420.00,375.00),(55,26,3,2.16,2.74,2.45),(56,2,4,3200.00,3290.00,3245.00),(57,3,4,3580.00,3670.00,3535.00),(58,11,4,4000.00,4250.00,4125.00),(59,15,4,2500.00,2660.00,2580.00),(60,16,4,160.00,195.00,177.00),(61,17,4,760.00,860.00,810.00),(62,18,4,1750.00,2300.00,2025.00),(63,19,4,770.00,1020.00,895.00),(64,20,4,45.00,50.00,47.50),(65,21,4,3.62,4.58,4.10),(66,22,4,2600.00,3295.00,2940.00),(67,23,4,24.30,30.78,27.54),(68,24,4,363.00,460.00,411.00),(69,25,4,330.00,420.00,375.00),(70,26,4,2.16,2.74,2.45),(71,2,5,3200.00,3290.00,3245.00),(72,3,5,3580.00,3670.00,3535.00),(73,11,5,4000.00,4250.00,4125.00),(74,15,5,2500.00,2660.00,2580.00),(75,16,5,160.00,195.00,177.00),(76,17,5,760.00,860.00,810.00),(77,18,5,1750.00,2300.00,2025.00),(78,19,5,770.00,1020.00,895.00),(79,20,5,45.00,50.00,47.50),(80,21,5,3.62,4.58,4.10),(81,22,5,2600.00,3295.00,2940.00),(82,23,5,24.30,30.78,27.54),(83,24,5,363.00,460.00,411.00),(84,25,5,330.00,420.00,375.00),(85,26,5,2.16,2.74,2.45),(86,2,6,3200.00,3290.00,3245.00),(87,3,6,3580.00,3670.00,3535.00),(88,11,6,4000.00,4250.00,4125.00),(89,15,6,2500.00,2660.00,2580.00),(90,16,6,160.00,195.00,177.00),(91,17,6,760.00,860.00,810.00),(92,18,6,1750.00,2300.00,2025.00),(93,19,6,770.00,1020.00,895.00),(94,20,6,45.00,50.00,47.50),(95,21,6,3.62,4.58,4.10),(96,22,6,2600.00,3295.00,2940.00),(97,23,6,24.30,30.78,27.54),(98,24,6,363.00,460.00,411.00),(99,25,6,330.00,420.00,375.00),(100,26,6,2.16,2.74,2.45);
/*!40000 ALTER TABLE `fx_sucursal` ENABLE KEYS */;
UNLOCK TABLES;

--
-- Table structure for table `item_arqueo`
--

DROP TABLE IF EXISTS `item_arqueo`;
/*!40101 SET @saved_cs_client     = @@character_set_client */;
/*!40101 SET character_set_client = utf8 */;
CREATE TABLE `item_arqueo` (
  `id` bigint(20) NOT NULL AUTO_INCREMENT,
  `arqueo` bigint(20) NOT NULL,
  `saldo_inicial` decimal(15,4) DEFAULT 0.0000,
  `saldo_final` decimal(15,4) DEFAULT 0.0000,
  `nominal_compras` decimal(15,4) DEFAULT 0.0000,
  `nominal_ventas` decimal(15,4) DEFAULT 0.0000,
  `nominal_egresos` decimal(15,4) DEFAULT 0.0000,
  `nominal_ingresos` decimal(15,4) DEFAULT 0.0000,
  `nominal_traslados_entrantes` decimal(15,4) DEFAULT 0.0000,
  `nominal_traslados_salientes` decimal(15,4) DEFAULT 0.0000,
  `moneda` bigint(20) NOT NULL,
  `saldo_real` decimal(15,4) DEFAULT NULL,
  PRIMARY KEY (`id`),
  KEY `item_arqueo_arqueo_FK` (`arqueo`),
  KEY `item_arqueo_fx_FK` (`moneda`),
  CONSTRAINT `item_arqueo_arqueo_FK` FOREIGN KEY (`arqueo`) REFERENCES `arqueo` (`id`) ON UPDATE CASCADE,
  CONSTRAINT `item_arqueo_fx_FK` FOREIGN KEY (`moneda`) REFERENCES `fx` (`id`) ON UPDATE CASCADE
) ENGINE=InnoDB AUTO_INCREMENT=377 DEFAULT CHARSET=utf8;
/*!40101 SET character_set_client = @saved_cs_client */;

--
-- Dumping data for table `item_arqueo`
--

LOCK TABLES `item_arqueo` WRITE;
/*!40000 ALTER TABLE `item_arqueo` DISABLE KEYS */;
/*!40000 ALTER TABLE `item_arqueo` ENABLE KEYS */;
UNLOCK TABLES;

--
-- Table structure for table `menu`
--

DROP TABLE IF EXISTS `menu`;
/*!40101 SET @saved_cs_client     = @@character_set_client */;
/*!40101 SET character_set_client = utf8 */;
CREATE TABLE `menu` (
  `id` bigint(20) NOT NULL AUTO_INCREMENT,
  `name` varchar(45) NOT NULL,
  `index` int(11) NOT NULL,
  `parent` bigint(20) DEFAULT NULL,
  `description` varchar(500) DEFAULT NULL,
  `target` varchar(500) DEFAULT NULL,
  PRIMARY KEY (`id`),
  KEY `fk_menu_parent_idx` (`parent`),
  CONSTRAINT `fk_menu_children` FOREIGN KEY (`parent`) REFERENCES `menu` (`id`) ON UPDATE CASCADE
) ENGINE=InnoDB AUTO_INCREMENT=2 DEFAULT CHARSET=utf8;
/*!40101 SET character_set_client = @saved_cs_client */;

--
-- Dumping data for table `menu`
--

LOCK TABLES `menu` WRITE;
/*!40000 ALTER TABLE `menu` DISABLE KEYS */;
/*!40000 ALTER TABLE `menu` ENABLE KEYS */;
UNLOCK TABLES;

--
-- Table structure for table `operacion`
--

DROP TABLE IF EXISTS `operacion`;
/*!40101 SET @saved_cs_client     = @@character_set_client */;
/*!40101 SET character_set_client = utf8 */;
CREATE TABLE `operacion` (
  `id` bigint(20) NOT NULL AUTO_INCREMENT,
  `fecha_operacion` datetime NOT NULL,
  `fx_base` bigint(20) NOT NULL,
  `fx_oper` bigint(20) NOT NULL,
  `tipo` varchar(10) NOT NULL,
  `nominal` decimal(14,2) NOT NULL,
  `valor_fx_operacion` decimal(14,2) NOT NULL,
  `estado` varchar(20) NOT NULL,
  `id_soipc` varchar(45) DEFAULT NULL,
  `valor_valoracion` decimal(14,2) NOT NULL,
  `turno` bigint(20) DEFAULT NULL,
  `turno_edicion` bigint(20) DEFAULT NULL,
  `descripcion` varchar(300) DEFAULT NULL,
  PRIMARY KEY (`id`),
  KEY `fk_fx_operaciones_idx` (`fx_base`),
  KEY `fk_fx_operaciones_idx1` (`fx_oper`),
  KEY `fk_sucursal_operaciones_idx` (`turno`),
  KEY `fk_turno_edicion_operaciones` (`turno_edicion`),
  CONSTRAINT `fk_fx_bases` FOREIGN KEY (`fx_base`) REFERENCES `fx` (`id`) ON UPDATE CASCADE,
  CONSTRAINT `fk_fx_operaciones` FOREIGN KEY (`fx_oper`) REFERENCES `fx` (`id`) ON UPDATE CASCADE,
  CONSTRAINT `fk_turno_edicion_operaciones` FOREIGN KEY (`turno_edicion`) REFERENCES `turno` (`id`) ON UPDATE CASCADE,
  CONSTRAINT `fk_turno_operacion` FOREIGN KEY (`turno`) REFERENCES `turno` (`id`) ON UPDATE CASCADE
) ENGINE=InnoDB AUTO_INCREMENT=207 DEFAULT CHARSET=utf8;
/*!40101 SET character_set_client = @saved_cs_client */;

--
-- Dumping data for table `operacion`
--

LOCK TABLES `operacion` WRITE;
/*!40000 ALTER TABLE `operacion` DISABLE KEYS */;
/*!40000 ALTER TABLE `operacion` ENABLE KEYS */;
UNLOCK TABLES;

--
-- Table structure for table `permission`
--

DROP TABLE IF EXISTS `permission`;
/*!40101 SET @saved_cs_client     = @@character_set_client */;
/*!40101 SET character_set_client = utf8 */;
CREATE TABLE `permission` (
  `id` bigint(20) NOT NULL AUTO_INCREMENT,
  `role` bigint(20) NOT NULL,
  `functionality` bigint(20) NOT NULL,
  `access_types` varchar(45) NOT NULL COMMENT 'Lectura, Escritura, Edicin, Eliminacin',
  PRIMARY KEY (`id`),
  UNIQUE KEY `uq_role_funct_access` (`role`,`functionality`,`access_types`),
  KEY `fk_functionality_roles_idx` (`functionality`),
  CONSTRAINT `fk_functionality_roles` FOREIGN KEY (`functionality`) REFERENCES `functionality` (`id`) ON UPDATE CASCADE,
  CONSTRAINT `fk_role_functionalies` FOREIGN KEY (`role`) REFERENCES `role` (`id`) ON UPDATE CASCADE
) ENGINE=InnoDB AUTO_INCREMENT=2 DEFAULT CHARSET=utf8;
/*!40101 SET character_set_client = @saved_cs_client */;

--
-- Dumping data for table `permission`
--

LOCK TABLES `permission` WRITE;
/*!40000 ALTER TABLE `permission` DISABLE KEYS */;
/*!40000 ALTER TABLE `permission` ENABLE KEYS */;
UNLOCK TABLES;

--
-- Table structure for table `provision`
--

DROP TABLE IF EXISTS `provision`;
/*!40101 SET @saved_cs_client     = @@character_set_client */;
/*!40101 SET character_set_client = utf8 */;
CREATE TABLE `provision` (
  `id` bigint(20) NOT NULL AUTO_INCREMENT,
  `fecha_registro` datetime NOT NULL,
  `fecha_cumplimiento` datetime NOT NULL,
  `sucursal` bigint(20) NOT NULL,
  `tipo` varchar(45) NOT NULL,
  `clase` varchar(45) NOT NULL,
  `fx` bigint(20) NOT NULL,
  `monto` decimal(14,2) NOT NULL,
  `estado` varchar(45) NOT NULL,
  PRIMARY KEY (`id`),
  KEY `fk_sucursal_provisiones_idx` (`sucursal`),
  KEY `fk_fx_provisiones_idx` (`fx`),
  CONSTRAINT `fk_fx_provisiones` FOREIGN KEY (`fx`) REFERENCES `fx` (`id`) ON UPDATE CASCADE,
  CONSTRAINT `fk_sucursal_provisiones` FOREIGN KEY (`sucursal`) REFERENCES `sucursal` (`id`) ON UPDATE CASCADE
) ENGINE=InnoDB DEFAULT CHARSET=utf8;
/*!40101 SET character_set_client = @saved_cs_client */;

--
-- Dumping data for table `provision`
--

LOCK TABLES `provision` WRITE;
/*!40000 ALTER TABLE `provision` DISABLE KEYS */;
/*!40000 ALTER TABLE `provision` ENABLE KEYS */;
UNLOCK TABLES;

--
-- Table structure for table `resource`
--

DROP TABLE IF EXISTS `resource`;
/*!40101 SET @saved_cs_client     = @@character_set_client */;
/*!40101 SET character_set_client = utf8 */;
CREATE TABLE `resource` (
  `id` bigint(20) NOT NULL AUTO_INCREMENT,
  `name` varchar(100) NOT NULL,
  `uri` varchar(45) NOT NULL,
  `access_type` varchar(45) NOT NULL,
  `description` varchar(500) DEFAULT NULL,
  PRIMARY KEY (`id`),
  UNIQUE KEY `name_UNIQUE` (`name`)
) ENGINE=InnoDB AUTO_INCREMENT=2 DEFAULT CHARSET=utf8;
/*!40101 SET character_set_client = @saved_cs_client */;

--
-- Dumping data for table `resource`
--

LOCK TABLES `resource` WRITE;
/*!40000 ALTER TABLE `resource` DISABLE KEYS */;
/*!40000 ALTER TABLE `resource` ENABLE KEYS */;
UNLOCK TABLES;

--
-- Table structure for table `role`
--

DROP TABLE IF EXISTS `role`;
/*!40101 SET @saved_cs_client     = @@character_set_client */;
/*!40101 SET character_set_client = utf8 */;
CREATE TABLE `role` (
  `id` bigint(20) NOT NULL AUTO_INCREMENT,
  `name` varchar(45) NOT NULL,
  PRIMARY KEY (`id`)
) ENGINE=InnoDB AUTO_INCREMENT=6 DEFAULT CHARSET=utf8;
/*!40101 SET character_set_client = @saved_cs_client */;

--
-- Dumping data for table `role`
--

LOCK TABLES `role` WRITE;
/*!40000 ALTER TABLE `role` DISABLE KEYS */;
INSERT INTO `role` VALUES (1,'ROLE_OPERADOR'),(2,'ROLE_COORDINADOR'),(3,'ROLE_OBSERVADOR'),(4,'ROLE_GERENTE'),(5,'SUPER_ADMIN');
/*!40000 ALTER TABLE `role` ENABLE KEYS */;
UNLOCK TABLES;

--
-- Table structure for table `saldo`
--

DROP TABLE IF EXISTS `saldo`;
/*!40101 SET @saved_cs_client     = @@character_set_client */;
/*!40101 SET character_set_client = utf8 */;
CREATE TABLE `saldo` (
  `id` bigint(20) NOT NULL AUTO_INCREMENT,
  `caja` bigint(20) NOT NULL,
  `moneda` bigint(20) NOT NULL,
  `nominal` decimal(15,2) NOT NULL,
  `precio_promedio` decimal(15,2) NOT NULL,
  PRIMARY KEY (`id`),
  KEY `fk_caja_caja_moneda_idx` (`caja`),
  KEY `fk_moneda_caja_moneda_idx` (`moneda`),
  CONSTRAINT `fk_caja_saldo` FOREIGN KEY (`caja`) REFERENCES `caja` (`id`) ON UPDATE CASCADE,
  CONSTRAINT `fk_moneda_saldo` FOREIGN KEY (`moneda`) REFERENCES `fx` (`id`) ON UPDATE CASCADE
) ENGINE=InnoDB AUTO_INCREMENT=1803 DEFAULT CHARSET=utf8;
/*!40101 SET character_set_client = @saved_cs_client */;

--
-- Dumping data for table `saldo`
--

LOCK TABLES `saldo` WRITE;
/*!40000 ALTER TABLE `saldo` DISABLE KEYS */;
INSERT INTO `saldo` VALUES (964,9,1,578874908.00,1.00),(965,9,2,52733.00,3293.64),(966,9,3,9155.00,3607.11),(967,9,11,0.00,4086.15),(968,9,15,7410.00,2545.73),(969,9,16,13620.00,182.92),(970,9,17,25.00,776.68),(971,9,18,0.00,2264.17),(972,9,19,50.00,949.95),(973,9,20,525.00,72.35),(974,9,21,487000.00,4.12),(975,9,22,150.00,3079.76),(976,9,23,2000.00,24.76),(977,9,24,361.00,395.37),(978,9,26,1000.00,2.10),(1053,10,1,20058625.00,1.00),(1054,10,2,47306.00,3248.17),(1055,10,3,20765.00,3561.13),(1056,10,11,0.00,4078.21),(1057,10,15,7590.00,2557.55),(1058,10,16,300.00,178.07),(1059,10,17,7.00,756.69),(1060,10,18,800.00,2323.19),(1061,10,19,150.00,885.88),(1062,10,20,920.00,42.59),(1063,10,21,43000.00,3.82),(1064,10,22,700.00,3057.02),(1065,10,23,0.00,25.00),(1066,10,26,0.00,2.10),(1067,10,25,200.00,220.00),(1068,10,24,2516.00,364.64),(1149,13,1,43604039.00,1.00),(1150,13,2,17603.00,3255.27),(1151,13,3,2000.00,3556.40),(1152,13,11,20.00,4063.07),(1153,13,15,195.00,2457.36),(1154,13,16,250.00,157.85),(1155,13,17,99.00,740.00),(1156,13,18,0.00,2230.29),(1157,13,19,0.00,922.36),(1158,13,20,3345.00,84.09),(1159,13,21,364000.00,3.90),(1160,13,22,20.00,3029.10),(1161,13,23,26000.00,23.85),(1162,13,24,370.00,400.00),(1163,13,25,0.00,220.00),(1164,13,26,0.00,1.00),(1301,14,1,64310302.00,1.00),(1302,14,2,25628.00,3245.36),(1303,14,3,4150.00,3553.50),(1304,14,11,95.00,4040.61),(1305,14,15,320.00,2469.86),(1306,14,16,0.00,151.72),(1307,14,17,2337.00,740.00),(1308,14,18,2515.00,2248.07),(1309,14,19,0.00,1.00),(1310,14,20,0.00,1.00),(1311,14,21,10000.00,3.89),(1312,14,22,290.00,3028.96),(1313,14,23,3000.00,23.00),(1314,14,24,71.00,360.00),(1315,14,25,0.00,1.00),(1316,14,26,0.00,1.00),(1420,15,1,43323454.00,1.00),(1421,15,2,24993.00,3241.51),(1422,15,3,4515.00,3565.75),(1423,15,11,0.00,3980.00),(1424,15,15,1570.00,2468.75),(1425,15,16,490.00,164.59),(1426,15,17,659.00,739.00),(1427,15,18,230.00,2250.00),(1428,15,19,20.00,909.58),(1429,15,20,5555.00,38.94),(1430,15,21,37000.00,3.90),(1431,15,22,680.00,3050.00),(1432,15,23,2000.00,21.00),(1433,15,24,0.00,1.00),(1434,15,25,0.00,1.00),(1435,15,26,0.00,1.00),(1524,16,1,28327820.00,1.00),(1525,16,2,11474.00,3243.19),(1526,16,3,4105.00,3557.19),(1527,16,11,20.00,4026.66),(1528,16,15,110.00,2468.20),(1529,16,16,240.00,159.64),(1530,16,17,7.00,732.70),(1531,16,18,2190.00,2250.00),(1532,16,19,60.00,960.00),(1533,16,20,710.00,41.54),(1534,16,21,525000.00,3.89),(1535,16,22,420.00,3070.00),(1536,16,23,0.00,1.00),(1537,16,24,1.00,400.00),(1538,16,25,0.00,1.00),(1539,16,26,0.00,1.00);
/*!40000 ALTER TABLE `saldo` ENABLE KEYS */;
UNLOCK TABLES;

--
-- Table structure for table `session`
--

DROP TABLE IF EXISTS `session`;
/*!40101 SET @saved_cs_client     = @@character_set_client */;
/*!40101 SET character_set_client = utf8 */;
CREATE TABLE `session` (
  `id` bigint(20) NOT NULL AUTO_INCREMENT,
  `token` varchar(100) NOT NULL,
  `date` date NOT NULL,
  `time` time NOT NULL,
  `ip` varchar(45) NOT NULL,
  `user` bigint(20) NOT NULL,
  PRIMARY KEY (`id`),
  KEY `fk_session_user_idx` (`user`),
  CONSTRAINT `fk_user_sessions` FOREIGN KEY (`user`) REFERENCES `user` (`id`) ON UPDATE CASCADE
) ENGINE=InnoDB DEFAULT CHARSET=utf8;
/*!40101 SET character_set_client = @saved_cs_client */;

--
-- Dumping data for table `session`
--

LOCK TABLES `session` WRITE;
/*!40000 ALTER TABLE `session` DISABLE KEYS */;
/*!40000 ALTER TABLE `session` ENABLE KEYS */;
UNLOCK TABLES;

--
-- Table structure for table `sucursal`
--

DROP TABLE IF EXISTS `sucursal`;
/*!40101 SET @saved_cs_client     = @@character_set_client */;
/*!40101 SET character_set_client = utf8 */;
CREATE TABLE `sucursal` (
  `id` bigint(20) NOT NULL AUTO_INCREMENT,
  `cod` varchar(45) NOT NULL,
  `nombre` varchar(45) NOT NULL,
  `direccion` varchar(100) NOT NULL,
  `estado` varchar(45) NOT NULL,
  `chk_principal` tinyint(4) NOT NULL,
  `telefonos` varchar(255) DEFAULT NULL,
  PRIMARY KEY (`id`)
) ENGINE=InnoDB AUTO_INCREMENT=13 DEFAULT CHARSET=utf8;
/*!40101 SET character_set_client = @saved_cs_client */;

--
-- Dumping data for table `sucursal`
--

LOCK TABLES `sucursal` WRITE;
/*!40000 ALTER TABLE `sucursal` DISABLE KEYS */;
INSERT INTO `sucursal` VALUES (1,'CENTRO_CHIA','CENTRO_CHIA','XXX','1',1,'3262'),(2,'FONTANAR','FONTANAR','xxxx','1',0,'515515'),(3,'SANTA_FE','SANTA_FE','XXX','1',0,'2222'),(4,'LA_COLINA','LA_COLINA','XXX','1',0,'222'),(5,'LA_CASONA','LA_CASONA','X','1',0,'222'),(6,'SABANA_NTE','SABANA_NTE','X','1',0,'2222');
/*!40000 ALTER TABLE `sucursal` ENABLE KEYS */;
UNLOCK TABLES;

--
-- Table structure for table `telefono`
--

DROP TABLE IF EXISTS `telefono`;
/*!40101 SET @saved_cs_client     = @@character_set_client */;
/*!40101 SET character_set_client = utf8 */;
CREATE TABLE `telefono` (
  `id` int(11) NOT NULL AUTO_INCREMENT,
  `telefono` varchar(45) NOT NULL,
  `sucursal` bigint(20) NOT NULL,
  PRIMARY KEY (`id`),
  KEY `fk_sucursal_telefonos_idx` (`sucursal`),
  CONSTRAINT `fk_sucursal_telefonos` FOREIGN KEY (`sucursal`) REFERENCES `sucursal` (`id`) ON UPDATE CASCADE
) ENGINE=InnoDB DEFAULT CHARSET=utf8;
/*!40101 SET character_set_client = @saved_cs_client */;

--
-- Dumping data for table `telefono`
--

LOCK TABLES `telefono` WRITE;
/*!40000 ALTER TABLE `telefono` DISABLE KEYS */;
/*!40000 ALTER TABLE `telefono` ENABLE KEYS */;
UNLOCK TABLES;

--
-- Table structure for table `traslado`
--

DROP TABLE IF EXISTS `traslado`;
/*!40101 SET @saved_cs_client     = @@character_set_client */;
/*!40101 SET character_set_client = utf8 */;
CREATE TABLE `traslado` (
  `id` bigint(20) NOT NULL AUTO_INCREMENT,
  `fecha` datetime NOT NULL,
  `sucursal_origen` bigint(20) NOT NULL,
  `sucursal_destino` bigint(20) NOT NULL,
  `tipo_traslado` varchar(45) NOT NULL,
  `turno_origen` bigint(20) DEFAULT NULL,
  `turno_destino` bigint(20) DEFAULT NULL,
  `estado` varchar(20) NOT NULL,
  `precio_traslado` decimal(14,2) NOT NULL,
  `valor_giro` decimal(14,2) NOT NULL,
  `fx` bigint(20) NOT NULL,
  PRIMARY KEY (`id`),
  KEY `fk_usuario_traslados_idx` (`turno_origen`),
  KEY `fk_usuario_traslados_idx1` (`turno_destino`),
  KEY `fk_fx_traslado_idx` (`fx`),
  KEY `fk_sucursal_origen_idx` (`sucursal_origen`),
  KEY `fk_sucursal_destino_idx` (`sucursal_destino`),
  CONSTRAINT `fk_fx_traslado` FOREIGN KEY (`fx`) REFERENCES `fx` (`id`) ON UPDATE CASCADE,
  CONSTRAINT `fk_sucursal_destino` FOREIGN KEY (`sucursal_destino`) REFERENCES `sucursal` (`id`) ON UPDATE CASCADE,
  CONSTRAINT `fk_sucursal_origen` FOREIGN KEY (`sucursal_origen`) REFERENCES `sucursal` (`id`) ON UPDATE CASCADE,
  CONSTRAINT `traslado_turno_FK` FOREIGN KEY (`turno_origen`) REFERENCES `turno` (`id`) ON UPDATE CASCADE,
  CONSTRAINT `traslado_turno_FK_1` FOREIGN KEY (`turno_destino`) REFERENCES `turno` (`id`) ON UPDATE CASCADE
) ENGINE=InnoDB AUTO_INCREMENT=18 DEFAULT CHARSET=utf8;
/*!40101 SET character_set_client = @saved_cs_client */;

--
-- Dumping data for table `traslado`
--

LOCK TABLES `traslado` WRITE;
/*!40000 ALTER TABLE `traslado` DISABLE KEYS */;
/*!40000 ALTER TABLE `traslado` ENABLE KEYS */;
UNLOCK TABLES;

--
-- Table structure for table `turno`
--

DROP TABLE IF EXISTS `turno`;
/*!40101 SET @saved_cs_client     = @@character_set_client */;
/*!40101 SET character_set_client = utf8 */;
CREATE TABLE `turno` (
  `id` bigint(20) NOT NULL AUTO_INCREMENT,
  `caja` bigint(20) NOT NULL,
  `usuario` bigint(20) NOT NULL,
  `fecha_inicio` datetime NOT NULL,
  `fecha_fin` datetime DEFAULT NULL,
  PRIMARY KEY (`id`),
  KEY `fk_usuario_turno_idx` (`usuario`),
  KEY `fk_caja_turno_idx` (`caja`),
  CONSTRAINT `fk_caja_turno` FOREIGN KEY (`caja`) REFERENCES `caja` (`id`) ON UPDATE CASCADE,
  CONSTRAINT `fk_usuario_turno` FOREIGN KEY (`usuario`) REFERENCES `usuario` (`id`) ON UPDATE CASCADE
) ENGINE=InnoDB AUTO_INCREMENT=71 DEFAULT CHARSET=utf8;
/*!40101 SET character_set_client = @saved_cs_client */;

--
-- Dumping data for table `turno`
--

LOCK TABLES `turno` WRITE;
/*!40000 ALTER TABLE `turno` DISABLE KEYS */;
/*!40000 ALTER TABLE `turno` ENABLE KEYS */;
UNLOCK TABLES;

--
-- Table structure for table `user`
--

DROP TABLE IF EXISTS `user`;
/*!40101 SET @saved_cs_client     = @@character_set_client */;
/*!40101 SET character_set_client = utf8 */;
CREATE TABLE `user` (
  `id` bigint(20) NOT NULL AUTO_INCREMENT,
  `username` varchar(45) NOT NULL,
  `password` varchar(100) NOT NULL,
  `salt` varchar(45) NOT NULL,
  `enabled` tinyint(1) NOT NULL,
  `locked` tinyint(1) NOT NULL,
  `failed_logins` int(11) NOT NULL,
  `role` bigint(20) NOT NULL,
  PRIMARY KEY (`id`),
  KEY `fk_user_role_idx` (`role`),
  CONSTRAINT `fk_role_users` FOREIGN KEY (`role`) REFERENCES `role` (`id`) ON UPDATE CASCADE
) ENGINE=InnoDB AUTO_INCREMENT=7 DEFAULT CHARSET=utf8;
/*!40101 SET character_set_client = @saved_cs_client */;

--
-- Dumping data for table `user`
--

LOCK TABLES `user` WRITE;
/*!40000 ALTER TABLE `user` DISABLE KEYS */;
INSERT INTO `user` VALUES (1,'root','$2a$04$fx4HJlEUiHFwn2ajnmIp8e3GyVBNij6bKEuMZwfZYUykeXFPHinoO','123456',1,0,0,5),(2,'admin','$2a$04$fx4HJlEUiHFwn2ajnmIp8e3GyVBNij6bKEuMZwfZYUykeXFPHinoO','123456',1,0,0,4),(3,'operador','$2a$04$fx4HJlEUiHFwn2ajnmIp8e3GyVBNij6bKEuMZwfZYUykeXFPHinoO','123456',1,0,0,1),(5,'superadmin','$2a$04$fx4HJlEUiHFwn2ajnmIp8e3GyVBNij6bKEuMZwfZYUykeXFPHinoO','1225800673543000',0,0,0,5);
/*!40000 ALTER TABLE `user` ENABLE KEYS */;
UNLOCK TABLES;

--
-- Table structure for table `usuario`
--

DROP TABLE IF EXISTS `usuario`;
/*!40101 SET @saved_cs_client     = @@character_set_client */;
/*!40101 SET character_set_client = utf8 */;
CREATE TABLE `usuario` (
  `id` bigint(20) NOT NULL AUTO_INCREMENT,
  `nombre` varchar(45) NOT NULL,
  `apellido` varchar(45) NOT NULL,
  `user` bigint(20) NOT NULL,
  PRIMARY KEY (`id`),
  UNIQUE KEY `user_UNIQUE` (`user`),
  KEY `fk_user_usuario_idx` (`user`),
  CONSTRAINT `fk_user_usuario` FOREIGN KEY (`user`) REFERENCES `user` (`id`) ON UPDATE CASCADE
) ENGINE=InnoDB AUTO_INCREMENT=5 DEFAULT CHARSET=utf8;
/*!40101 SET character_set_client = @saved_cs_client */;

--
-- Dumping data for table `usuario`
--

LOCK TABLES `usuario` WRITE;
/*!40000 ALTER TABLE `usuario` DISABLE KEYS */;
INSERT INTO `usuario` VALUES (1,'root','root',1),(2,'operador','operador',3),(3,'superadmin','admin',5),(4,'admin','admin',2);
/*!40000 ALTER TABLE `usuario` ENABLE KEYS */;
UNLOCK TABLES;

--
-- Dumping routines for database 'smart-auth'
--
/*!40103 SET TIME_ZONE=@OLD_TIME_ZONE */;

/*!40101 SET SQL_MODE=@OLD_SQL_MODE */;
/*!40014 SET FOREIGN_KEY_CHECKS=@OLD_FOREIGN_KEY_CHECKS */;
/*!40014 SET UNIQUE_CHECKS=@OLD_UNIQUE_CHECKS */;
/*!40101 SET CHARACTER_SET_CLIENT=@OLD_CHARACTER_SET_CLIENT */;
/*!40101 SET CHARACTER_SET_RESULTS=@OLD_CHARACTER_SET_RESULTS */;
/*!40101 SET COLLATION_CONNECTION=@OLD_COLLATION_CONNECTION */;
/*!40111 SET SQL_NOTES=@OLD_SQL_NOTES */;

-- Dump completed on 2019-11-08 11:06:23
