-- MySQL dump 10.16  Distrib 10.3.9-MariaDB, for Win64 (AMD64)
--
-- Host: 167.99.227.123    Database: smart-auth
-- ------------------------------------------------------
-- Server version	10.4.5-MariaDB-1:10.4.5+maria~bionic

/*!40101 SET @OLD_CHARACTER_SET_CLIENT=@@CHARACTER_SET_CLIENT */;
/*!40101 SET @OLD_CHARACTER_SET_RESULTS=@@CHARACTER_SET_RESULTS */;
/*!40101 SET @OLD_COLLATION_CONNECTION=@@COLLATION_CONNECTION */;
/*!40101 SET NAMES utf8 */;
/*!40103 SET @OLD_TIME_ZONE=@@TIME_ZONE */;
/*!40103 SET TIME_ZONE='+00:00' */;
/*!40014 SET @OLD_UNIQUE_CHECKS=@@UNIQUE_CHECKS, UNIQUE_CHECKS=0 */;
/*!40014 SET @OLD_FOREIGN_KEY_CHECKS=@@FOREIGN_KEY_CHECKS, FOREIGN_KEY_CHECKS=0 */;
/*!40101 SET @OLD_SQL_MODE=@@SQL_MODE, SQL_MODE='NO_AUTO_VALUE_ON_ZERO' */;
/*!40111 SET @OLD_SQL_NOTES=@@SQL_NOTES, SQL_NOTES=0 */;

--
-- Table structure for table `apertura_turno`
--

DROP TABLE IF EXISTS `apertura_turno`;
/*!40101 SET @saved_cs_client     = @@character_set_client */;
/*!40101 SET character_set_client = utf8 */;
CREATE TABLE `apertura_turno` (
  `id` bigint(20) NOT NULL AUTO_INCREMENT,
  `turno` bigint(20) NOT NULL,
  `fx` bigint(20) NOT NULL,
  `nominal` decimal(15,2) NOT NULL,
  `precio_promedio` decimal(15,2) DEFAULT NULL,
  PRIMARY KEY (`id`),
  KEY `fk_moneda_caja_moneda_idx` (`fx`),
  KEY `fk_caja_saldo0_idx` (`turno`),
  CONSTRAINT `fk_caja_saldo_inicial` FOREIGN KEY (`turno`) REFERENCES `turno` (`id`) ON UPDATE CASCADE,
  CONSTRAINT `fk_moneda_saldo_inicial` FOREIGN KEY (`fx`) REFERENCES `fx` (`id`) ON UPDATE CASCADE
) ENGINE=InnoDB AUTO_INCREMENT=951 DEFAULT CHARSET=utf8;
/*!40101 SET character_set_client = @saved_cs_client */;

--
-- Dumping data for table `apertura_turno`
--

LOCK TABLES `apertura_turno` WRITE;
/*!40000 ALTER TABLE `apertura_turno` DISABLE KEYS */;
INSERT INTO `apertura_turno` VALUES (807,71,1,155855328.00,1.00),(808,71,2,37754.00,3293.64),(809,71,3,24940.00,3607.11),(810,71,11,0.00,4086.15),(811,71,15,7550.00,2545.73),(812,71,16,17620.00,182.92),(813,71,17,25.00,776.68),(814,71,18,0.00,2264.17),(815,71,19,50.00,949.95),(816,71,20,525.00,72.35),(817,71,21,487000.00,4.12),(818,71,22,150.00,3079.76),(819,71,23,2000.00,24.76),(820,71,24,361.00,395.37),(821,71,26,1000.00,2.10),(822,72,1,232162000.00,1.00),(823,72,2,0.00,3000.00),(824,72,3,0.00,3000.00),(825,72,11,0.00,4000.00),(826,72,15,0.00,2500.00),(827,72,16,0.00,160.00),(828,72,17,0.00,750.00),(829,72,18,0.00,2300.00),(830,72,19,0.00,915.00),(831,72,20,0.00,50.00),(832,72,21,0.00,4.00),(833,72,22,0.00,3000.00),(834,72,23,0.00,25.00),(835,72,24,0.00,1.00),(836,72,25,0.00,1.00),(837,72,26,0.00,1.00),(838,73,1,154559755.00,1.00),(839,73,2,41672.00,3248.17),(840,73,3,12805.00,3561.13),(841,73,11,0.00,4078.21),(842,73,15,7760.00,2557.55),(843,73,16,0.00,178.07),(844,73,17,7.00,756.69),(845,73,18,800.00,2323.19),(846,73,19,150.00,885.88),(847,73,20,920.00,42.59),(848,73,21,43000.00,3.82),(849,73,22,700.00,3057.02),(850,73,23,0.00,25.00),(851,73,26,0.00,2.10),(852,73,25,200.00,220.00),(853,73,24,2516.00,364.64),(854,74,1,79169929.00,1.00),(855,74,2,23181.00,3255.27),(856,74,3,2000.00,3556.40),(857,74,11,20.00,4063.07),(858,74,15,195.00,2457.36),(859,74,16,250.00,157.85),(860,74,17,99.00,740.00),(861,74,18,0.00,2230.29),(862,74,19,0.00,922.36),(863,74,20,3345.00,84.09),(864,74,21,364000.00,3.90),(865,74,22,20.00,3029.10),(866,74,23,26000.00,23.85),(867,74,24,370.00,400.00),(868,74,25,0.00,220.00),(869,74,26,0.00,1.00),(870,75,1,74637912.00,1.00),(871,75,2,27977.00,3245.36),(872,75,3,3600.00,3553.50),(873,75,11,95.00,4040.61),(874,75,15,320.00,2469.86),(875,75,16,0.00,151.72),(876,75,17,2337.00,740.00),(877,75,18,2515.00,2248.07),(878,75,19,0.00,1.00),(879,75,20,0.00,1.00),(880,75,21,10000.00,3.89),(881,75,22,290.00,3028.96),(882,75,23,3000.00,23.00),(883,75,24,71.00,360.00),(884,75,25,0.00,1.00),(885,75,26,0.00,1.00),(886,76,1,61842090.00,1.00),(887,76,2,4838.00,3243.19),(888,76,3,1240.00,3557.19),(889,76,11,20.00,4026.66),(890,76,15,110.00,2468.20),(891,76,16,240.00,159.64),(892,76,17,7.00,732.70),(893,76,18,2190.00,2250.00),(894,76,19,60.00,960.00),(895,76,20,710.00,41.54),(896,76,21,525000.00,3.89),(897,76,22,420.00,3070.00),(898,76,23,0.00,1.00),(899,76,24,1.00,400.00),(900,76,25,0.00,1.00),(901,76,26,0.00,1.00),(902,77,1,37562884.00,1.00),(903,77,2,20653.00,3241.51),(904,77,3,9915.00,3565.75),(905,77,11,0.00,3980.00),(906,77,15,1570.00,2468.75),(907,77,16,490.00,164.59),(908,77,17,659.00,739.00),(909,77,18,230.00,2250.00),(910,77,19,20.00,909.58),(911,77,20,5555.00,38.94),(912,77,21,37000.00,3.90),(913,77,22,680.00,3050.00),(914,77,23,2000.00,21.00),(915,77,24,0.00,1.00),(916,77,25,0.00,1.00),(917,77,26,0.00,1.00),(918,78,1,502630908.00,1.00),(919,78,2,52733.00,3293.64),(920,78,3,25355.00,3607.11),(921,78,11,0.00,4086.15),(922,78,15,7410.00,2545.73),(923,78,16,13620.00,182.92),(924,78,17,25.00,776.68),(925,78,18,0.00,2264.17),(926,78,19,50.00,949.95),(927,78,20,525.00,72.35),(928,78,21,487000.00,4.12),(929,78,22,150.00,3079.76),(930,78,23,2000.00,24.76),(931,78,24,361.00,395.37),(932,78,26,1000.00,2.10),(933,71,25,0.00,220.00),(934,78,25,0.00,220.00),(935,79,1,502630908.00,1.00),(936,79,2,52733.00,3293.64),(937,79,3,25355.00,3607.11),(938,79,11,0.00,4086.15),(939,79,15,7410.00,2545.73),(940,79,16,13620.00,182.92),(941,79,17,25.00,776.68),(942,79,18,0.00,2264.17),(943,79,19,50.00,949.95),(944,79,20,525.00,72.35),(945,79,21,487000.00,4.12),(946,79,22,150.00,3079.76),(947,79,23,2000.00,24.76),(948,79,24,361.00,395.37),(949,79,26,1000.00,2.10),(950,79,25,0.00,220.00);
/*!40000 ALTER TABLE `apertura_turno` ENABLE KEYS */;
UNLOCK TABLES;

--
-- Table structure for table `arqueo`
--

DROP TABLE IF EXISTS `arqueo`;
/*!40101 SET @saved_cs_client     = @@character_set_client */;
/*!40101 SET character_set_client = utf8 */;
CREATE TABLE `arqueo` (
  `id` bigint(20) NOT NULL AUTO_INCREMENT,
  `fecha` datetime NOT NULL,
  `turno` bigint(20) NOT NULL,
  PRIMARY KEY (`id`),
  KEY `arqueo_turno_FK` (`turno`),
  CONSTRAINT `arqueo_turno_FK` FOREIGN KEY (`turno`) REFERENCES `turno` (`id`) ON UPDATE CASCADE
) ENGINE=InnoDB AUTO_INCREMENT=294 DEFAULT CHARSET=utf8;
/*!40101 SET character_set_client = @saved_cs_client */;

--
-- Dumping data for table `arqueo`
--

LOCK TABLES `arqueo` WRITE;
/*!40000 ALTER TABLE `arqueo` DISABLE KEYS */;
INSERT INTO `arqueo` VALUES (290,'2019-11-01 11:46:07',73),(291,'2019-11-01 12:03:31',73),(292,'2019-11-01 12:22:58',75),(293,'2019-11-01 12:44:02',76);
/*!40000 ALTER TABLE `arqueo` ENABLE KEYS */;
UNLOCK TABLES;

--
-- Table structure for table `caja`
--

DROP TABLE IF EXISTS `caja`;
/*!40101 SET @saved_cs_client     = @@character_set_client */;
/*!40101 SET character_set_client = utf8 */;
CREATE TABLE `caja` (
  `id` bigint(20) NOT NULL AUTO_INCREMENT,
  `nombre` varchar(45) NOT NULL,
  `sucursal` bigint(20) NOT NULL,
  PRIMARY KEY (`id`),
  KEY `fk_sucursal_turnos_idx` (`sucursal`),
  CONSTRAINT `fk_sucursal_turnos` FOREIGN KEY (`sucursal`) REFERENCES `sucursal` (`id`) ON UPDATE CASCADE
) ENGINE=InnoDB AUTO_INCREMENT=20 DEFAULT CHARSET=utf8;
/*!40101 SET character_set_client = @saved_cs_client */;

--
-- Dumping data for table `caja`
--

LOCK TABLES `caja` WRITE;
/*!40000 ALTER TABLE `caja` DISABLE KEYS */;
INSERT INTO `caja` VALUES (9,'CAJA1 CCHIA',1),(10,'CAJA1 FONT',2),(13,'CAJA1 SANTAFE',3),(14,'CAJA1 COLINA',4),(15,'CAJA1 CASONA',5),(16,'CAJA1 SABANA',6),(19,'CENTRAL',13);
/*!40000 ALTER TABLE `caja` ENABLE KEYS */;
UNLOCK TABLES;

--
-- Table structure for table `cierre`
--

DROP TABLE IF EXISTS `cierre`;
/*!40101 SET @saved_cs_client     = @@character_set_client */;
/*!40101 SET character_set_client = utf8 */;
CREATE TABLE `cierre` (
  `id` bigint(20) NOT NULL AUTO_INCREMENT,
  `moneda` bigint(20) DEFAULT NULL,
  `fecha` date DEFAULT NULL,
  `saldo_inicial` decimal(15,4) DEFAULT NULL,
  `precio_promedio_inicial` decimal(15,4) DEFAULT NULL,
  `valor_compra_inicial` decimal(15,4) DEFAULT NULL,
  `nominal_compra` decimal(15,4) DEFAULT NULL,
  `precio_compra` decimal(15,4) DEFAULT NULL,
  `valor_compra` decimal(15,4) DEFAULT NULL,
  `nominal_venta` decimal(15,4) DEFAULT NULL,
  `precio_venta` decimal(15,4) DEFAULT NULL,
  `valor_venta` decimal(15,4) DEFAULT NULL,
  `nominal_traslados_entrantes` decimal(15,4) DEFAULT 0.0000,
  `precio_traslado_entrantes` decimal(15,4) DEFAULT 0.0000,
  `saldo_final` decimal(15,4) DEFAULT NULL,
  `precio_promedio_final` decimal(15,4) DEFAULT NULL,
  `valor_compra_final` decimal(15,4) DEFAULT 0.0000,
  `margen` decimal(15,4) DEFAULT 0.0000,
  `utilidad_diaria` decimal(15,4) DEFAULT 0.0000,
  `pyg_caja` decimal(15,4) DEFAULT 0.0000,
  `precio_valoracion` decimal(15,4) DEFAULT 0.0000,
  `margen_prec_valora_y_prec_prom` decimal(15,4) DEFAULT 0.0000,
  `valoracion` decimal(15,4) DEFAULT 0.0000,
  `pyg_valoracion` decimal(15,4) DEFAULT 0.0000,
  `pyg_valoracion_d` decimal(15,4) DEFAULT 0.0000,
  `pyg_bruto` decimal(15,4) DEFAULT 0.0000,
  `renta_caja` decimal(10,5) DEFAULT 0.00000,
  `renta_val` decimal(10,5) DEFAULT 0.00000,
  `renta_bruta` decimal(10,5) DEFAULT 0.00000,
  `egresos` decimal(15,4) DEFAULT 0.0000,
  `egresos_acumulados` decimal(15,4) DEFAULT 0.0000,
  `pyg_neto` decimal(15,4) DEFAULT 0.0000,
  `renta_neta` decimal(10,5) DEFAULT 0.00000,
  `saldo_cop` decimal(15,4) DEFAULT 0.0000,
  `pyg_traslado_diario` decimal(15,4) DEFAULT 0.0000,
  `pyg_traslado_acumulado` decimal(15,4) DEFAULT 0.0000,
  `pyg_bruto_con_traslado` decimal(15,4) DEFAULT 0.0000,
  `pyg_neto_con_traslado` decimal(15,4) DEFAULT 0.0000,
  `fc_diario` decimal(15,4) DEFAULT 0.0000,
  `fc_acumulado` decimal(15,4) DEFAULT 0.0000,
  `valor_port` decimal(15,4) DEFAULT 0.0000,
  `pyg_caja_d` decimal(15,4) DEFAULT 0.0000,
  `valor_traslados` decimal(15,4) DEFAULT 0.0000,
  `sucursal` bigint(20) NOT NULL,
  `traslados_acumulados` decimal(15,4) DEFAULT 0.0000,
  `nominal_traslados_salientes` decimal(15,4) DEFAULT 0.0000,
  `valor_giro_traslado_salientes` decimal(15,4) DEFAULT 0.0000,
  `precio_traslado_salientes` decimal(15,4) DEFAULT 0.0000,
  `egresos_moneda` decimal(15,4) DEFAULT 0.0000,
  `valor_giro_traslado_entrantes` decimal(15,4) DEFAULT 0.0000,
  `saldo_precierre` decimal(15,4) DEFAULT 0.0000 COMMENT 'saldo sin tener en cuenta los traslados',
  `valor_giro_precierre` decimal(15,4) DEFAULT 0.0000,
  `precio_valoracion_anterior` decimal(8,4) DEFAULT 0.0000,
  `valoracion_precierre_anterior` decimal(15,4) DEFAULT 0.0000,
  `pyg_val_precierre_mensual` decimal(15,4) DEFAULT 0.0000,
  `pyg_val_precierre_diaria` decimal(15,4) DEFAULT 0.0000,
  `pyg_traslado_entrante` decimal(15,4) DEFAULT 0.0000,
  `pyg_traslado_saliente` decimal(15,4) DEFAULT 0.0000,
  `valoracion_precierre_actual` decimal(15,4) DEFAULT 0.0000,
  `pyg_val_cierre_diaria` decimal(15,4) DEFAULT 0.0000,
  `pyg_val_cierre_mensual` decimal(15,4) DEFAULT 0.0000,
  `diferencia_egresos_ingresos` decimal(15,4) DEFAULT 0.0000,
  `ingresos` decimal(15,4) DEFAULT 0.0000,
  `pyg_val_cierre_acumulada` decimal(15,4) DEFAULT 0.0000,
  `pyg_val_precierre_acumulada` decimal(15,4) DEFAULT 0.0000,
  PRIMARY KEY (`id`),
  KEY `fk_moneda_caja_moneda_idx` (`moneda`) USING BTREE,
  KEY `cierre_sucursal_FK` (`sucursal`),
  CONSTRAINT `cierre_sucursal_FK` FOREIGN KEY (`sucursal`) REFERENCES `sucursal` (`id`) ON UPDATE CASCADE,
  CONSTRAINT `fk_moneda_cierre` FOREIGN KEY (`moneda`) REFERENCES `fx` (`id`) ON UPDATE CASCADE
) ENGINE=InnoDB AUTO_INCREMENT=482 DEFAULT CHARSET=utf8;
/*!40101 SET character_set_client = @saved_cs_client */;

--
-- Dumping data for table `cierre`
--

LOCK TABLES `cierre` WRITE;
/*!40000 ALTER TABLE `cierre` DISABLE KEYS */;
/*!40000 ALTER TABLE `cierre` ENABLE KEYS */;
UNLOCK TABLES;

--
-- Table structure for table `cierre_consolidado`
--

DROP TABLE IF EXISTS `cierre_consolidado`;
/*!40101 SET @saved_cs_client     = @@character_set_client */;
/*!40101 SET character_set_client = utf8 */;
CREATE TABLE `cierre_consolidado` (
  `id` bigint(20) NOT NULL AUTO_INCREMENT,
  `moneda` bigint(20) NOT NULL,
  `fecha` date NOT NULL,
  `saldo_inicial` decimal(15,4) DEFAULT 0.0000,
  `precio_promedio_inicial` decimal(15,4) DEFAULT 0.0000,
  `valor_compra_inicial` decimal(15,4) DEFAULT 0.0000,
  `nominal_compra` decimal(15,4) DEFAULT 0.0000,
  `precio_compra` decimal(15,4) DEFAULT 0.0000,
  `valor_compra` decimal(15,4) DEFAULT 0.0000,
  `nominal_venta` decimal(15,4) DEFAULT 0.0000,
  `precio_venta` decimal(15,4) DEFAULT 0.0000,
  `valor_venta` decimal(15,4) DEFAULT 0.0000,
  `nominal_traslados_entrantes` decimal(15,4) DEFAULT 0.0000,
  `precio_traslado_entrantes` decimal(15,4) DEFAULT 0.0000,
  `saldo_final` decimal(15,4) DEFAULT 0.0000,
  `precio_promedio_final` decimal(15,4) DEFAULT 0.0000,
  `valor_compra_final` decimal(15,4) DEFAULT 0.0000,
  `margen` decimal(15,4) DEFAULT 0.0000,
  `utilidad_diaria` decimal(15,4) DEFAULT 0.0000,
  `pyg_caja` decimal(15,4) DEFAULT 0.0000,
  `precio_valoracion` decimal(15,4) DEFAULT 0.0000,
  `margen_prec_valora_y_prec_prom` decimal(15,4) DEFAULT 0.0000,
  `valoracion` decimal(15,4) DEFAULT 0.0000,
  `pyg_valoracion` decimal(15,4) DEFAULT 0.0000,
  `pyg_valoracion_d` decimal(15,4) DEFAULT 0.0000,
  `pyg_bruto` decimal(15,4) DEFAULT 0.0000,
  `renta_caja` decimal(10,5) DEFAULT 0.00000,
  `renta_val` decimal(10,5) DEFAULT 0.00000,
  `renta_bruta` decimal(10,5) DEFAULT 0.00000,
  `egresos` decimal(15,4) DEFAULT 0.0000,
  `egresos_acumulados` decimal(15,4) DEFAULT 0.0000,
  `pyg_neto` decimal(15,4) DEFAULT 0.0000,
  `renta_neta` decimal(10,5) DEFAULT 0.00000,
  `saldo_cop` decimal(15,4) DEFAULT 0.0000,
  `pyg_traslado_diario` decimal(15,4) DEFAULT 0.0000,
  `pyg_traslado_acumulado` decimal(15,4) DEFAULT 0.0000,
  `pyg_bruto_con_traslado` decimal(15,4) DEFAULT 0.0000,
  `pyg_neto_con_traslado` decimal(15,4) DEFAULT 0.0000,
  `fc_diario` decimal(15,4) DEFAULT 0.0000,
  `fc_acumulado` decimal(15,4) DEFAULT 0.0000,
  `valor_port` decimal(15,4) DEFAULT 0.0000,
  `pyg_caja_d` decimal(15,4) DEFAULT 0.0000,
  `valor_traslados` decimal(15,4) DEFAULT 0.0000,
  `traslados_acumulados` decimal(15,4) DEFAULT 0.0000,
  `nominal_traslados_salientes` decimal(15,4) DEFAULT 0.0000,
  `valor_giro_traslado_salientes` decimal(15,4) DEFAULT 0.0000,
  `precio_traslado_salientes` decimal(15,4) DEFAULT 0.0000,
  `egresos_moneda` decimal(15,4) DEFAULT 0.0000,
  `valor_giro_traslado_entrantes` decimal(15,4) DEFAULT 0.0000,
  `saldo_precierre` decimal(15,4) DEFAULT 0.0000,
  `valor_giro_precierre` decimal(15,4) DEFAULT 0.0000,
  `precio_valoracion_anterior` decimal(15,4) DEFAULT 0.0000,
  `valoracion_precierre_anterior` decimal(15,4) DEFAULT 0.0000,
  `pyg_val_precierre_mensual` decimal(15,4) DEFAULT 0.0000,
  `pyg_val_precierre_diaria` decimal(15,4) DEFAULT 0.0000,
  `pyg_traslado_entrante` decimal(15,4) DEFAULT 0.0000,
  `pyg_traslado_saliente` decimal(15,4) DEFAULT 0.0000,
  `valoracion_precierre_actual` decimal(15,4) DEFAULT 0.0000,
  `pyg_val_cierre_diaria` decimal(15,4) DEFAULT 0.0000,
  `pyg_val_cierre_mensual` decimal(15,4) DEFAULT 0.0000,
  `diferencia_egresos_ingresos` decimal(15,4) DEFAULT 0.0000,
  `ingresos` decimal(15,4) DEFAULT 0.0000,
  `pyg_val_cierre_acumulada` decimal(15,4) DEFAULT 0.0000,
  `pyg_val_precierre_acumulada` decimal(15,4) DEFAULT 0.0000,
  PRIMARY KEY (`id`),
  KEY `conso-fk_moneda_caja_moneda_idx` (`moneda`) USING BTREE,
  CONSTRAINT `conso-fk_moneda_cierre` FOREIGN KEY (`moneda`) REFERENCES `fx` (`id`) ON UPDATE CASCADE
) ENGINE=InnoDB AUTO_INCREMENT=302 DEFAULT CHARSET=utf8;
/*!40101 SET character_set_client = @saved_cs_client */;

--
-- Dumping data for table `cierre_consolidado`
--

LOCK TABLES `cierre_consolidado` WRITE;
/*!40000 ALTER TABLE `cierre_consolidado` DISABLE KEYS */;
/*!40000 ALTER TABLE `cierre_consolidado` ENABLE KEYS */;
UNLOCK TABLES;

--
-- Table structure for table `cierre_turno`
--

DROP TABLE IF EXISTS `cierre_turno`;
/*!40101 SET @saved_cs_client     = @@character_set_client */;
/*!40101 SET character_set_client = utf8 */;
CREATE TABLE `cierre_turno` (
  `id` bigint(20) NOT NULL AUTO_INCREMENT,
  `turno` bigint(20) NOT NULL,
  `moneda` bigint(20) NOT NULL,
  `nominal` decimal(15,2) NOT NULL,
  `precio_promedio` decimal(15,2) NOT NULL,
  PRIMARY KEY (`id`),
  KEY `fk_moneda_caja_moneda_idx` (`moneda`),
  KEY `fk_caja_saldo0_idx` (`turno`),
  CONSTRAINT `fk_caja_saldo_inicial0` FOREIGN KEY (`turno`) REFERENCES `turno` (`id`) ON UPDATE CASCADE,
  CONSTRAINT `fk_moneda_saldo_inicial0` FOREIGN KEY (`moneda`) REFERENCES `fx` (`id`) ON UPDATE CASCADE
) ENGINE=InnoDB AUTO_INCREMENT=967 DEFAULT CHARSET=utf8;
/*!40101 SET character_set_client = @saved_cs_client */;

--
-- Dumping data for table `cierre_turno`
--

LOCK TABLES `cierre_turno` WRITE;
/*!40000 ALTER TABLE `cierre_turno` DISABLE KEYS */;
INSERT INTO `cierre_turno` VALUES (823,72,1,1.00,1.00),(824,72,2,1.00,3000.00),(825,72,3,0.00,3000.00),(826,72,11,0.00,4000.00),(827,72,15,0.00,2500.00),(828,72,16,0.00,160.00),(829,72,17,0.00,750.00),(830,72,18,0.00,2300.00),(831,72,19,0.00,915.00),(832,72,20,0.00,50.00),(833,72,21,0.00,4.00),(834,72,22,0.00,3000.00),(835,72,23,0.00,25.00),(836,72,24,0.00,1.00),(837,72,25,0.00,1.00),(838,72,26,0.00,1.00),(839,73,1,59778625.00,1.00),(840,73,2,35306.00,3248.17),(841,73,3,20765.00,3561.13),(842,73,11,0.00,4078.21),(843,73,15,7590.00,2557.55),(844,73,16,300.00,178.07),(845,73,17,7.00,756.69),(846,73,18,800.00,2323.19),(847,73,19,150.00,885.88),(848,73,20,920.00,42.59),(849,73,21,43000.00,3.82),(850,73,22,700.00,3057.02),(851,73,23,0.00,25.00),(852,73,26,0.00,2.10),(853,73,25,200.00,220.00),(854,73,24,2516.00,364.64),(855,74,1,43603289.00,1.00),(856,74,2,17603.00,3255.27),(857,74,3,2000.00,3556.40),(858,74,11,20.00,4063.07),(859,74,15,195.00,2457.36),(860,74,16,250.00,157.85),(861,74,17,99.00,740.00),(862,74,18,0.00,2230.29),(863,74,19,0.00,922.36),(864,74,20,3345.00,84.09),(865,74,21,364000.00,3.90),(866,74,22,20.00,3029.10),(867,74,23,26000.00,23.85),(868,74,24,370.00,400.00),(869,74,25,0.00,220.00),(870,74,26,0.00,1.00),(871,75,1,64310302.00,1.00),(872,75,2,25628.00,3245.36),(873,75,3,4150.00,3553.50),(874,75,11,95.00,4040.61),(875,75,15,320.00,2469.86),(876,75,16,0.00,151.72),(877,75,17,2337.00,740.00),(878,75,18,2515.00,2248.07),(879,75,19,0.00,1.00),(880,75,20,0.00,1.00),(881,75,21,10000.00,3.89),(882,75,22,290.00,3028.96),(883,75,23,3000.00,23.00),(884,75,24,71.00,360.00),(885,75,25,0.00,1.00),(886,75,26,0.00,1.00),(887,76,1,28527820.00,1.00),(888,76,2,11474.00,3243.19),(889,76,3,4105.00,3557.19),(890,76,11,20.00,4026.66),(891,76,15,110.00,2468.20),(892,76,16,240.00,159.64),(893,76,17,7.00,732.70),(894,76,18,2190.00,2250.00),(895,76,19,60.00,960.00),(896,76,20,710.00,41.54),(897,76,21,525000.00,3.89),(898,76,22,420.00,3070.00),(899,76,23,0.00,1.00),(900,76,24,1.00,400.00),(901,76,25,0.00,1.00),(902,76,26,0.00,1.00),(903,77,1,49862974.00,1.00),(904,77,2,24156.00,3241.51),(905,77,3,3480.00,3565.75),(906,77,11,0.00,3980.00),(907,77,15,1570.00,2468.75),(908,77,16,490.00,164.59),(909,77,17,659.00,739.00),(910,77,18,230.00,2250.00),(911,77,19,20.00,909.58),(912,77,20,5555.00,38.94),(913,77,21,37000.00,3.90),(914,77,22,680.00,3050.00),(915,77,23,2000.00,21.00),(916,77,24,0.00,1.00),(917,77,25,0.00,1.00),(918,77,26,0.00,1.00),(919,71,1,502630908.00,1.00),(920,71,2,52733.00,3293.64),(921,71,3,25355.00,3607.11),(922,71,11,0.00,4086.15),(923,71,15,7410.00,2545.73),(924,71,16,13620.00,182.92),(925,71,17,25.00,776.68),(926,71,18,0.00,2264.17),(927,71,19,50.00,949.95),(928,71,20,525.00,72.35),(929,71,21,487000.00,4.12),(930,71,22,150.00,3079.76),(931,71,23,2000.00,24.76),(932,71,24,361.00,395.37),(933,71,26,1000.00,2.10),(934,71,25,0.00,220.00),(935,78,1,502630908.00,1.00),(936,78,2,52733.00,3293.64),(937,78,3,25355.00,3607.11),(938,78,11,0.00,4086.15),(939,78,15,7410.00,2545.73),(940,78,16,13620.00,182.92),(941,78,17,25.00,776.68),(942,78,18,0.00,2264.17),(943,78,19,50.00,949.95),(944,78,20,525.00,72.35),(945,78,21,487000.00,4.12),(946,78,22,150.00,3079.76),(947,78,23,2000.00,24.76),(948,78,24,361.00,395.37),(949,78,26,1000.00,2.10),(950,78,25,0.00,220.00),(951,79,1,502630908.00,1.00),(952,79,2,52733.00,3293.64),(953,79,3,25355.00,3607.11),(954,79,11,0.00,4086.15),(955,79,15,7410.00,2545.73),(956,79,16,13620.00,182.92),(957,79,17,25.00,776.68),(958,79,18,0.00,2264.17),(959,79,19,50.00,949.95),(960,79,20,525.00,72.35),(961,79,21,487000.00,4.12),(962,79,22,150.00,3079.76),(963,79,23,2000.00,24.76),(964,79,24,361.00,395.37),(965,79,26,1000.00,2.10),(966,79,25,0.00,220.00);
/*!40000 ALTER TABLE `cierre_turno` ENABLE KEYS */;
UNLOCK TABLES;

--
-- Table structure for table `denominacion`
--

DROP TABLE IF EXISTS `denominacion`;
/*!40101 SET @saved_cs_client     = @@character_set_client */;
/*!40101 SET character_set_client = utf8 */;
CREATE TABLE `denominacion` (
  `id` bigint(20) NOT NULL AUTO_INCREMENT,
  `valor` decimal(15,2) NOT NULL,
  `moneda` bigint(20) NOT NULL,
  PRIMARY KEY (`id`),
  KEY `fk_fx_denominaciones_idx` (`moneda`),
  CONSTRAINT `fk_fx_denominaciones` FOREIGN KEY (`moneda`) REFERENCES `fx` (`id`) ON UPDATE CASCADE
) ENGINE=InnoDB AUTO_INCREMENT=267 DEFAULT CHARSET=utf8;
/*!40101 SET character_set_client = @saved_cs_client */;

--
-- Dumping data for table `denominacion`
--

LOCK TABLES `denominacion` WRITE;
/*!40000 ALTER TABLE `denominacion` DISABLE KEYS */;
INSERT INTO `denominacion` VALUES (113,1.00,1),(114,1000.00,1),(115,2000.00,1),(116,5000.00,1),(117,10000.00,1),(118,20000.00,1),(119,50000.00,1),(120,100000.00,1),(121,1.00,2),(122,2.00,2),(123,5.00,2),(124,10.00,2),(125,20.00,2),(126,50.00,2),(127,100.00,2),(128,5.00,3),(129,10.00,3),(130,20.00,3),(131,50.00,3),(132,100.00,3),(133,200.00,3),(134,500.00,3),(180,50.00,11),(181,20.00,11),(182,10.00,11),(183,5.00,11),(199,100.00,15),(200,50.00,15),(201,20.00,15),(202,10.00,15),(203,5.00,15),(204,1000.00,16),(205,500.00,16),(206,200.00,16),(207,100.00,16),(208,50.00,16),(209,20.00,16),(210,100.00,17),(211,50.00,17),(212,20.00,17),(213,10.00,17),(214,5.00,17),(215,2.00,17),(216,100.00,18),(217,50.00,18),(218,20.00,18),(219,10.00,18),(220,5.00,18),(221,200.00,19),(222,100.00,19),(223,50.00,19),(224,20.00,19),(225,10.00,19),(226,1000.00,20),(227,500.00,20),(228,200.00,20),(229,100.00,20),(230,50.00,20),(231,20.00,20),(232,10.00,20),(233,5.00,20),(234,20000.00,21),(235,10000.00,21),(236,5000.00,21),(237,2000.00,21),(238,1000.00,21),(239,1000.00,22),(240,200.00,22),(241,100.00,22),(242,50.00,22),(243,20.00,22),(244,10.00,22),(245,10000.00,23),(246,5000.00,23),(247,2000.00,23),(248,1000.00,23),(249,100.00,24),(250,50.00,24),(251,20.00,24),(252,10.00,24),(253,5.00,24),(254,2.00,24),(255,1.00,24),(256,1000.00,25),(257,500.00,25),(258,100.00,25),(259,50.00,25),(260,20.00,25),(261,10.00,25),(262,50000.00,26),(263,10000.00,26),(264,5000.00,26),(265,2000.00,26),(266,1000.00,26);
/*!40000 ALTER TABLE `denominacion` ENABLE KEYS */;
UNLOCK TABLES;

--
-- Table structure for table `denominacion_cantidad`
--

DROP TABLE IF EXISTS `denominacion_cantidad`;
/*!40101 SET @saved_cs_client     = @@character_set_client */;
/*!40101 SET character_set_client = utf8 */;
CREATE TABLE `denominacion_cantidad` (
  `id` bigint(20) NOT NULL AUTO_INCREMENT,
  `denominacion` bigint(20) NOT NULL,
  `operacion` bigint(20) DEFAULT NULL,
  `cantidad` int(11) NOT NULL,
  `flujo_extraordinario` bigint(20) DEFAULT NULL,
  `traslado` bigint(20) DEFAULT NULL,
  `tipo` varchar(30) NOT NULL,
  `saldo` bigint(20) DEFAULT NULL,
  `fondeo` bigint(20) DEFAULT NULL,
  PRIMARY KEY (`id`),
  KEY `fk_denominacion_flujos_idx` (`denominacion`),
  KEY `fk_operacion_flujos_idx` (`operacion`),
  KEY `denominacion_cantidad_flujo_extraordinario_FK` (`flujo_extraordinario`),
  KEY `denominacion_cantidad_traslado_FK` (`traslado`),
  KEY `denominacion_cantidad_saldo_FK` (`saldo`),
  KEY `denominacion_cantidad_fondeo_FK` (`fondeo`),
  CONSTRAINT `denominacion_cantidad_flujo_extraordinario_FK` FOREIGN KEY (`flujo_extraordinario`) REFERENCES `flujo_extraordinario` (`id`) ON UPDATE CASCADE,
  CONSTRAINT `denominacion_cantidad_fondeo_FK` FOREIGN KEY (`fondeo`) REFERENCES `fondeo` (`id`) ON UPDATE CASCADE,
  CONSTRAINT `denominacion_cantidad_saldo_FK` FOREIGN KEY (`saldo`) REFERENCES `saldo` (`id`) ON UPDATE CASCADE,
  CONSTRAINT `denominacion_cantidad_traslado_FK` FOREIGN KEY (`traslado`) REFERENCES `traslado` (`id`) ON UPDATE CASCADE,
  CONSTRAINT `fk_denominacion_flujos` FOREIGN KEY (`denominacion`) REFERENCES `denominacion` (`id`) ON UPDATE CASCADE,
  CONSTRAINT `fk_operacion_flujos` FOREIGN KEY (`operacion`) REFERENCES `operacion` (`id`) ON UPDATE CASCADE
) ENGINE=InnoDB AUTO_INCREMENT=14971 DEFAULT CHARSET=utf8;
/*!40101 SET character_set_client = @saved_cs_client */;

--
-- Dumping data for table `denominacion_cantidad`
--

LOCK TABLES `denominacion_cantidad` WRITE;
/*!40000 ALTER TABLE `denominacion_cantidad` DISABLE KEYS */;
INSERT INTO `denominacion_cantidad` VALUES (13105,120,NULL,0,NULL,NULL,'ENTRADA',1880,NULL),(13106,119,NULL,0,NULL,NULL,'ENTRADA',1880,NULL),(13107,118,NULL,0,NULL,NULL,'ENTRADA',1880,NULL),(13108,117,NULL,0,NULL,NULL,'ENTRADA',1880,NULL),(13109,116,NULL,0,NULL,NULL,'ENTRADA',1880,NULL),(13110,115,NULL,0,NULL,NULL,'ENTRADA',1880,NULL),(13111,114,NULL,59769,NULL,NULL,'ENTRADA',1880,NULL),(13112,113,NULL,9625,NULL,NULL,'ENTRADA',1880,NULL),(13113,127,NULL,0,NULL,NULL,'ENTRADA',1881,NULL),(13114,126,NULL,0,NULL,NULL,'ENTRADA',1881,NULL),(13115,125,NULL,0,NULL,NULL,'ENTRADA',1881,NULL),(13116,124,NULL,0,NULL,NULL,'ENTRADA',1881,NULL),(13117,123,NULL,0,NULL,NULL,'ENTRADA',1881,NULL),(13118,122,NULL,0,NULL,NULL,'ENTRADA',1881,NULL),(13119,121,NULL,35306,NULL,NULL,'ENTRADA',1881,NULL),(13120,134,NULL,0,NULL,NULL,'ENTRADA',1882,NULL),(13121,133,NULL,0,NULL,NULL,'ENTRADA',1882,NULL),(13122,132,NULL,0,NULL,NULL,'ENTRADA',1882,NULL),(13123,131,NULL,0,NULL,NULL,'ENTRADA',1882,NULL),(13124,130,NULL,0,NULL,NULL,'ENTRADA',1882,NULL),(13125,129,NULL,0,NULL,NULL,'ENTRADA',1882,NULL),(13126,128,NULL,4153,NULL,NULL,'ENTRADA',1882,NULL),(13127,180,NULL,0,NULL,NULL,'ENTRADA',1883,NULL),(13128,181,NULL,0,NULL,NULL,'ENTRADA',1883,NULL),(13129,182,NULL,0,NULL,NULL,'ENTRADA',1883,NULL),(13130,183,NULL,0,NULL,NULL,'ENTRADA',1883,NULL),(13131,199,NULL,0,NULL,NULL,'ENTRADA',1884,NULL),(13132,200,NULL,0,NULL,NULL,'ENTRADA',1884,NULL),(13133,201,NULL,0,NULL,NULL,'ENTRADA',1884,NULL),(13134,202,NULL,0,NULL,NULL,'ENTRADA',1884,NULL),(13135,203,NULL,1518,NULL,NULL,'ENTRADA',1884,NULL),(13136,204,NULL,0,NULL,NULL,'ENTRADA',1885,NULL),(13137,205,NULL,0,NULL,NULL,'ENTRADA',1885,NULL),(13138,206,NULL,0,NULL,NULL,'ENTRADA',1885,NULL),(13139,207,NULL,0,NULL,NULL,'ENTRADA',1885,NULL),(13140,208,NULL,0,NULL,NULL,'ENTRADA',1885,NULL),(13141,209,NULL,15,NULL,NULL,'ENTRADA',1885,NULL),(13142,210,NULL,0,NULL,NULL,'ENTRADA',1886,NULL),(13143,211,NULL,0,NULL,NULL,'ENTRADA',1886,NULL),(13144,212,NULL,0,NULL,NULL,'ENTRADA',1886,NULL),(13145,213,NULL,0,NULL,NULL,'ENTRADA',1886,NULL),(13146,214,NULL,1,NULL,NULL,'ENTRADA',1886,NULL),(13147,215,NULL,1,NULL,NULL,'ENTRADA',1886,NULL),(13148,216,NULL,0,NULL,NULL,'ENTRADA',1887,NULL),(13149,217,NULL,0,NULL,NULL,'ENTRADA',1887,NULL),(13150,218,NULL,0,NULL,NULL,'ENTRADA',1887,NULL),(13151,219,NULL,0,NULL,NULL,'ENTRADA',1887,NULL),(13152,220,NULL,160,NULL,NULL,'ENTRADA',1887,NULL),(13153,221,NULL,0,NULL,NULL,'ENTRADA',1888,NULL),(13154,222,NULL,0,NULL,NULL,'ENTRADA',1888,NULL),(13155,223,NULL,0,NULL,NULL,'ENTRADA',1888,NULL),(13156,224,NULL,0,NULL,NULL,'ENTRADA',1888,NULL),(13157,225,NULL,15,NULL,NULL,'ENTRADA',1888,NULL),(13158,226,NULL,0,NULL,NULL,'ENTRADA',1889,NULL),(13159,227,NULL,0,NULL,NULL,'ENTRADA',1889,NULL),(13160,228,NULL,0,NULL,NULL,'ENTRADA',1889,NULL),(13161,229,NULL,0,NULL,NULL,'ENTRADA',1889,NULL),(13162,230,NULL,0,NULL,NULL,'ENTRADA',1889,NULL),(13163,231,NULL,0,NULL,NULL,'ENTRADA',1889,NULL),(13164,232,NULL,0,NULL,NULL,'ENTRADA',1889,NULL),(13165,233,NULL,184,NULL,NULL,'ENTRADA',1889,NULL),(13166,234,NULL,0,NULL,NULL,'ENTRADA',1890,NULL),(13167,235,NULL,0,NULL,NULL,'ENTRADA',1890,NULL),(13168,236,NULL,0,NULL,NULL,'ENTRADA',1890,NULL),(13169,237,NULL,0,NULL,NULL,'ENTRADA',1890,NULL),(13170,238,NULL,43,NULL,NULL,'ENTRADA',1890,NULL),(13171,239,NULL,0,NULL,NULL,'ENTRADA',1891,NULL),(13172,240,NULL,0,NULL,NULL,'ENTRADA',1891,NULL),(13173,241,NULL,0,NULL,NULL,'ENTRADA',1891,NULL),(13174,242,NULL,0,NULL,NULL,'ENTRADA',1891,NULL),(13175,243,NULL,0,NULL,NULL,'ENTRADA',1891,NULL),(13176,244,NULL,70,NULL,NULL,'ENTRADA',1891,NULL),(13177,245,NULL,0,NULL,NULL,'ENTRADA',1892,NULL),(13178,246,NULL,0,NULL,NULL,'ENTRADA',1892,NULL),(13179,247,NULL,0,NULL,NULL,'ENTRADA',1892,NULL),(13180,248,NULL,0,NULL,NULL,'ENTRADA',1892,NULL),(13181,262,NULL,0,NULL,NULL,'ENTRADA',1893,NULL),(13182,263,NULL,0,NULL,NULL,'ENTRADA',1893,NULL),(13183,264,NULL,0,NULL,NULL,'ENTRADA',1893,NULL),(13184,265,NULL,0,NULL,NULL,'ENTRADA',1893,NULL),(13185,266,NULL,0,NULL,NULL,'ENTRADA',1893,NULL),(13186,256,NULL,0,NULL,NULL,'ENTRADA',1894,NULL),(13187,257,NULL,0,NULL,NULL,'ENTRADA',1894,NULL),(13188,258,NULL,0,NULL,NULL,'ENTRADA',1894,NULL),(13189,259,NULL,0,NULL,NULL,'ENTRADA',1894,NULL),(13190,260,NULL,0,NULL,NULL,'ENTRADA',1894,NULL),(13191,261,NULL,20,NULL,NULL,'ENTRADA',1894,NULL),(13192,249,NULL,0,NULL,NULL,'ENTRADA',1895,NULL),(13193,250,NULL,0,NULL,NULL,'ENTRADA',1895,NULL),(13194,251,NULL,0,NULL,NULL,'ENTRADA',1895,NULL),(13195,252,NULL,0,NULL,NULL,'ENTRADA',1895,NULL),(13196,253,NULL,0,NULL,NULL,'ENTRADA',1895,NULL),(13197,254,NULL,0,NULL,NULL,'ENTRADA',1895,NULL),(13198,255,NULL,2516,NULL,NULL,'ENTRADA',1895,NULL),(13199,120,NULL,0,NULL,NULL,'ENTRADA',1896,NULL),(13200,119,NULL,0,NULL,NULL,'ENTRADA',1896,NULL),(13201,118,NULL,0,NULL,NULL,'ENTRADA',1896,NULL),(13202,117,NULL,0,NULL,NULL,'ENTRADA',1896,NULL),(13203,116,NULL,0,NULL,NULL,'ENTRADA',1896,NULL),(13204,115,NULL,0,NULL,NULL,'ENTRADA',1896,NULL),(13205,114,NULL,43593,NULL,NULL,'ENTRADA',1896,NULL),(13206,113,NULL,10289,NULL,NULL,'ENTRADA',1896,NULL),(13207,127,NULL,0,NULL,NULL,'ENTRADA',1897,NULL),(13208,126,NULL,0,NULL,NULL,'ENTRADA',1897,NULL),(13209,125,NULL,0,NULL,NULL,'ENTRADA',1897,NULL),(13210,124,NULL,0,NULL,NULL,'ENTRADA',1897,NULL),(13211,123,NULL,0,NULL,NULL,'ENTRADA',1897,NULL),(13212,122,NULL,0,NULL,NULL,'ENTRADA',1897,NULL),(13213,121,NULL,17603,NULL,NULL,'ENTRADA',1897,NULL),(13214,134,NULL,0,NULL,NULL,'ENTRADA',1898,NULL),(13215,133,NULL,0,NULL,NULL,'ENTRADA',1898,NULL),(13216,132,NULL,0,NULL,NULL,'ENTRADA',1898,NULL),(13217,131,NULL,0,NULL,NULL,'ENTRADA',1898,NULL),(13218,130,NULL,0,NULL,NULL,'ENTRADA',1898,NULL),(13219,129,NULL,0,NULL,NULL,'ENTRADA',1898,NULL),(13220,128,NULL,400,NULL,NULL,'ENTRADA',1898,NULL),(13221,180,NULL,0,NULL,NULL,'ENTRADA',1899,NULL),(13222,181,NULL,0,NULL,NULL,'ENTRADA',1899,NULL),(13223,182,NULL,0,NULL,NULL,'ENTRADA',1899,NULL),(13224,183,NULL,4,NULL,NULL,'ENTRADA',1899,NULL),(13225,199,NULL,0,NULL,NULL,'ENTRADA',1900,NULL),(13226,200,NULL,0,NULL,NULL,'ENTRADA',1900,NULL),(13227,201,NULL,0,NULL,NULL,'ENTRADA',1900,NULL),(13228,202,NULL,0,NULL,NULL,'ENTRADA',1900,NULL),(13229,203,NULL,39,NULL,NULL,'ENTRADA',1900,NULL),(13230,204,NULL,0,NULL,NULL,'ENTRADA',1901,NULL),(13231,205,NULL,0,NULL,NULL,'ENTRADA',1901,NULL),(13232,206,NULL,0,NULL,NULL,'ENTRADA',1901,NULL),(13233,207,NULL,0,NULL,NULL,'ENTRADA',1901,NULL),(13234,208,NULL,1,NULL,NULL,'ENTRADA',1901,NULL),(13235,209,NULL,10,NULL,NULL,'ENTRADA',1901,NULL),(13236,210,NULL,0,NULL,NULL,'ENTRADA',1902,NULL),(13237,211,NULL,0,NULL,NULL,'ENTRADA',1902,NULL),(13238,212,NULL,0,NULL,NULL,'ENTRADA',1902,NULL),(13239,213,NULL,0,NULL,NULL,'ENTRADA',1902,NULL),(13240,214,NULL,1,NULL,NULL,'ENTRADA',1902,NULL),(13241,215,NULL,47,NULL,NULL,'ENTRADA',1902,NULL),(13242,216,NULL,0,NULL,NULL,'ENTRADA',1903,NULL),(13243,217,NULL,0,NULL,NULL,'ENTRADA',1903,NULL),(13244,218,NULL,0,NULL,NULL,'ENTRADA',1903,NULL),(13245,219,NULL,0,NULL,NULL,'ENTRADA',1903,NULL),(13246,220,NULL,0,NULL,NULL,'ENTRADA',1903,NULL),(13247,221,NULL,0,NULL,NULL,'ENTRADA',1904,NULL),(13248,222,NULL,0,NULL,NULL,'ENTRADA',1904,NULL),(13249,223,NULL,0,NULL,NULL,'ENTRADA',1904,NULL),(13250,224,NULL,0,NULL,NULL,'ENTRADA',1904,NULL),(13251,225,NULL,0,NULL,NULL,'ENTRADA',1904,NULL),(13252,226,NULL,0,NULL,NULL,'ENTRADA',1905,NULL),(13253,227,NULL,0,NULL,NULL,'ENTRADA',1905,NULL),(13254,228,NULL,0,NULL,NULL,'ENTRADA',1905,NULL),(13255,229,NULL,0,NULL,NULL,'ENTRADA',1905,NULL),(13256,230,NULL,0,NULL,NULL,'ENTRADA',1905,NULL),(13257,231,NULL,0,NULL,NULL,'ENTRADA',1905,NULL),(13258,232,NULL,0,NULL,NULL,'ENTRADA',1905,NULL),(13259,233,NULL,669,NULL,NULL,'ENTRADA',1905,NULL),(13260,234,NULL,0,NULL,NULL,'ENTRADA',1906,NULL),(13261,235,NULL,0,NULL,NULL,'ENTRADA',1906,NULL),(13262,236,NULL,0,NULL,NULL,'ENTRADA',1906,NULL),(13263,237,NULL,0,NULL,NULL,'ENTRADA',1906,NULL),(13264,238,NULL,364,NULL,NULL,'ENTRADA',1906,NULL),(13265,239,NULL,0,NULL,NULL,'ENTRADA',1907,NULL),(13266,240,NULL,0,NULL,NULL,'ENTRADA',1907,NULL),(13267,241,NULL,0,NULL,NULL,'ENTRADA',1907,NULL),(13268,242,NULL,0,NULL,NULL,'ENTRADA',1907,NULL),(13269,243,NULL,0,NULL,NULL,'ENTRADA',1907,NULL),(13270,244,NULL,2,NULL,NULL,'ENTRADA',1907,NULL),(13271,245,NULL,0,NULL,NULL,'ENTRADA',1908,NULL),(13272,246,NULL,0,NULL,NULL,'ENTRADA',1908,NULL),(13273,247,NULL,0,NULL,NULL,'ENTRADA',1908,NULL),(13274,248,NULL,26,NULL,NULL,'ENTRADA',1908,NULL),(13275,249,NULL,0,NULL,NULL,'ENTRADA',1909,NULL),(13276,250,NULL,0,NULL,NULL,'ENTRADA',1909,NULL),(13277,251,NULL,0,NULL,NULL,'ENTRADA',1909,NULL),(13278,252,NULL,0,NULL,NULL,'ENTRADA',1909,NULL),(13279,253,NULL,0,NULL,NULL,'ENTRADA',1909,NULL),(13280,254,NULL,0,NULL,NULL,'ENTRADA',1909,NULL),(13281,255,NULL,370,NULL,NULL,'ENTRADA',1909,NULL),(13282,256,NULL,0,NULL,NULL,'ENTRADA',1910,NULL),(13283,257,NULL,0,NULL,NULL,'ENTRADA',1910,NULL),(13284,258,NULL,0,NULL,NULL,'ENTRADA',1910,NULL),(13285,259,NULL,0,NULL,NULL,'ENTRADA',1910,NULL),(13286,260,NULL,0,NULL,NULL,'ENTRADA',1910,NULL),(13287,261,NULL,0,NULL,NULL,'ENTRADA',1910,NULL),(13288,262,NULL,0,NULL,NULL,'ENTRADA',1911,NULL),(13289,263,NULL,0,NULL,NULL,'ENTRADA',1911,NULL),(13290,264,NULL,0,NULL,NULL,'ENTRADA',1911,NULL),(13291,265,NULL,0,NULL,NULL,'ENTRADA',1911,NULL),(13292,266,NULL,0,NULL,NULL,'ENTRADA',1911,NULL),(13293,120,NULL,0,NULL,NULL,'ENTRADA',1912,NULL),(13294,119,NULL,0,NULL,NULL,'ENTRADA',1912,NULL),(13295,118,NULL,0,NULL,NULL,'ENTRADA',1912,NULL),(13296,117,NULL,0,NULL,NULL,'ENTRADA',1912,NULL),(13297,116,NULL,0,NULL,NULL,'ENTRADA',1912,NULL),(13298,115,NULL,0,NULL,NULL,'ENTRADA',1912,NULL),(13299,114,NULL,64313,NULL,NULL,'ENTRADA',1912,NULL),(13300,113,NULL,7302,NULL,NULL,'ENTRADA',1912,NULL),(13301,127,NULL,0,NULL,NULL,'ENTRADA',1913,NULL),(13302,126,NULL,0,NULL,NULL,'ENTRADA',1913,NULL),(13303,125,NULL,0,NULL,NULL,'ENTRADA',1913,NULL),(13304,124,NULL,0,NULL,NULL,'ENTRADA',1913,NULL),(13305,123,NULL,0,NULL,NULL,'ENTRADA',1913,NULL),(13306,122,NULL,0,NULL,NULL,'ENTRADA',1913,NULL),(13307,121,NULL,25628,NULL,NULL,'ENTRADA',1913,NULL),(13308,134,NULL,0,NULL,NULL,'ENTRADA',1914,NULL),(13309,133,NULL,0,NULL,NULL,'ENTRADA',1914,NULL),(13310,132,NULL,0,NULL,NULL,'ENTRADA',1914,NULL),(13311,131,NULL,0,NULL,NULL,'ENTRADA',1914,NULL),(13312,130,NULL,0,NULL,NULL,'ENTRADA',1914,NULL),(13313,129,NULL,0,NULL,NULL,'ENTRADA',1914,NULL),(13314,128,NULL,830,NULL,NULL,'ENTRADA',1914,NULL),(13315,180,NULL,0,NULL,NULL,'ENTRADA',1915,NULL),(13316,181,NULL,0,NULL,NULL,'ENTRADA',1915,NULL),(13317,182,NULL,0,NULL,NULL,'ENTRADA',1915,NULL),(13318,183,NULL,19,NULL,NULL,'ENTRADA',1915,NULL),(13319,199,NULL,0,NULL,NULL,'ENTRADA',1916,NULL),(13320,200,NULL,0,NULL,NULL,'ENTRADA',1916,NULL),(13321,201,NULL,0,NULL,NULL,'ENTRADA',1916,NULL),(13322,202,NULL,0,NULL,NULL,'ENTRADA',1916,NULL),(13323,203,NULL,64,NULL,NULL,'ENTRADA',1916,NULL),(13324,204,NULL,0,NULL,NULL,'ENTRADA',1917,NULL),(13325,205,NULL,0,NULL,NULL,'ENTRADA',1917,NULL),(13326,206,NULL,0,NULL,NULL,'ENTRADA',1917,NULL),(13327,207,NULL,0,NULL,NULL,'ENTRADA',1917,NULL),(13328,208,NULL,0,NULL,NULL,'ENTRADA',1917,NULL),(13329,209,NULL,0,NULL,NULL,'ENTRADA',1917,NULL),(13330,210,NULL,0,NULL,NULL,'ENTRADA',1918,NULL),(13331,211,NULL,0,NULL,NULL,'ENTRADA',1918,NULL),(13332,212,NULL,0,NULL,NULL,'ENTRADA',1918,NULL),(13333,213,NULL,0,NULL,NULL,'ENTRADA',1918,NULL),(13334,214,NULL,3,NULL,NULL,'ENTRADA',1918,NULL),(13335,215,NULL,1161,NULL,NULL,'ENTRADA',1918,NULL),(13336,216,NULL,0,NULL,NULL,'ENTRADA',1919,NULL),(13337,217,NULL,0,NULL,NULL,'ENTRADA',1919,NULL),(13338,218,NULL,0,NULL,NULL,'ENTRADA',1919,NULL),(13339,219,NULL,0,NULL,NULL,'ENTRADA',1919,NULL),(13340,220,NULL,503,NULL,NULL,'ENTRADA',1919,NULL),(13341,221,NULL,0,NULL,NULL,'ENTRADA',1920,NULL),(13342,222,NULL,0,NULL,NULL,'ENTRADA',1920,NULL),(13343,223,NULL,0,NULL,NULL,'ENTRADA',1920,NULL),(13344,224,NULL,0,NULL,NULL,'ENTRADA',1920,NULL),(13345,225,NULL,0,NULL,NULL,'ENTRADA',1920,NULL),(13346,226,NULL,0,NULL,NULL,'ENTRADA',1921,NULL),(13347,227,NULL,0,NULL,NULL,'ENTRADA',1921,NULL),(13348,228,NULL,0,NULL,NULL,'ENTRADA',1921,NULL),(13349,229,NULL,0,NULL,NULL,'ENTRADA',1921,NULL),(13350,230,NULL,0,NULL,NULL,'ENTRADA',1921,NULL),(13351,231,NULL,0,NULL,NULL,'ENTRADA',1921,NULL),(13352,232,NULL,0,NULL,NULL,'ENTRADA',1921,NULL),(13353,233,NULL,0,NULL,NULL,'ENTRADA',1921,NULL),(13354,234,NULL,0,NULL,NULL,'ENTRADA',1922,NULL),(13355,235,NULL,0,NULL,NULL,'ENTRADA',1922,NULL),(13356,236,NULL,0,NULL,NULL,'ENTRADA',1922,NULL),(13357,237,NULL,0,NULL,NULL,'ENTRADA',1922,NULL),(13358,238,NULL,-29,NULL,NULL,'ENTRADA',1922,NULL),(13359,239,NULL,0,NULL,NULL,'ENTRADA',1923,NULL),(13360,240,NULL,0,NULL,NULL,'ENTRADA',1923,NULL),(13361,241,NULL,0,NULL,NULL,'ENTRADA',1923,NULL),(13362,242,NULL,0,NULL,NULL,'ENTRADA',1923,NULL),(13363,243,NULL,0,NULL,NULL,'ENTRADA',1923,NULL),(13364,244,NULL,29,NULL,NULL,'ENTRADA',1923,NULL),(13365,245,NULL,0,NULL,NULL,'ENTRADA',1924,NULL),(13366,246,NULL,0,NULL,NULL,'ENTRADA',1924,NULL),(13367,247,NULL,0,NULL,NULL,'ENTRADA',1924,NULL),(13368,248,NULL,3,NULL,NULL,'ENTRADA',1924,NULL),(13369,249,NULL,0,NULL,NULL,'ENTRADA',1925,NULL),(13370,250,NULL,0,NULL,NULL,'ENTRADA',1925,NULL),(13371,251,NULL,0,NULL,NULL,'ENTRADA',1925,NULL),(13372,252,NULL,0,NULL,NULL,'ENTRADA',1925,NULL),(13373,253,NULL,0,NULL,NULL,'ENTRADA',1925,NULL),(13374,254,NULL,0,NULL,NULL,'ENTRADA',1925,NULL),(13375,255,NULL,71,NULL,NULL,'ENTRADA',1925,NULL),(13376,256,NULL,0,NULL,NULL,'ENTRADA',1926,NULL),(13377,257,NULL,0,NULL,NULL,'ENTRADA',1926,NULL),(13378,258,NULL,0,NULL,NULL,'ENTRADA',1926,NULL),(13379,259,NULL,0,NULL,NULL,'ENTRADA',1926,NULL),(13380,260,NULL,0,NULL,NULL,'ENTRADA',1926,NULL),(13381,261,NULL,0,NULL,NULL,'ENTRADA',1926,NULL),(13382,262,NULL,0,NULL,NULL,'ENTRADA',1927,NULL),(13383,263,NULL,0,NULL,NULL,'ENTRADA',1927,NULL),(13384,264,NULL,0,NULL,NULL,'ENTRADA',1927,NULL),(13385,265,NULL,0,NULL,NULL,'ENTRADA',1927,NULL),(13386,266,NULL,0,NULL,NULL,'ENTRADA',1927,NULL),(13387,120,NULL,0,NULL,NULL,'ENTRADA',1928,NULL),(13388,119,NULL,0,NULL,NULL,'ENTRADA',1928,NULL),(13389,118,NULL,0,NULL,NULL,'ENTRADA',1928,NULL),(13390,117,NULL,0,NULL,NULL,'ENTRADA',1928,NULL),(13391,116,NULL,0,NULL,NULL,'ENTRADA',1928,NULL),(13392,115,NULL,0,NULL,NULL,'ENTRADA',1928,NULL),(13393,114,NULL,49861,NULL,NULL,'ENTRADA',1928,NULL),(13394,113,NULL,1974,NULL,NULL,'ENTRADA',1928,NULL),(13395,127,NULL,0,NULL,NULL,'ENTRADA',1929,NULL),(13396,126,NULL,0,NULL,NULL,'ENTRADA',1929,NULL),(13397,125,NULL,0,NULL,NULL,'ENTRADA',1929,NULL),(13398,124,NULL,0,NULL,NULL,'ENTRADA',1929,NULL),(13399,123,NULL,0,NULL,NULL,'ENTRADA',1929,NULL),(13400,122,NULL,0,NULL,NULL,'ENTRADA',1929,NULL),(13401,121,NULL,24156,NULL,NULL,'ENTRADA',1929,NULL),(13402,134,NULL,0,NULL,NULL,'ENTRADA',1930,NULL),(13403,133,NULL,0,NULL,NULL,'ENTRADA',1930,NULL),(13404,132,NULL,0,NULL,NULL,'ENTRADA',1930,NULL),(13405,131,NULL,0,NULL,NULL,'ENTRADA',1930,NULL),(13406,130,NULL,0,NULL,NULL,'ENTRADA',1930,NULL),(13407,129,NULL,0,NULL,NULL,'ENTRADA',1930,NULL),(13408,128,NULL,696,NULL,NULL,'ENTRADA',1930,NULL),(13409,180,NULL,0,NULL,NULL,'ENTRADA',1931,NULL),(13410,181,NULL,0,NULL,NULL,'ENTRADA',1931,NULL),(13411,182,NULL,0,NULL,NULL,'ENTRADA',1931,NULL),(13412,183,NULL,0,NULL,NULL,'ENTRADA',1931,NULL),(13413,199,NULL,0,NULL,NULL,'ENTRADA',1932,NULL),(13414,200,NULL,0,NULL,NULL,'ENTRADA',1932,NULL),(13415,201,NULL,0,NULL,NULL,'ENTRADA',1932,NULL),(13416,202,NULL,0,NULL,NULL,'ENTRADA',1932,NULL),(13417,203,NULL,314,NULL,NULL,'ENTRADA',1932,NULL),(13418,204,NULL,0,NULL,NULL,'ENTRADA',1933,NULL),(13419,205,NULL,0,NULL,NULL,'ENTRADA',1933,NULL),(13420,206,NULL,0,NULL,NULL,'ENTRADA',1933,NULL),(13421,207,NULL,0,NULL,NULL,'ENTRADA',1933,NULL),(13422,208,NULL,1,NULL,NULL,'ENTRADA',1933,NULL),(13423,209,NULL,22,NULL,NULL,'ENTRADA',1933,NULL),(13424,210,NULL,0,NULL,NULL,'ENTRADA',1934,NULL),(13425,211,NULL,0,NULL,NULL,'ENTRADA',1934,NULL),(13426,212,NULL,0,NULL,NULL,'ENTRADA',1934,NULL),(13427,213,NULL,0,NULL,NULL,'ENTRADA',1934,NULL),(13428,214,NULL,1,NULL,NULL,'ENTRADA',1934,NULL),(13429,215,NULL,327,NULL,NULL,'ENTRADA',1934,NULL),(13430,216,NULL,0,NULL,NULL,'ENTRADA',1935,NULL),(13431,217,NULL,0,NULL,NULL,'ENTRADA',1935,NULL),(13432,218,NULL,0,NULL,NULL,'ENTRADA',1935,NULL),(13433,219,NULL,0,NULL,NULL,'ENTRADA',1935,NULL),(13434,220,NULL,46,NULL,NULL,'ENTRADA',1935,NULL),(13435,221,NULL,0,NULL,NULL,'ENTRADA',1936,NULL),(13436,222,NULL,0,NULL,NULL,'ENTRADA',1936,NULL),(13437,223,NULL,0,NULL,NULL,'ENTRADA',1936,NULL),(13438,224,NULL,0,NULL,NULL,'ENTRADA',1936,NULL),(13439,225,NULL,2,NULL,NULL,'ENTRADA',1936,NULL),(13440,226,NULL,0,NULL,NULL,'ENTRADA',1937,NULL),(13441,227,NULL,0,NULL,NULL,'ENTRADA',1937,NULL),(13442,228,NULL,0,NULL,NULL,'ENTRADA',1937,NULL),(13443,229,NULL,0,NULL,NULL,'ENTRADA',1937,NULL),(13444,230,NULL,0,NULL,NULL,'ENTRADA',1937,NULL),(13445,231,NULL,0,NULL,NULL,'ENTRADA',1937,NULL),(13446,232,NULL,0,NULL,NULL,'ENTRADA',1937,NULL),(13447,233,NULL,1111,NULL,NULL,'ENTRADA',1937,NULL),(13448,234,NULL,0,NULL,NULL,'ENTRADA',1938,NULL),(13449,235,NULL,0,NULL,NULL,'ENTRADA',1938,NULL),(13450,236,NULL,0,NULL,NULL,'ENTRADA',1938,NULL),(13451,237,NULL,0,NULL,NULL,'ENTRADA',1938,NULL),(13452,238,NULL,37,NULL,NULL,'ENTRADA',1938,NULL),(13453,239,NULL,0,NULL,NULL,'ENTRADA',1939,NULL),(13454,240,NULL,0,NULL,NULL,'ENTRADA',1939,NULL),(13455,241,NULL,0,NULL,NULL,'ENTRADA',1939,NULL),(13456,242,NULL,0,NULL,NULL,'ENTRADA',1939,NULL),(13457,243,NULL,0,NULL,NULL,'ENTRADA',1939,NULL),(13458,244,NULL,68,NULL,NULL,'ENTRADA',1939,NULL),(13459,245,NULL,0,NULL,NULL,'ENTRADA',1940,NULL),(13460,246,NULL,0,NULL,NULL,'ENTRADA',1940,NULL),(13461,247,NULL,0,NULL,NULL,'ENTRADA',1940,NULL),(13462,248,NULL,2,NULL,NULL,'ENTRADA',1940,NULL),(13463,249,NULL,0,NULL,NULL,'ENTRADA',1941,NULL),(13464,250,NULL,0,NULL,NULL,'ENTRADA',1941,NULL),(13465,251,NULL,0,NULL,NULL,'ENTRADA',1941,NULL),(13466,252,NULL,0,NULL,NULL,'ENTRADA',1941,NULL),(13467,253,NULL,0,NULL,NULL,'ENTRADA',1941,NULL),(13468,254,NULL,0,NULL,NULL,'ENTRADA',1941,NULL),(13469,255,NULL,0,NULL,NULL,'ENTRADA',1941,NULL),(13470,256,NULL,0,NULL,NULL,'ENTRADA',1942,NULL),(13471,257,NULL,0,NULL,NULL,'ENTRADA',1942,NULL),(13472,258,NULL,0,NULL,NULL,'ENTRADA',1942,NULL),(13473,259,NULL,0,NULL,NULL,'ENTRADA',1942,NULL),(13474,260,NULL,0,NULL,NULL,'ENTRADA',1942,NULL),(13475,261,NULL,0,NULL,NULL,'ENTRADA',1942,NULL),(13476,262,NULL,0,NULL,NULL,'ENTRADA',1943,NULL),(13477,263,NULL,0,NULL,NULL,'ENTRADA',1943,NULL),(13478,264,NULL,0,NULL,NULL,'ENTRADA',1943,NULL),(13479,265,NULL,0,NULL,NULL,'ENTRADA',1943,NULL),(13480,266,NULL,0,NULL,NULL,'ENTRADA',1943,NULL),(13481,120,NULL,0,NULL,NULL,'ENTRADA',1944,NULL),(13482,119,NULL,0,NULL,NULL,'ENTRADA',1944,NULL),(13483,118,NULL,0,NULL,NULL,'ENTRADA',1944,NULL),(13484,117,NULL,0,NULL,NULL,'ENTRADA',1944,NULL),(13485,116,NULL,0,NULL,NULL,'ENTRADA',1944,NULL),(13486,115,NULL,0,NULL,NULL,'ENTRADA',1944,NULL),(13487,114,NULL,28527,NULL,NULL,'ENTRADA',1944,NULL),(13488,113,NULL,820,NULL,NULL,'ENTRADA',1944,NULL),(13489,127,NULL,0,NULL,NULL,'ENTRADA',1945,NULL),(13490,126,NULL,0,NULL,NULL,'ENTRADA',1945,NULL),(13491,125,NULL,0,NULL,NULL,'ENTRADA',1945,NULL),(13492,124,NULL,0,NULL,NULL,'ENTRADA',1945,NULL),(13493,123,NULL,0,NULL,NULL,'ENTRADA',1945,NULL),(13494,122,NULL,0,NULL,NULL,'ENTRADA',1945,NULL),(13495,121,NULL,11474,NULL,NULL,'ENTRADA',1945,NULL),(13496,134,NULL,0,NULL,NULL,'ENTRADA',1946,NULL),(13497,133,NULL,0,NULL,NULL,'ENTRADA',1946,NULL),(13498,132,NULL,0,NULL,NULL,'ENTRADA',1946,NULL),(13499,131,NULL,0,NULL,NULL,'ENTRADA',1946,NULL),(13500,130,NULL,0,NULL,NULL,'ENTRADA',1946,NULL),(13501,129,NULL,0,NULL,NULL,'ENTRADA',1946,NULL),(13502,128,NULL,821,NULL,NULL,'ENTRADA',1946,NULL),(13503,180,NULL,0,NULL,NULL,'ENTRADA',1947,NULL),(13504,181,NULL,0,NULL,NULL,'ENTRADA',1947,NULL),(13505,182,NULL,0,NULL,NULL,'ENTRADA',1947,NULL),(13506,183,NULL,4,NULL,NULL,'ENTRADA',1947,NULL),(13507,199,NULL,0,NULL,NULL,'ENTRADA',1948,NULL),(13508,200,NULL,0,NULL,NULL,'ENTRADA',1948,NULL),(13509,201,NULL,0,NULL,NULL,'ENTRADA',1948,NULL),(13510,202,NULL,0,NULL,NULL,'ENTRADA',1948,NULL),(13511,203,NULL,22,NULL,NULL,'ENTRADA',1948,NULL),(13512,204,NULL,0,NULL,NULL,'ENTRADA',1949,NULL),(13513,205,NULL,0,NULL,NULL,'ENTRADA',1949,NULL),(13514,206,NULL,0,NULL,NULL,'ENTRADA',1949,NULL),(13515,207,NULL,0,NULL,NULL,'ENTRADA',1949,NULL),(13516,208,NULL,0,NULL,NULL,'ENTRADA',1949,NULL),(13517,209,NULL,12,NULL,NULL,'ENTRADA',1949,NULL),(13518,210,NULL,0,NULL,NULL,'ENTRADA',1950,NULL),(13519,211,NULL,0,NULL,NULL,'ENTRADA',1950,NULL),(13520,212,NULL,0,NULL,NULL,'ENTRADA',1950,NULL),(13521,213,NULL,0,NULL,NULL,'ENTRADA',1950,NULL),(13522,214,NULL,1,NULL,NULL,'ENTRADA',1950,NULL),(13523,215,NULL,1,NULL,NULL,'ENTRADA',1950,NULL),(13524,216,NULL,0,NULL,NULL,'ENTRADA',1951,NULL),(13525,217,NULL,0,NULL,NULL,'ENTRADA',1951,NULL),(13526,218,NULL,0,NULL,NULL,'ENTRADA',1951,NULL),(13527,219,NULL,0,NULL,NULL,'ENTRADA',1951,NULL),(13528,220,NULL,438,NULL,NULL,'ENTRADA',1951,NULL),(13529,221,NULL,0,NULL,NULL,'ENTRADA',1952,NULL),(13530,222,NULL,0,NULL,NULL,'ENTRADA',1952,NULL),(13531,223,NULL,0,NULL,NULL,'ENTRADA',1952,NULL),(13532,224,NULL,0,NULL,NULL,'ENTRADA',1952,NULL),(13533,225,NULL,6,NULL,NULL,'ENTRADA',1952,NULL),(13534,226,NULL,0,NULL,NULL,'ENTRADA',1953,NULL),(13535,227,NULL,0,NULL,NULL,'ENTRADA',1953,NULL),(13536,228,NULL,0,NULL,NULL,'ENTRADA',1953,NULL),(13537,229,NULL,0,NULL,NULL,'ENTRADA',1953,NULL),(13538,230,NULL,0,NULL,NULL,'ENTRADA',1953,NULL),(13539,231,NULL,0,NULL,NULL,'ENTRADA',1953,NULL),(13540,232,NULL,0,NULL,NULL,'ENTRADA',1953,NULL),(13541,233,NULL,142,NULL,NULL,'ENTRADA',1953,NULL),(13542,234,NULL,0,NULL,NULL,'ENTRADA',1954,NULL),(13543,235,NULL,0,NULL,NULL,'ENTRADA',1954,NULL),(13544,236,NULL,0,NULL,NULL,'ENTRADA',1954,NULL),(13545,237,NULL,0,NULL,NULL,'ENTRADA',1954,NULL),(13546,238,NULL,525,NULL,NULL,'ENTRADA',1954,NULL),(13547,239,NULL,0,NULL,NULL,'ENTRADA',1955,NULL),(13548,240,NULL,0,NULL,NULL,'ENTRADA',1955,NULL),(13549,241,NULL,0,NULL,NULL,'ENTRADA',1955,NULL),(13550,242,NULL,0,NULL,NULL,'ENTRADA',1955,NULL),(13551,243,NULL,0,NULL,NULL,'ENTRADA',1955,NULL),(13552,244,NULL,42,NULL,NULL,'ENTRADA',1955,NULL),(13553,245,NULL,0,NULL,NULL,'ENTRADA',1956,NULL),(13554,246,NULL,0,NULL,NULL,'ENTRADA',1956,NULL),(13555,247,NULL,0,NULL,NULL,'ENTRADA',1956,NULL),(13556,248,NULL,0,NULL,NULL,'ENTRADA',1956,NULL),(13557,249,NULL,0,NULL,NULL,'ENTRADA',1957,NULL),(13558,250,NULL,0,NULL,NULL,'ENTRADA',1957,NULL),(13559,251,NULL,0,NULL,NULL,'ENTRADA',1957,NULL),(13560,252,NULL,0,NULL,NULL,'ENTRADA',1957,NULL),(13561,253,NULL,0,NULL,NULL,'ENTRADA',1957,NULL),(13562,254,NULL,0,NULL,NULL,'ENTRADA',1957,NULL),(13563,255,NULL,1,NULL,NULL,'ENTRADA',1957,NULL),(13564,256,NULL,0,NULL,NULL,'ENTRADA',1958,NULL),(13565,257,NULL,0,NULL,NULL,'ENTRADA',1958,NULL),(13566,258,NULL,0,NULL,NULL,'ENTRADA',1958,NULL),(13567,259,NULL,0,NULL,NULL,'ENTRADA',1958,NULL),(13568,260,NULL,0,NULL,NULL,'ENTRADA',1958,NULL),(13569,261,NULL,0,NULL,NULL,'ENTRADA',1958,NULL),(13570,262,NULL,0,NULL,NULL,'ENTRADA',1959,NULL),(13571,263,NULL,0,NULL,NULL,'ENTRADA',1959,NULL),(13572,264,NULL,0,NULL,NULL,'ENTRADA',1959,NULL),(13573,265,NULL,0,NULL,NULL,'ENTRADA',1959,NULL),(13574,266,NULL,0,NULL,NULL,'ENTRADA',1959,NULL),(13575,113,207,300,NULL,NULL,'SALIDA',NULL,NULL),(13576,114,207,38146,NULL,NULL,'SALIDA',NULL,NULL),(13577,121,207,11810,NULL,NULL,'ENTRADA',NULL,NULL),(13578,114,208,16064,NULL,NULL,'SALIDA',NULL,NULL),(13579,113,208,580,NULL,NULL,'SALIDA',NULL,NULL),(13580,121,208,4989,NULL,NULL,'ENTRADA',NULL,NULL),(13581,114,209,3919,NULL,NULL,'SALIDA',NULL,NULL),(13582,113,209,410,NULL,NULL,'SALIDA',NULL,NULL),(13583,121,209,1221,NULL,NULL,'ENTRADA',NULL,NULL),(13584,121,210,2727,NULL,NULL,'SALIDA',NULL,NULL),(13585,113,210,370,NULL,NULL,'ENTRADA',NULL,NULL),(13586,114,210,9026,NULL,NULL,'ENTRADA',NULL,NULL),(13587,121,211,20414,NULL,NULL,'SALIDA',NULL,NULL),(13588,113,211,200,NULL,NULL,'ENTRADA',NULL,NULL),(13589,114,211,67366,NULL,NULL,'ENTRADA',NULL,NULL),(13590,121,212,9900,NULL,NULL,'SALIDA',NULL,NULL),(13591,114,212,32571,NULL,NULL,'ENTRADA',NULL,NULL),(14408,120,NULL,0,NULL,NULL,'ENTRADA',2095,NULL),(14409,119,NULL,0,NULL,NULL,'ENTRADA',2095,NULL),(14410,118,NULL,0,NULL,NULL,'ENTRADA',2095,NULL),(14411,117,NULL,0,NULL,NULL,'ENTRADA',2095,NULL),(14412,116,NULL,0,NULL,NULL,'ENTRADA',2095,NULL),(14413,115,NULL,0,NULL,NULL,'ENTRADA',2095,NULL),(14414,114,NULL,0,NULL,NULL,'ENTRADA',2095,NULL),(14415,113,NULL,1,NULL,NULL,'ENTRADA',2095,NULL),(14416,127,NULL,0,NULL,NULL,'ENTRADA',2096,NULL),(14417,126,NULL,0,NULL,NULL,'ENTRADA',2096,NULL),(14418,125,NULL,0,NULL,NULL,'ENTRADA',2096,NULL),(14419,124,NULL,0,NULL,NULL,'ENTRADA',2096,NULL),(14420,123,NULL,0,NULL,NULL,'ENTRADA',2096,NULL),(14421,122,NULL,0,NULL,NULL,'ENTRADA',2096,NULL),(14422,121,NULL,1,NULL,NULL,'ENTRADA',2096,NULL),(14423,134,NULL,0,NULL,NULL,'ENTRADA',2097,NULL),(14424,133,NULL,0,NULL,NULL,'ENTRADA',2097,NULL),(14425,132,NULL,0,NULL,NULL,'ENTRADA',2097,NULL),(14426,131,NULL,0,NULL,NULL,'ENTRADA',2097,NULL),(14427,130,NULL,0,NULL,NULL,'ENTRADA',2097,NULL),(14428,129,NULL,0,NULL,NULL,'ENTRADA',2097,NULL),(14429,128,NULL,0,NULL,NULL,'ENTRADA',2097,NULL),(14430,180,NULL,0,NULL,NULL,'ENTRADA',2098,NULL),(14431,181,NULL,0,NULL,NULL,'ENTRADA',2098,NULL),(14432,182,NULL,0,NULL,NULL,'ENTRADA',2098,NULL),(14433,183,NULL,0,NULL,NULL,'ENTRADA',2098,NULL),(14434,199,NULL,0,NULL,NULL,'ENTRADA',2099,NULL),(14435,200,NULL,0,NULL,NULL,'ENTRADA',2099,NULL),(14436,201,NULL,0,NULL,NULL,'ENTRADA',2099,NULL),(14437,202,NULL,0,NULL,NULL,'ENTRADA',2099,NULL),(14438,203,NULL,0,NULL,NULL,'ENTRADA',2099,NULL),(14439,204,NULL,0,NULL,NULL,'ENTRADA',2100,NULL),(14440,205,NULL,0,NULL,NULL,'ENTRADA',2100,NULL),(14441,206,NULL,0,NULL,NULL,'ENTRADA',2100,NULL),(14442,207,NULL,0,NULL,NULL,'ENTRADA',2100,NULL),(14443,208,NULL,0,NULL,NULL,'ENTRADA',2100,NULL),(14444,209,NULL,0,NULL,NULL,'ENTRADA',2100,NULL),(14445,210,NULL,0,NULL,NULL,'ENTRADA',2101,NULL),(14446,211,NULL,0,NULL,NULL,'ENTRADA',2101,NULL),(14447,212,NULL,0,NULL,NULL,'ENTRADA',2101,NULL),(14448,213,NULL,0,NULL,NULL,'ENTRADA',2101,NULL),(14449,214,NULL,0,NULL,NULL,'ENTRADA',2101,NULL),(14450,215,NULL,0,NULL,NULL,'ENTRADA',2101,NULL),(14451,216,NULL,0,NULL,NULL,'ENTRADA',2102,NULL),(14452,217,NULL,0,NULL,NULL,'ENTRADA',2102,NULL),(14453,218,NULL,0,NULL,NULL,'ENTRADA',2102,NULL),(14454,219,NULL,0,NULL,NULL,'ENTRADA',2102,NULL),(14455,220,NULL,0,NULL,NULL,'ENTRADA',2102,NULL),(14456,221,NULL,0,NULL,NULL,'ENTRADA',2103,NULL),(14457,222,NULL,0,NULL,NULL,'ENTRADA',2103,NULL),(14458,223,NULL,0,NULL,NULL,'ENTRADA',2103,NULL),(14459,224,NULL,0,NULL,NULL,'ENTRADA',2103,NULL),(14460,225,NULL,0,NULL,NULL,'ENTRADA',2103,NULL),(14461,226,NULL,0,NULL,NULL,'ENTRADA',2104,NULL),(14462,227,NULL,0,NULL,NULL,'ENTRADA',2104,NULL),(14463,228,NULL,0,NULL,NULL,'ENTRADA',2104,NULL),(14464,229,NULL,0,NULL,NULL,'ENTRADA',2104,NULL),(14465,230,NULL,0,NULL,NULL,'ENTRADA',2104,NULL),(14466,231,NULL,0,NULL,NULL,'ENTRADA',2104,NULL),(14467,232,NULL,0,NULL,NULL,'ENTRADA',2104,NULL),(14468,233,NULL,0,NULL,NULL,'ENTRADA',2104,NULL),(14469,234,NULL,0,NULL,NULL,'ENTRADA',2105,NULL),(14470,235,NULL,0,NULL,NULL,'ENTRADA',2105,NULL),(14471,236,NULL,0,NULL,NULL,'ENTRADA',2105,NULL),(14472,237,NULL,0,NULL,NULL,'ENTRADA',2105,NULL),(14473,238,NULL,0,NULL,NULL,'ENTRADA',2105,NULL),(14474,239,NULL,0,NULL,NULL,'ENTRADA',2106,NULL),(14475,240,NULL,0,NULL,NULL,'ENTRADA',2106,NULL),(14476,241,NULL,0,NULL,NULL,'ENTRADA',2106,NULL),(14477,242,NULL,0,NULL,NULL,'ENTRADA',2106,NULL),(14478,243,NULL,0,NULL,NULL,'ENTRADA',2106,NULL),(14479,244,NULL,0,NULL,NULL,'ENTRADA',2106,NULL),(14480,245,NULL,0,NULL,NULL,'ENTRADA',2107,NULL),(14481,246,NULL,0,NULL,NULL,'ENTRADA',2107,NULL),(14482,247,NULL,0,NULL,NULL,'ENTRADA',2107,NULL),(14483,248,NULL,0,NULL,NULL,'ENTRADA',2107,NULL),(14484,249,NULL,0,NULL,NULL,'ENTRADA',2108,NULL),(14485,250,NULL,0,NULL,NULL,'ENTRADA',2108,NULL),(14486,251,NULL,0,NULL,NULL,'ENTRADA',2108,NULL),(14487,252,NULL,0,NULL,NULL,'ENTRADA',2108,NULL),(14488,253,NULL,0,NULL,NULL,'ENTRADA',2108,NULL),(14489,254,NULL,0,NULL,NULL,'ENTRADA',2108,NULL),(14490,255,NULL,0,NULL,NULL,'ENTRADA',2108,NULL),(14491,256,NULL,0,NULL,NULL,'ENTRADA',2109,NULL),(14492,257,NULL,0,NULL,NULL,'ENTRADA',2109,NULL),(14493,258,NULL,0,NULL,NULL,'ENTRADA',2109,NULL),(14494,259,NULL,0,NULL,NULL,'ENTRADA',2109,NULL),(14495,260,NULL,0,NULL,NULL,'ENTRADA',2109,NULL),(14496,261,NULL,0,NULL,NULL,'ENTRADA',2109,NULL),(14497,262,NULL,0,NULL,NULL,'ENTRADA',2110,NULL),(14498,263,NULL,0,NULL,NULL,'ENTRADA',2110,NULL),(14499,264,NULL,0,NULL,NULL,'ENTRADA',2110,NULL),(14500,265,NULL,0,NULL,NULL,'ENTRADA',2110,NULL),(14501,266,NULL,0,NULL,NULL,'ENTRADA',2110,NULL),(14502,115,NULL,0,NULL,18,'SALIDA',NULL,NULL),(14503,114,NULL,20469,NULL,18,'SALIDA',NULL,NULL),(14504,119,NULL,0,NULL,18,'SALIDA',NULL,NULL),(14505,117,NULL,0,NULL,18,'SALIDA',NULL,NULL),(14506,113,NULL,0,NULL,18,'SALIDA',NULL,NULL),(14507,120,NULL,0,NULL,18,'SALIDA',NULL,NULL),(14508,116,NULL,0,NULL,18,'SALIDA',NULL,NULL),(14509,118,NULL,0,NULL,18,'SALIDA',NULL,NULL),(14510,132,NULL,0,NULL,19,'SALIDA',NULL,NULL),(14511,134,NULL,0,NULL,19,'SALIDA',NULL,NULL),(14512,128,NULL,2800,NULL,19,'SALIDA',NULL,NULL),(14513,133,NULL,0,NULL,19,'SALIDA',NULL,NULL),(14514,130,NULL,0,NULL,19,'SALIDA',NULL,NULL),(14515,131,NULL,0,NULL,19,'SALIDA',NULL,NULL),(14516,129,NULL,0,NULL,19,'SALIDA',NULL,NULL),(14517,124,NULL,0,NULL,20,'SALIDA',NULL,NULL),(14518,122,NULL,0,NULL,20,'SALIDA',NULL,NULL),(14519,126,NULL,0,NULL,20,'SALIDA',NULL,NULL),(14520,121,NULL,8000,NULL,20,'SALIDA',NULL,NULL),(14521,123,NULL,0,NULL,20,'SALIDA',NULL,NULL),(14522,127,NULL,0,NULL,20,'SALIDA',NULL,NULL),(14523,125,NULL,0,NULL,20,'SALIDA',NULL,NULL),(14524,131,NULL,0,NULL,21,'SALIDA',NULL,NULL),(14525,130,NULL,0,NULL,21,'SALIDA',NULL,NULL),(14526,133,NULL,0,NULL,21,'SALIDA',NULL,NULL),(14527,132,NULL,0,NULL,21,'SALIDA',NULL,NULL),(14528,129,NULL,0,NULL,21,'SALIDA',NULL,NULL),(14529,134,NULL,0,NULL,21,'SALIDA',NULL,NULL),(14530,128,NULL,400,NULL,21,'SALIDA',NULL,NULL),(14531,126,NULL,0,NULL,22,'SALIDA',NULL,NULL),(14532,122,NULL,0,NULL,22,'SALIDA',NULL,NULL),(14533,123,NULL,0,NULL,22,'SALIDA',NULL,NULL),(14534,127,NULL,0,NULL,22,'SALIDA',NULL,NULL),(14535,125,NULL,0,NULL,22,'SALIDA',NULL,NULL),(14536,121,NULL,10000,NULL,22,'SALIDA',NULL,NULL),(14537,124,NULL,0,NULL,22,'SALIDA',NULL,NULL),(14538,114,213,187131,NULL,NULL,'SALIDA',NULL,NULL),(14539,121,213,57000,NULL,NULL,'ENTRADA',NULL,NULL),(14540,114,NULL,0,18,NULL,'ENTRADA',NULL,NULL),(14541,117,NULL,0,18,NULL,'ENTRADA',NULL,NULL),(14542,115,NULL,0,18,NULL,'ENTRADA',NULL,NULL),(14543,120,NULL,0,18,NULL,'ENTRADA',NULL,NULL),(14544,119,NULL,0,18,NULL,'ENTRADA',NULL,NULL),(14545,118,NULL,0,18,NULL,'ENTRADA',NULL,NULL),(14546,116,NULL,0,18,NULL,'ENTRADA',NULL,NULL),(14547,113,NULL,1,18,NULL,'ENTRADA',NULL,NULL),(14548,114,214,65500,NULL,NULL,'SALIDA',NULL,NULL),(14549,121,214,20000,NULL,NULL,'ENTRADA',NULL,NULL),(14550,119,NULL,0,19,NULL,'ENTRADA',NULL,NULL),(14551,120,NULL,0,19,NULL,'ENTRADA',NULL,NULL),(14552,117,NULL,0,19,NULL,'ENTRADA',NULL,NULL),(14553,115,NULL,0,19,NULL,'ENTRADA',NULL,NULL),(14554,116,NULL,0,19,NULL,'ENTRADA',NULL,NULL),(14555,114,NULL,0,19,NULL,'ENTRADA',NULL,NULL),(14556,118,NULL,0,19,NULL,'ENTRADA',NULL,NULL),(14557,113,NULL,1,19,NULL,'ENTRADA',NULL,NULL),(14558,113,215,1,NULL,NULL,'SALIDA',NULL,NULL),(14559,121,215,1,NULL,NULL,'ENTRADA',NULL,NULL),(14560,126,NULL,0,NULL,23,'SALIDA',NULL,NULL),(14561,127,NULL,0,NULL,23,'SALIDA',NULL,NULL),(14562,121,NULL,77000,NULL,23,'SALIDA',NULL,NULL),(14563,122,NULL,0,NULL,23,'SALIDA',NULL,NULL),(14564,123,NULL,0,NULL,23,'SALIDA',NULL,NULL),(14565,124,NULL,0,NULL,23,'SALIDA',NULL,NULL),(14566,125,NULL,0,NULL,23,'SALIDA',NULL,NULL),(14567,113,216,340,NULL,NULL,'SALIDA',NULL,NULL),(14568,114,216,32673,NULL,NULL,'SALIDA',NULL,NULL),(14569,121,216,10147,NULL,NULL,'ENTRADA',NULL,NULL),(14570,121,217,33513,NULL,NULL,'SALIDA',NULL,NULL),(14571,114,217,111263,NULL,NULL,'ENTRADA',NULL,NULL),(14572,113,217,160,NULL,NULL,'ENTRADA',NULL,NULL),(14573,121,218,12000,NULL,NULL,'SALIDA',NULL,NULL),(14574,114,218,39720,NULL,NULL,'ENTRADA',NULL,NULL),(14575,119,NULL,0,NULL,24,'SALIDA',NULL,NULL),(14576,118,NULL,0,NULL,24,'SALIDA',NULL,NULL),(14577,117,NULL,0,NULL,24,'SALIDA',NULL,NULL),(14578,115,NULL,0,NULL,24,'SALIDA',NULL,NULL),(14579,120,NULL,0,NULL,24,'SALIDA',NULL,NULL),(14580,114,NULL,235500,NULL,24,'SALIDA',NULL,NULL),(14581,116,NULL,0,NULL,24,'SALIDA',NULL,NULL),(14582,113,NULL,0,NULL,24,'SALIDA',NULL,NULL),(14583,125,NULL,0,NULL,25,'SALIDA',NULL,NULL),(14584,124,NULL,0,NULL,25,'SALIDA',NULL,NULL),(14585,123,NULL,0,NULL,25,'SALIDA',NULL,NULL),(14586,122,NULL,0,NULL,25,'SALIDA',NULL,NULL),(14587,126,NULL,0,NULL,25,'SALIDA',NULL,NULL),(14588,121,NULL,29000,NULL,25,'SALIDA',NULL,NULL),(14589,127,NULL,0,NULL,25,'SALIDA',NULL,NULL),(14590,114,219,7756,NULL,NULL,'SALIDA',NULL,NULL),(14591,113,219,750,NULL,NULL,'SALIDA',NULL,NULL),(14592,128,219,437,NULL,NULL,'ENTRADA',NULL,NULL),(14593,128,220,1200,NULL,NULL,'SALIDA',NULL,NULL),(14594,114,220,21660,NULL,NULL,'ENTRADA',NULL,NULL),(14595,128,221,200,NULL,NULL,'SALIDA',NULL,NULL),(14596,114,221,3630,NULL,NULL,'ENTRADA',NULL,NULL),(14597,114,222,48,NULL,NULL,'SALIDA',NULL,NULL),(14598,209,222,15,NULL,NULL,'ENTRADA',NULL,NULL),(14599,114,223,248,NULL,NULL,'SALIDA',NULL,NULL),(14600,203,223,20,NULL,NULL,'ENTRADA',NULL,NULL),(14601,113,224,800,NULL,NULL,'SALIDA',NULL,NULL),(14602,114,224,712,NULL,NULL,'SALIDA',NULL,NULL),(14603,203,224,54,NULL,NULL,'ENTRADA',NULL,NULL),(14604,203,225,54,NULL,NULL,'SALIDA',NULL,NULL),(14605,114,225,712,NULL,NULL,'ENTRADA',NULL,NULL),(14606,113,225,800,NULL,NULL,'ENTRADA',NULL,NULL),(14607,128,226,245,NULL,NULL,'SALIDA',NULL,NULL),(14608,114,226,4459,NULL,NULL,'ENTRADA',NULL,NULL),(14609,113,227,200,NULL,NULL,'SALIDA',NULL,NULL),(14610,114,227,16783,NULL,NULL,'SALIDA',NULL,NULL),(14611,121,227,5180,NULL,NULL,'ENTRADA',NULL,NULL),(14612,121,228,10758,NULL,NULL,'SALIDA',NULL,NULL),(14613,113,228,560,NULL,NULL,'ENTRADA',NULL,NULL),(14614,114,228,35716,NULL,NULL,'ENTRADA',NULL,NULL),(14615,118,NULL,0,NULL,26,'SALIDA',NULL,NULL),(14616,119,NULL,0,NULL,26,'SALIDA',NULL,NULL),(14617,117,NULL,0,NULL,26,'SALIDA',NULL,NULL),(14618,113,NULL,0,NULL,26,'SALIDA',NULL,NULL),(14619,116,NULL,0,NULL,26,'SALIDA',NULL,NULL),(14620,115,NULL,0,NULL,26,'SALIDA',NULL,NULL),(14621,114,NULL,54500,NULL,26,'SALIDA',NULL,NULL),(14622,120,NULL,0,NULL,26,'SALIDA',NULL,NULL),(14623,114,229,17549,NULL,NULL,'SALIDA',NULL,NULL),(14624,121,229,5450,NULL,NULL,'ENTRADA',NULL,NULL),(14625,113,230,460,NULL,NULL,'SALIDA',NULL,NULL),(14626,114,230,9392,NULL,NULL,'SALIDA',NULL,NULL),(14627,121,230,2926,NULL,NULL,'ENTRADA',NULL,NULL),(14628,121,231,560,NULL,NULL,'SALIDA',NULL,NULL),(14629,114,231,1859,NULL,NULL,'ENTRADA',NULL,NULL),(14630,113,231,200,NULL,NULL,'ENTRADA',NULL,NULL),(14631,121,232,20165,NULL,NULL,'SALIDA',NULL,NULL),(14632,114,232,66746,NULL,NULL,'ENTRADA',NULL,NULL),(14633,113,232,150,NULL,NULL,'ENTRADA',NULL,NULL),(14634,114,233,1952,NULL,NULL,'SALIDA',NULL,NULL),(14635,113,233,500,NULL,NULL,'SALIDA',NULL,NULL),(14636,128,233,110,NULL,NULL,'ENTRADA',NULL,NULL),(14637,114,234,39,NULL,NULL,'SALIDA',NULL,NULL),(14638,238,234,10,NULL,NULL,'ENTRADA',NULL,NULL),(14639,120,NULL,0,NULL,27,'SALIDA',NULL,NULL),(14640,113,NULL,0,NULL,27,'SALIDA',NULL,NULL),(14641,114,NULL,50000,NULL,27,'SALIDA',NULL,NULL),(14642,118,NULL,0,NULL,27,'SALIDA',NULL,NULL),(14643,117,NULL,0,NULL,27,'SALIDA',NULL,NULL),(14644,116,NULL,0,NULL,27,'SALIDA',NULL,NULL),(14645,119,NULL,0,NULL,27,'SALIDA',NULL,NULL),(14646,115,NULL,0,NULL,27,'SALIDA',NULL,NULL),(14647,115,NULL,0,20,NULL,'SALIDA',NULL,NULL),(14648,114,NULL,39,20,NULL,'SALIDA',NULL,NULL),(14649,118,NULL,0,20,NULL,'SALIDA',NULL,NULL),(14650,116,NULL,0,20,NULL,'SALIDA',NULL,NULL),(14651,113,NULL,0,20,NULL,'SALIDA',NULL,NULL),(14652,119,NULL,0,20,NULL,'SALIDA',NULL,NULL),(14653,120,NULL,0,20,NULL,'SALIDA',NULL,NULL),(14654,117,NULL,0,20,NULL,'SALIDA',NULL,NULL),(14655,113,235,800,NULL,NULL,'SALIDA',NULL,NULL),(14656,114,235,7051,NULL,NULL,'SALIDA',NULL,NULL),(14657,121,235,2190,NULL,NULL,'ENTRADA',NULL,NULL),(14658,121,236,3554,NULL,NULL,'SALIDA',NULL,NULL),(14659,114,236,11799,NULL,NULL,'ENTRADA',NULL,NULL),(14660,113,236,280,NULL,NULL,'ENTRADA',NULL,NULL),(14661,117,NULL,0,NULL,28,'SALIDA',NULL,NULL),(14662,113,NULL,0,NULL,28,'SALIDA',NULL,NULL),(14663,119,NULL,0,NULL,28,'SALIDA',NULL,NULL),(14664,118,NULL,0,NULL,28,'SALIDA',NULL,NULL),(14665,116,NULL,0,NULL,28,'SALIDA',NULL,NULL),(14666,115,NULL,0,NULL,28,'SALIDA',NULL,NULL),(14667,120,NULL,0,NULL,28,'SALIDA',NULL,NULL),(14668,114,NULL,35000,NULL,28,'SALIDA',NULL,NULL),(14669,113,237,750,NULL,NULL,'SALIDA',NULL,NULL),(14670,114,237,3425,NULL,NULL,'SALIDA',NULL,NULL),(14671,128,237,193,NULL,NULL,'ENTRADA',NULL,NULL),(14672,128,238,20,NULL,NULL,'SALIDA',NULL,NULL),(14673,114,238,364,NULL,NULL,'ENTRADA',NULL,NULL),(14674,113,239,220,NULL,NULL,'SALIDA',NULL,NULL),(14675,114,239,8536,NULL,NULL,'SALIDA',NULL,NULL),(14676,121,239,2651,NULL,NULL,'ENTRADA',NULL,NULL),(14677,114,240,7244,NULL,NULL,'SALIDA',NULL,NULL),(14678,113,240,970,NULL,NULL,'SALIDA',NULL,NULL),(14679,121,240,2257,NULL,NULL,'ENTRADA',NULL,NULL),(14680,121,241,568,NULL,NULL,'SALIDA',NULL,NULL),(14681,113,241,760,NULL,NULL,'ENTRADA',NULL,NULL),(14682,114,241,1885,NULL,NULL,'ENTRADA',NULL,NULL),(14683,121,242,417,NULL,NULL,'SALIDA',NULL,NULL),(14684,113,242,270,NULL,NULL,'ENTRADA',NULL,NULL),(14685,114,242,1380,NULL,NULL,'ENTRADA',NULL,NULL),(14686,121,243,420,NULL,NULL,'SALIDA',NULL,NULL),(14687,114,243,1386,NULL,NULL,'ENTRADA',NULL,NULL),(14688,113,244,750,NULL,NULL,'SALIDA',NULL,NULL),(14689,114,244,230,NULL,NULL,'SALIDA',NULL,NULL),(14690,128,244,13,NULL,NULL,'ENTRADA',NULL,NULL),(14691,128,245,1300,NULL,NULL,'SALIDA',NULL,NULL),(14692,114,245,23660,NULL,NULL,'ENTRADA',NULL,NULL),(14693,114,NULL,1110,21,NULL,'SALIDA',NULL,NULL),(14694,116,NULL,0,21,NULL,'SALIDA',NULL,NULL),(14695,119,NULL,0,21,NULL,'SALIDA',NULL,NULL),(14696,120,NULL,0,21,NULL,'SALIDA',NULL,NULL),(14697,117,NULL,0,21,NULL,'SALIDA',NULL,NULL),(14698,118,NULL,0,21,NULL,'SALIDA',NULL,NULL),(14699,115,NULL,0,21,NULL,'SALIDA',NULL,NULL),(14700,113,NULL,0,21,NULL,'SALIDA',NULL,NULL),(14701,114,246,6638,NULL,NULL,'SALIDA',NULL,NULL),(14702,113,246,500,NULL,NULL,'SALIDA',NULL,NULL),(14703,128,246,374,NULL,NULL,'ENTRADA',NULL,NULL),(14704,114,247,702,NULL,NULL,'SALIDA',NULL,NULL),(14705,128,247,40,NULL,NULL,'ENTRADA',NULL,NULL),(14706,114,248,71900,NULL,NULL,'SALIDA',NULL,NULL),(14707,128,248,4000,NULL,NULL,'ENTRADA',NULL,NULL),(14708,128,249,1131,NULL,NULL,'SALIDA',NULL,NULL),(14709,113,249,200,NULL,NULL,'ENTRADA',NULL,NULL),(14710,114,249,20584,NULL,NULL,'ENTRADA',NULL,NULL),(14711,114,250,124,NULL,NULL,'SALIDA',NULL,NULL),(14712,203,250,10,NULL,NULL,'ENTRADA',NULL,NULL),(14713,203,251,38,NULL,NULL,'SALIDA',NULL,NULL),(14714,114,251,501,NULL,NULL,'ENTRADA',NULL,NULL),(14715,113,251,600,NULL,NULL,'ENTRADA',NULL,NULL),(14716,209,252,200,NULL,NULL,'SALIDA',NULL,NULL),(14717,114,252,800,NULL,NULL,'ENTRADA',NULL,NULL),(14718,113,253,625,NULL,NULL,'SALIDA',NULL,NULL),(14719,114,253,20,NULL,NULL,'SALIDA',NULL,NULL),(14720,183,253,1,NULL,NULL,'ENTRADA',NULL,NULL),(14721,183,254,1,NULL,NULL,'SALIDA',NULL,NULL),(14722,114,254,20,NULL,NULL,'ENTRADA',NULL,NULL),(14723,113,254,625,NULL,NULL,'ENTRADA',NULL,NULL),(14724,113,255,620,NULL,NULL,'SALIDA',NULL,NULL),(14725,114,255,1,NULL,NULL,'SALIDA',NULL,NULL),(14726,215,255,1,NULL,NULL,'ENTRADA',NULL,NULL),(14727,215,256,1,NULL,NULL,'SALIDA',NULL,NULL),(14728,114,256,1,NULL,NULL,'ENTRADA',NULL,NULL),(14729,113,256,620,NULL,NULL,'ENTRADA',NULL,NULL),(14730,114,257,8,NULL,NULL,'SALIDA',NULL,NULL),(14731,113,257,950,NULL,NULL,'SALIDA',NULL,NULL),(14732,225,257,1,NULL,NULL,'ENTRADA',NULL,NULL),(14733,225,258,1,NULL,NULL,'SALIDA',NULL,NULL),(14734,114,258,8,NULL,NULL,'ENTRADA',NULL,NULL),(14735,113,258,950,NULL,NULL,'ENTRADA',NULL,NULL),(14736,233,259,1,NULL,NULL,'SALIDA',NULL,NULL),(14737,114,259,4,NULL,NULL,'ENTRADA',NULL,NULL),(14738,113,259,50,NULL,NULL,'ENTRADA',NULL,NULL),(14739,113,260,475,NULL,NULL,'SALIDA',NULL,NULL),(14740,233,260,2,NULL,NULL,'ENTRADA',NULL,NULL),(14741,233,261,2,NULL,NULL,'SALIDA',NULL,NULL),(14742,113,261,475,NULL,NULL,'ENTRADA',NULL,NULL),(14743,114,262,10,NULL,NULL,'SALIDA',NULL,NULL),(14744,113,262,125,NULL,NULL,'SALIDA',NULL,NULL),(14745,220,262,1,NULL,NULL,'ENTRADA',NULL,NULL),(14746,220,263,1,NULL,NULL,'SALIDA',NULL,NULL),(14747,114,263,10,NULL,NULL,'ENTRADA',NULL,NULL),(14748,113,263,125,NULL,NULL,'ENTRADA',NULL,NULL),(14749,113,264,100,NULL,NULL,'SALIDA',NULL,NULL),(14750,114,264,4,NULL,NULL,'SALIDA',NULL,NULL),(14751,238,264,1,NULL,NULL,'ENTRADA',NULL,NULL),(14752,238,265,1,NULL,NULL,'SALIDA',NULL,NULL),(14753,113,265,100,NULL,NULL,'ENTRADA',NULL,NULL),(14754,114,265,4,NULL,NULL,'ENTRADA',NULL,NULL),(14755,113,266,400,NULL,NULL,'SALIDA',NULL,NULL),(14756,114,266,29,NULL,NULL,'SALIDA',NULL,NULL),(14757,244,266,1,NULL,NULL,'ENTRADA',NULL,NULL),(14758,244,267,1,NULL,NULL,'SALIDA',NULL,NULL),(14759,113,267,400,NULL,NULL,'ENTRADA',NULL,NULL),(14760,114,267,29,NULL,NULL,'ENTRADA',NULL,NULL),(14761,113,268,540,NULL,NULL,'SALIDA',NULL,NULL),(14762,114,268,27,NULL,NULL,'SALIDA',NULL,NULL),(14763,248,268,1,NULL,NULL,'ENTRADA',NULL,NULL),(14764,248,269,1,NULL,NULL,'SALIDA',NULL,NULL),(14765,114,269,27,NULL,NULL,'ENTRADA',NULL,NULL),(14766,113,269,540,NULL,NULL,'ENTRADA',NULL,NULL),(14767,113,270,411,NULL,NULL,'SALIDA',NULL,NULL),(14768,255,270,1,NULL,NULL,'ENTRADA',NULL,NULL),(14769,255,271,1,NULL,NULL,'SALIDA',NULL,NULL),(14770,113,271,411,NULL,NULL,'ENTRADA',NULL,NULL),(14865,120,NULL,0,NULL,NULL,'ENTRADA',2127,NULL),(14866,119,NULL,0,NULL,NULL,'ENTRADA',2127,NULL),(14867,118,NULL,0,NULL,NULL,'ENTRADA',2127,NULL),(14868,117,NULL,0,NULL,NULL,'ENTRADA',2127,NULL),(14869,116,NULL,0,NULL,NULL,'ENTRADA',2127,NULL),(14870,115,NULL,0,NULL,NULL,'ENTRADA',2127,NULL),(14871,114,NULL,502626,NULL,NULL,'ENTRADA',2127,NULL),(14872,113,NULL,4908,NULL,NULL,'ENTRADA',2127,NULL),(14873,127,NULL,0,NULL,NULL,'ENTRADA',2128,NULL),(14874,126,NULL,0,NULL,NULL,'ENTRADA',2128,NULL),(14875,125,NULL,0,NULL,NULL,'ENTRADA',2128,NULL),(14876,124,NULL,0,NULL,NULL,'ENTRADA',2128,NULL),(14877,123,NULL,0,NULL,NULL,'ENTRADA',2128,NULL),(14878,122,NULL,0,NULL,NULL,'ENTRADA',2128,NULL),(14879,121,NULL,52733,NULL,NULL,'ENTRADA',2128,NULL),(14880,134,NULL,0,NULL,NULL,'ENTRADA',2129,NULL),(14881,133,NULL,0,NULL,NULL,'ENTRADA',2129,NULL),(14882,132,NULL,0,NULL,NULL,'ENTRADA',2129,NULL),(14883,131,NULL,0,NULL,NULL,'ENTRADA',2129,NULL),(14884,130,NULL,0,NULL,NULL,'ENTRADA',2129,NULL),(14885,129,NULL,0,NULL,NULL,'ENTRADA',2129,NULL),(14886,128,NULL,5071,NULL,NULL,'ENTRADA',2129,NULL),(14887,180,NULL,0,NULL,NULL,'ENTRADA',2130,NULL),(14888,181,NULL,0,NULL,NULL,'ENTRADA',2130,NULL),(14889,182,NULL,0,NULL,NULL,'ENTRADA',2130,NULL),(14890,183,NULL,0,NULL,NULL,'ENTRADA',2130,NULL),(14891,199,NULL,0,NULL,NULL,'ENTRADA',2131,NULL),(14892,200,NULL,0,NULL,NULL,'ENTRADA',2131,NULL),(14893,201,NULL,0,NULL,NULL,'ENTRADA',2131,NULL),(14894,202,NULL,0,NULL,NULL,'ENTRADA',2131,NULL),(14895,203,NULL,1482,NULL,NULL,'ENTRADA',2131,NULL),(14896,204,NULL,0,NULL,NULL,'ENTRADA',2132,NULL),(14897,205,NULL,0,NULL,NULL,'ENTRADA',2132,NULL),(14898,206,NULL,0,NULL,NULL,'ENTRADA',2132,NULL),(14899,207,NULL,0,NULL,NULL,'ENTRADA',2132,NULL),(14900,208,NULL,0,NULL,NULL,'ENTRADA',2132,NULL),(14901,209,NULL,681,NULL,NULL,'ENTRADA',2132,NULL),(14902,210,NULL,0,NULL,NULL,'ENTRADA',2133,NULL),(14903,211,NULL,0,NULL,NULL,'ENTRADA',2133,NULL),(14904,212,NULL,0,NULL,NULL,'ENTRADA',2133,NULL),(14905,213,NULL,0,NULL,NULL,'ENTRADA',2133,NULL),(14906,214,NULL,1,NULL,NULL,'ENTRADA',2133,NULL),(14907,215,NULL,10,NULL,NULL,'ENTRADA',2133,NULL),(14908,216,NULL,0,NULL,NULL,'ENTRADA',2134,NULL),(14909,217,NULL,0,NULL,NULL,'ENTRADA',2134,NULL),(14910,218,NULL,0,NULL,NULL,'ENTRADA',2134,NULL),(14911,219,NULL,0,NULL,NULL,'ENTRADA',2134,NULL),(14912,220,NULL,0,NULL,NULL,'ENTRADA',2134,NULL),(14913,221,NULL,0,NULL,NULL,'ENTRADA',2135,NULL),(14914,222,NULL,0,NULL,NULL,'ENTRADA',2135,NULL),(14915,223,NULL,0,NULL,NULL,'ENTRADA',2135,NULL),(14916,224,NULL,0,NULL,NULL,'ENTRADA',2135,NULL),(14917,225,NULL,5,NULL,NULL,'ENTRADA',2135,NULL),(14918,226,NULL,4,NULL,NULL,'ENTRADA',2136,NULL),(14919,227,NULL,0,NULL,NULL,'ENTRADA',2136,NULL),(14920,228,NULL,0,NULL,NULL,'ENTRADA',2136,NULL),(14921,229,NULL,0,NULL,NULL,'ENTRADA',2136,NULL),(14922,230,NULL,0,NULL,NULL,'ENTRADA',2136,NULL),(14923,231,NULL,0,NULL,NULL,'ENTRADA',2136,NULL),(14924,232,NULL,0,NULL,NULL,'ENTRADA',2136,NULL),(14925,233,NULL,105,NULL,NULL,'ENTRADA',2136,NULL),(14926,234,NULL,0,NULL,NULL,'ENTRADA',2137,NULL),(14927,235,NULL,0,NULL,NULL,'ENTRADA',2137,NULL),(14928,236,NULL,0,NULL,NULL,'ENTRADA',2137,NULL),(14929,237,NULL,0,NULL,NULL,'ENTRADA',2137,NULL),(14930,238,NULL,487,NULL,NULL,'ENTRADA',2137,NULL),(14931,239,NULL,0,NULL,NULL,'ENTRADA',2138,NULL),(14932,240,NULL,0,NULL,NULL,'ENTRADA',2138,NULL),(14933,241,NULL,0,NULL,NULL,'ENTRADA',2138,NULL),(14934,242,NULL,0,NULL,NULL,'ENTRADA',2138,NULL),(14935,243,NULL,0,NULL,NULL,'ENTRADA',2138,NULL),(14936,244,NULL,15,NULL,NULL,'ENTRADA',2138,NULL),(14937,245,NULL,0,NULL,NULL,'ENTRADA',2139,NULL),(14938,246,NULL,0,NULL,NULL,'ENTRADA',2139,NULL),(14939,247,NULL,0,NULL,NULL,'ENTRADA',2139,NULL),(14940,248,NULL,2,NULL,NULL,'ENTRADA',2139,NULL),(14941,249,NULL,0,NULL,NULL,'ENTRADA',2140,NULL),(14942,250,NULL,0,NULL,NULL,'ENTRADA',2140,NULL),(14943,251,NULL,0,NULL,NULL,'ENTRADA',2140,NULL),(14944,252,NULL,0,NULL,NULL,'ENTRADA',2140,NULL),(14945,253,NULL,0,NULL,NULL,'ENTRADA',2140,NULL),(14946,254,NULL,0,NULL,NULL,'ENTRADA',2140,NULL),(14947,255,NULL,361,NULL,NULL,'ENTRADA',2140,NULL),(14948,262,NULL,0,NULL,NULL,'ENTRADA',2141,NULL),(14949,263,NULL,0,NULL,NULL,'ENTRADA',2141,NULL),(14950,264,NULL,0,NULL,NULL,'ENTRADA',2141,NULL),(14951,265,NULL,0,NULL,NULL,'ENTRADA',2141,NULL),(14952,266,NULL,1,NULL,NULL,'ENTRADA',2141,NULL),(14953,256,NULL,0,NULL,NULL,'ENTRADA',2142,NULL),(14954,257,NULL,0,NULL,NULL,'ENTRADA',2142,NULL),(14955,258,NULL,0,NULL,NULL,'ENTRADA',2142,NULL),(14956,259,NULL,0,NULL,NULL,'ENTRADA',2142,NULL),(14957,260,NULL,0,NULL,NULL,'ENTRADA',2142,NULL),(14958,261,NULL,0,NULL,NULL,'ENTRADA',2142,NULL),(14959,114,272,3,NULL,NULL,'SALIDA',NULL,NULL),(14960,113,272,750,NULL,NULL,'SALIDA',NULL,NULL),(14961,261,272,1,NULL,NULL,'ENTRADA',NULL,NULL),(14962,261,273,1,NULL,NULL,'SALIDA',NULL,NULL),(14963,114,273,3,NULL,NULL,'ENTRADA',NULL,NULL),(14964,113,273,750,NULL,NULL,'ENTRADA',NULL,NULL),(14965,114,274,2,NULL,NULL,'SALIDA',NULL,NULL),(14966,113,274,450,NULL,NULL,'SALIDA',NULL,NULL),(14967,266,274,1,NULL,NULL,'ENTRADA',NULL,NULL),(14968,266,275,1,NULL,NULL,'SALIDA',NULL,NULL),(14969,114,275,2,NULL,NULL,'ENTRADA',NULL,NULL),(14970,113,275,450,NULL,NULL,'ENTRADA',NULL,NULL);
/*!40000 ALTER TABLE `denominacion_cantidad` ENABLE KEYS */;
UNLOCK TABLES;

--
-- Table structure for table `empresa`
--

DROP TABLE IF EXISTS `empresa`;
/*!40101 SET @saved_cs_client     = @@character_set_client */;
/*!40101 SET character_set_client = utf8 */;
CREATE TABLE `empresa` (
  `id` bigint(20) NOT NULL AUTO_INCREMENT,
  `nit` varchar(45) NOT NULL,
  `razon_social` varchar(150) NOT NULL,
  `direccion` varchar(100) NOT NULL,
  `ciiu` varchar(150) NOT NULL,
  `concepto` varchar(150) DEFAULT NULL,
  PRIMARY KEY (`id`)
) ENGINE=InnoDB DEFAULT CHARSET=utf8;
/*!40101 SET character_set_client = @saved_cs_client */;

--
-- Dumping data for table `empresa`
--

LOCK TABLES `empresa` WRITE;
/*!40000 ALTER TABLE `empresa` DISABLE KEYS */;
/*!40000 ALTER TABLE `empresa` ENABLE KEYS */;
UNLOCK TABLES;

--
-- Table structure for table `flujo_extraordinario`
--

DROP TABLE IF EXISTS `flujo_extraordinario`;
/*!40101 SET @saved_cs_client     = @@character_set_client */;
/*!40101 SET character_set_client = utf8 */;
CREATE TABLE `flujo_extraordinario` (
  `id` bigint(20) NOT NULL AUTO_INCREMENT,
  `idsoipc` varchar(450) DEFAULT NULL,
  `tipo` varchar(20) NOT NULL,
  `valor` decimal(15,2) NOT NULL,
  `turno` bigint(20) NOT NULL,
  `fecha` datetime NOT NULL,
  `estado` varchar(20) NOT NULL,
  `fx` bigint(20) NOT NULL,
  `descripcion` varchar(256) DEFAULT NULL,
  `criterio` varchar(100) NOT NULL,
  `naturaleza` varchar(100) DEFAULT NULL,
  `receptor` varchar(100) DEFAULT NULL,
  `cuenta` varchar(100) DEFAULT NULL,
  `concepto` varchar(100) DEFAULT NULL,
  PRIMARY KEY (`id`),
  KEY `flujo_extraordinario_turno_FK` (`turno`),
  KEY `flujo_extraordinario_fx_FK` (`fx`),
  CONSTRAINT `flujo_extraordinario_fx_FK` FOREIGN KEY (`fx`) REFERENCES `fx` (`id`) ON UPDATE CASCADE,
  CONSTRAINT `flujo_extraordinario_turno_FK` FOREIGN KEY (`turno`) REFERENCES `turno` (`id`) ON UPDATE CASCADE
) ENGINE=InnoDB AUTO_INCREMENT=22 DEFAULT CHARSET=utf8;
/*!40101 SET character_set_client = @saved_cs_client */;

--
-- Dumping data for table `flujo_extraordinario`
--

LOCK TABLES `flujo_extraordinario` WRITE;
/*!40000 ALTER TABLE `flujo_extraordinario` DISABLE KEYS */;
INSERT INTO `flujo_extraordinario` VALUES (18,NULL,'INGRESO',1.00,72,'2019-11-01 11:18:54','EJECUTADO',1,NULL,'PRESTAMOS','FINANCIACION','GENERAL',NULL,'AJUSTE PESOS'),(19,NULL,'INGRESO',1.00,72,'2019-11-01 11:21:32','EJECUTADO',1,NULL,'PRESTAMOS','FINANCIACION','GENERAL',NULL,'AJUSTE DOLARES'),(20,NULL,'EGRESO',39000.00,75,'2019-11-01 12:25:28','EJECUTADO',1,NULL,'PRESTAMOS','FINANCIACION','GENERAL',NULL,'AJUSTE PESOS'),(21,NULL,'EGRESO',1110000.00,71,'2019-11-01 12:55:47','EJECUTADO',1,NULL,'SERVICIOS','OPERACION','SUCURSAL-1',NULL,'VARIOS');
/*!40000 ALTER TABLE `flujo_extraordinario` ENABLE KEYS */;
UNLOCK TABLES;

--
-- Table structure for table `fondeo`
--

DROP TABLE IF EXISTS `fondeo`;
/*!40101 SET @saved_cs_client     = @@character_set_client */;
/*!40101 SET character_set_client = utf8 */;
CREATE TABLE `fondeo` (
  `id` bigint(20) NOT NULL AUTO_INCREMENT,
  `fecha` datetime NOT NULL,
  `sucursal` bigint(20) DEFAULT NULL,
  `turno_origen` bigint(20) DEFAULT NULL,
  `turno_destino` bigint(20) DEFAULT NULL,
  `estado` varchar(20) NOT NULL,
  `valor_giro` decimal(14,2) NOT NULL,
  `fx` bigint(20) NOT NULL,
  PRIMARY KEY (`id`),
  KEY `fk_usuario_traslados_idx` (`turno_origen`),
  KEY `fk_usuario_traslados_idx1` (`turno_destino`),
  KEY `fk_fx_traslado_idx` (`fx`),
  KEY `fk_sucursal_destino_idx` (`sucursal`),
  CONSTRAINT `fk_fx_fondeo` FOREIGN KEY (`fx`) REFERENCES `fx` (`id`) ON UPDATE CASCADE,
  CONSTRAINT `fondeo_turno_FK` FOREIGN KEY (`turno_origen`) REFERENCES `turno` (`id`) ON UPDATE CASCADE,
  CONSTRAINT `fondeo_turno_FK_1` FOREIGN KEY (`turno_destino`) REFERENCES `turno` (`id`) ON DELETE CASCADE
) ENGINE=InnoDB AUTO_INCREMENT=4 DEFAULT CHARSET=utf8;
/*!40101 SET character_set_client = @saved_cs_client */;

--
-- Dumping data for table `fondeo`
--

LOCK TABLES `fondeo` WRITE;
/*!40000 ALTER TABLE `fondeo` DISABLE KEYS */;
/*!40000 ALTER TABLE `fondeo` ENABLE KEYS */;
UNLOCK TABLES;

--
-- Table structure for table `functionality`
--

DROP TABLE IF EXISTS `functionality`;
/*!40101 SET @saved_cs_client     = @@character_set_client */;
/*!40101 SET character_set_client = utf8 */;
CREATE TABLE `functionality` (
  `id` bigint(20) NOT NULL AUTO_INCREMENT,
  `name` varchar(100) NOT NULL,
  `description` varchar(400) NOT NULL,
  `menu` bigint(20) DEFAULT NULL,
  PRIMARY KEY (`id`),
  UNIQUE KEY `name_UNIQUE` (`name`),
  UNIQUE KEY `menu_UNIQUE` (`menu`),
  KEY `fk_menu_functionalities_idx` (`menu`),
  CONSTRAINT `fk_menu_functionalities` FOREIGN KEY (`menu`) REFERENCES `menu` (`id`) ON UPDATE CASCADE
) ENGINE=InnoDB AUTO_INCREMENT=2 DEFAULT CHARSET=utf8;
/*!40101 SET character_set_client = @saved_cs_client */;

--
-- Dumping data for table `functionality`
--

LOCK TABLES `functionality` WRITE;
/*!40000 ALTER TABLE `functionality` DISABLE KEYS */;
/*!40000 ALTER TABLE `functionality` ENABLE KEYS */;
UNLOCK TABLES;

--
-- Table structure for table `functionality_resource`
--

DROP TABLE IF EXISTS `functionality_resource`;
/*!40101 SET @saved_cs_client     = @@character_set_client */;
/*!40101 SET character_set_client = utf8 */;
CREATE TABLE `functionality_resource` (
  `functionality` bigint(20) NOT NULL,
  `resource` bigint(20) NOT NULL,
  PRIMARY KEY (`functionality`,`resource`),
  KEY `fk_role_permission_permission_idx` (`resource`),
  CONSTRAINT `fk_functionality_resources` FOREIGN KEY (`functionality`) REFERENCES `functionality` (`id`) ON UPDATE CASCADE,
  CONSTRAINT `fk_resource_functionalities` FOREIGN KEY (`resource`) REFERENCES `resource` (`id`) ON UPDATE CASCADE
) ENGINE=InnoDB DEFAULT CHARSET=utf8;
/*!40101 SET character_set_client = @saved_cs_client */;

--
-- Dumping data for table `functionality_resource`
--

LOCK TABLES `functionality_resource` WRITE;
/*!40000 ALTER TABLE `functionality_resource` DISABLE KEYS */;
/*!40000 ALTER TABLE `functionality_resource` ENABLE KEYS */;
UNLOCK TABLES;

--
-- Table structure for table `fx`
--

DROP TABLE IF EXISTS `fx`;
/*!40101 SET @saved_cs_client     = @@character_set_client */;
/*!40101 SET character_set_client = utf8 */;
CREATE TABLE `fx` (
  `id` bigint(20) NOT NULL AUTO_INCREMENT,
  `cod` varchar(15) CHARACTER SET utf8 COLLATE utf8_bin NOT NULL,
  `concepto` varchar(245) NOT NULL,
  PRIMARY KEY (`id`),
  UNIQUE KEY `cod_UNIQUE` (`cod`)
) ENGINE=InnoDB AUTO_INCREMENT=27 DEFAULT CHARSET=utf8;
/*!40101 SET character_set_client = @saved_cs_client */;

--
-- Dumping data for table `fx`
--

LOCK TABLES `fx` WRITE;
/*!40000 ALTER TABLE `fx` DISABLE KEYS */;
INSERT INTO `fx` VALUES (1,'COP','Peso Colombiano'),(2,'USD','Dolar Americano'),(3,'EUR','Euro'),(11,'GBP','Libra Esterlina'),(15,'CAD','Dolar Canadiense'),(16,'MXN','Peso Mexicano'),(17,'BRL','Real Brasilero'),(18,'AUD','Dolar Australiano'),(19,'PEN','Sol Peruano'),(20,'ARS','Peso Argentino'),(21,'CLP','Peso Chileno'),(22,'CHF','Franco Suizo'),(23,'JPY','Yen JAPONES'),(24,'CNY','Yuan CHINO'),(25,'HKD','Dolar de HONG KONG'),(26,'KRW','Won SURCOREANO');
/*!40000 ALTER TABLE `fx` ENABLE KEYS */;
UNLOCK TABLES;

--
-- Table structure for table `fx_sucursal`
--

DROP TABLE IF EXISTS `fx_sucursal`;
/*!40101 SET @saved_cs_client     = @@character_set_client */;
/*!40101 SET character_set_client = utf8 */;
CREATE TABLE `fx_sucursal` (
  `id` bigint(20) NOT NULL AUTO_INCREMENT,
  `fx` bigint(20) NOT NULL,
  `sucursal` bigint(20) NOT NULL,
  `precio_compra` decimal(15,2) NOT NULL,
  `precio_venta` decimal(15,2) NOT NULL,
  `precio_valoracion` decimal(15,2) NOT NULL,
  PRIMARY KEY (`id`),
  UNIQUE KEY `idx_fx_sucursal` (`fx`,`sucursal`),
  KEY `fk_sucursal_fx_sucursales_idx` (`sucursal`),
  KEY `fk_fx_fx_sucursales_idx` (`fx`),
  CONSTRAINT `fk_fx_fx_sucursales` FOREIGN KEY (`fx`) REFERENCES `fx` (`id`) ON UPDATE CASCADE,
  CONSTRAINT `fk_sucursal_fx_sucursales` FOREIGN KEY (`sucursal`) REFERENCES `sucursal` (`id`) ON UPDATE CASCADE
) ENGINE=InnoDB AUTO_INCREMENT=120 DEFAULT CHARSET=utf8;
/*!40101 SET character_set_client = @saved_cs_client */;

--
-- Dumping data for table `fx_sucursal`
--

LOCK TABLES `fx_sucursal` WRITE;
/*!40000 ALTER TABLE `fx_sucursal` DISABLE KEYS */;
INSERT INTO `fx_sucursal` VALUES (9,2,1,3200.00,3290.00,3245.00),(10,3,1,3580.00,3670.00,3535.00),(11,11,1,4000.00,4250.00,4125.00),(12,15,1,2500.00,2660.00,2580.00),(13,16,1,160.00,195.00,177.00),(14,17,1,760.00,860.00,810.00),(15,18,1,1750.00,2300.00,2025.00),(16,19,1,770.00,1020.00,895.00),(17,20,1,45.00,50.00,47.50),(18,21,1,3.62,4.58,4.10),(19,22,1,2600.00,3295.00,2940.00),(20,23,1,24.30,30.78,27.54),(21,24,1,363.00,460.00,411.00),(22,25,1,330.00,420.00,375.00),(23,26,1,2.16,2.74,2.45),(24,2,2,3200.00,3290.00,3245.00),(25,3,2,3580.00,3670.00,3535.00),(26,11,2,4000.00,4250.00,4125.00),(27,15,2,2500.00,2660.00,2580.00),(28,16,2,160.00,195.00,177.00),(29,17,2,760.00,860.00,810.00),(30,18,2,1750.00,2300.00,2025.00),(31,19,2,770.00,1020.00,895.00),(32,20,2,45.00,50.00,47.50),(33,21,2,3.62,4.58,4.10),(34,22,2,2600.00,3295.00,2940.00),(35,23,2,24.30,30.78,27.54),(36,24,2,363.00,460.00,411.00),(37,25,2,330.00,420.00,375.00),(38,26,2,2.16,2.74,2.45),(41,2,3,3200.00,3290.00,3245.00),(42,3,3,3580.00,3670.00,3535.00),(43,11,3,4000.00,4250.00,4125.00),(44,15,3,2500.00,2660.00,2580.00),(45,16,3,160.00,195.00,177.00),(46,17,3,760.00,860.00,810.00),(47,18,3,1750.00,2300.00,2025.00),(48,19,3,770.00,1020.00,895.00),(49,20,3,45.00,50.00,47.50),(50,21,3,3.62,4.58,4.10),(51,22,3,2600.00,3295.00,2940.00),(52,23,3,24.30,30.78,27.54),(53,24,3,363.00,460.00,411.00),(54,25,3,330.00,420.00,375.00),(55,26,3,2.16,2.74,2.45),(56,2,4,3200.00,3290.00,3245.00),(57,3,4,3580.00,3670.00,3535.00),(58,11,4,4000.00,4250.00,4125.00),(59,15,4,2500.00,2660.00,2580.00),(60,16,4,160.00,195.00,177.00),(61,17,4,760.00,860.00,810.00),(62,18,4,1750.00,2300.00,2025.00),(63,19,4,770.00,1020.00,895.00),(64,20,4,45.00,50.00,47.50),(65,21,4,3.62,4.58,4.10),(66,22,4,2600.00,3295.00,2940.00),(67,23,4,24.30,30.78,27.54),(68,24,4,363.00,460.00,411.00),(69,25,4,330.00,420.00,375.00),(70,26,4,2.16,2.74,2.45),(71,2,5,3200.00,3290.00,3245.00),(72,3,5,3580.00,3670.00,3535.00),(73,11,5,4000.00,4250.00,4125.00),(74,15,5,2500.00,2660.00,2580.00),(75,16,5,160.00,195.00,177.00),(76,17,5,760.00,860.00,810.00),(77,18,5,1750.00,2300.00,2025.00),(78,19,5,770.00,1020.00,895.00),(79,20,5,45.00,50.00,47.50),(80,21,5,3.62,4.58,4.10),(81,22,5,2600.00,3295.00,2940.00),(82,23,5,24.30,30.78,27.54),(83,24,5,363.00,460.00,411.00),(84,25,5,330.00,420.00,375.00),(85,26,5,2.16,2.74,2.45),(86,2,6,3200.00,3290.00,3245.00),(87,3,6,3580.00,3670.00,3535.00),(88,11,6,4000.00,4250.00,4125.00),(89,15,6,2500.00,2660.00,2580.00),(90,16,6,160.00,195.00,177.00),(91,17,6,760.00,860.00,810.00),(92,18,6,1750.00,2300.00,2025.00),(93,19,6,770.00,1020.00,895.00),(94,20,6,45.00,50.00,47.50),(95,21,6,3.62,4.58,4.10),(96,22,6,2600.00,3295.00,2940.00),(97,23,6,24.30,30.78,27.54),(98,24,6,363.00,460.00,411.00),(99,25,6,330.00,420.00,375.00),(100,26,6,2.16,2.74,2.45),(105,2,13,3200.00,3300.00,3250.00),(106,3,13,3500.00,3600.00,3550.00),(107,11,13,4000.00,4200.00,4100.00),(108,15,13,2500.00,2600.00,2550.00),(109,16,13,150.00,180.00,165.00),(110,17,13,730.00,780.00,750.00),(111,18,13,2200.00,2500.00,2350.00),(112,19,13,900.00,1000.00,950.00),(113,20,13,35.00,50.00,42.00),(114,21,13,3.90,5.00,4.50),(115,22,13,3000.00,3200.00,3100.00),(116,23,13,20.00,40.00,30.00),(117,24,13,400.00,600.00,500.00),(118,25,13,200.00,300.00,250.00),(119,26,13,2.10,3.00,2.50);
/*!40000 ALTER TABLE `fx_sucursal` ENABLE KEYS */;
UNLOCK TABLES;

--
-- Table structure for table `item_arqueo`
--

DROP TABLE IF EXISTS `item_arqueo`;
/*!40101 SET @saved_cs_client     = @@character_set_client */;
/*!40101 SET character_set_client = utf8 */;
CREATE TABLE `item_arqueo` (
  `id` bigint(20) NOT NULL AUTO_INCREMENT,
  `arqueo` bigint(20) NOT NULL,
  `saldo_inicial` decimal(15,4) DEFAULT 0.0000,
  `saldo_final` decimal(15,4) DEFAULT 0.0000,
  `nominal_compras` decimal(15,4) DEFAULT 0.0000,
  `nominal_ventas` decimal(15,4) DEFAULT 0.0000,
  `nominal_egresos` decimal(15,4) DEFAULT 0.0000,
  `nominal_ingresos` decimal(15,4) DEFAULT 0.0000,
  `nominal_traslados_entrantes` decimal(15,4) DEFAULT 0.0000,
  `nominal_traslados_salientes` decimal(15,4) DEFAULT 0.0000,
  `moneda` bigint(20) NOT NULL,
  `saldo_real` decimal(15,4) DEFAULT NULL,
  PRIMARY KEY (`id`),
  KEY `item_arqueo_arqueo_FK` (`arqueo`),
  KEY `item_arqueo_fx_FK` (`moneda`),
  CONSTRAINT `item_arqueo_arqueo_FK` FOREIGN KEY (`arqueo`) REFERENCES `arqueo` (`id`) ON UPDATE CASCADE,
  CONSTRAINT `item_arqueo_fx_FK` FOREIGN KEY (`moneda`) REFERENCES `fx` (`id`) ON UPDATE CASCADE
) ENGINE=InnoDB AUTO_INCREMENT=441 DEFAULT CHARSET=utf8;
/*!40101 SET character_set_client = @saved_cs_client */;

--
-- Dumping data for table `item_arqueo`
--

LOCK TABLES `item_arqueo` WRITE;
/*!40000 ALTER TABLE `item_arqueo` DISABLE KEYS */;
INSERT INTO `item_arqueo` VALUES (377,290,12805.0000,21990.0000,2185.0000,7000.0000,0.0000,0.0000,14000.0000,0.0000,3,0.0000),(378,290,43000.0000,43000.0000,0.0000,0.0000,0.0000,0.0000,0.0000,0.0000,21,NULL),(379,290,0.0000,0.0000,0.0000,0.0000,0.0000,0.0000,0.0000,0.0000,26,NULL),(380,290,2516.0000,2516.0000,0.0000,0.0000,0.0000,0.0000,0.0000,0.0000,24,NULL),(381,290,0.0000,300.0000,300.0000,0.0000,0.0000,0.0000,0.0000,0.0000,16,0.0000),(382,290,7.0000,7.0000,0.0000,0.0000,0.0000,0.0000,0.0000,0.0000,17,0.0000),(383,290,0.0000,0.0000,0.0000,0.0000,0.0000,0.0000,0.0000,0.0000,23,NULL),(384,290,150.0000,150.0000,0.0000,0.0000,0.0000,0.0000,0.0000,0.0000,19,0.0000),(385,290,200.0000,200.0000,0.0000,0.0000,0.0000,0.0000,0.0000,0.0000,25,NULL),(386,290,0.0000,0.0000,0.0000,0.0000,0.0000,0.0000,0.0000,0.0000,11,0.0000),(387,290,41672.0000,35306.0000,10147.0000,45513.0000,0.0000,0.0000,29000.0000,0.0000,2,0.0000),(388,290,800.0000,800.0000,0.0000,0.0000,0.0000,0.0000,0.0000,0.0000,18,0.0000),(389,290,700.0000,700.0000,0.0000,0.0000,0.0000,0.0000,0.0000,0.0000,22,NULL),(390,290,154559755.0000,55319625.0000,40726090.0000,176985960.0000,0.0000,0.0000,0.0000,235500000.0000,1,0.0000),(391,290,920.0000,920.0000,0.0000,0.0000,0.0000,0.0000,0.0000,0.0000,20,0.0000),(392,290,7760.0000,7590.0000,100.0000,270.0000,0.0000,0.0000,0.0000,0.0000,15,0.0000),(393,291,12805.0000,20765.0000,2185.0000,8225.0000,0.0000,0.0000,14000.0000,0.0000,3,0.0000),(394,291,7760.0000,7590.0000,100.0000,270.0000,0.0000,0.0000,0.0000,0.0000,15,0.0000),(395,291,7.0000,7.0000,0.0000,0.0000,0.0000,0.0000,0.0000,0.0000,17,0.0000),(396,291,0.0000,0.0000,0.0000,0.0000,0.0000,0.0000,0.0000,0.0000,26,NULL),(397,291,150.0000,150.0000,0.0000,0.0000,0.0000,0.0000,0.0000,0.0000,19,0.0000),(398,291,920.0000,920.0000,0.0000,0.0000,0.0000,0.0000,0.0000,0.0000,20,0.0000),(399,291,200.0000,200.0000,0.0000,0.0000,0.0000,0.0000,0.0000,0.0000,25,NULL),(400,291,0.0000,0.0000,0.0000,0.0000,0.0000,0.0000,0.0000,0.0000,11,0.0000),(401,291,2516.0000,2516.0000,0.0000,0.0000,0.0000,0.0000,0.0000,0.0000,24,NULL),(402,291,41672.0000,35306.0000,10147.0000,45513.0000,0.0000,0.0000,29000.0000,0.0000,2,0.0000),(403,291,0.0000,0.0000,0.0000,0.0000,0.0000,0.0000,0.0000,0.0000,23,NULL),(404,291,0.0000,300.0000,300.0000,0.0000,0.0000,0.0000,0.0000,0.0000,16,0.0000),(405,291,700.0000,700.0000,0.0000,0.0000,0.0000,0.0000,0.0000,0.0000,22,NULL),(406,291,154559755.0000,59778625.0000,40726090.0000,181444960.0000,0.0000,0.0000,0.0000,235500000.0000,1,0.0000),(407,291,800.0000,800.0000,0.0000,0.0000,0.0000,0.0000,0.0000,0.0000,18,0.0000),(408,291,43000.0000,43000.0000,0.0000,0.0000,0.0000,0.0000,0.0000,0.0000,21,NULL),(409,292,71.0000,71.0000,0.0000,0.0000,0.0000,0.0000,0.0000,0.0000,24,NULL),(410,292,3600.0000,4150.0000,550.0000,0.0000,0.0000,0.0000,0.0000,0.0000,3,0.0000),(411,292,2515.0000,2515.0000,0.0000,0.0000,0.0000,0.0000,0.0000,0.0000,18,0.0000),(412,292,3000.0000,3000.0000,0.0000,0.0000,0.0000,0.0000,0.0000,0.0000,23,NULL),(413,292,95.0000,95.0000,0.0000,0.0000,0.0000,0.0000,0.0000,0.0000,11,0.0000),(414,292,0.0000,0.0000,0.0000,0.0000,0.0000,0.0000,0.0000,0.0000,20,0.0000),(415,292,290.0000,290.0000,0.0000,0.0000,0.0000,0.0000,0.0000,0.0000,22,NULL),(416,292,74637912.0000,64310302.0000,28932960.0000,68605350.0000,0.0000,0.0000,0.0000,50000000.0000,1,0.0000),(417,292,10000.0000,20000.0000,10000.0000,0.0000,0.0000,0.0000,0.0000,0.0000,21,NULL),(418,292,320.0000,320.0000,0.0000,0.0000,0.0000,0.0000,0.0000,0.0000,15,0.0000),(419,292,2337.0000,2337.0000,0.0000,0.0000,0.0000,0.0000,0.0000,0.0000,17,0.0000),(420,292,0.0000,0.0000,0.0000,0.0000,0.0000,0.0000,0.0000,0.0000,16,0.0000),(421,292,0.0000,0.0000,0.0000,0.0000,0.0000,0.0000,0.0000,0.0000,19,0.0000),(422,292,0.0000,0.0000,0.0000,0.0000,0.0000,0.0000,0.0000,0.0000,25,NULL),(423,292,0.0000,0.0000,0.0000,0.0000,0.0000,0.0000,0.0000,0.0000,26,NULL),(424,292,27977.0000,25628.0000,8376.0000,20725.0000,0.0000,0.0000,10000.0000,0.0000,2,0.0000),(425,293,20.0000,20.0000,0.0000,0.0000,0.0000,0.0000,0.0000,0.0000,11,0.0000),(426,293,2190.0000,2190.0000,0.0000,0.0000,0.0000,0.0000,0.0000,0.0000,18,0.0000),(427,293,4838.0000,11474.0000,2190.0000,3554.0000,0.0000,0.0000,8000.0000,0.0000,2,0.0000),(428,293,1240.0000,3240.0000,0.0000,0.0000,0.0000,0.0000,2000.0000,0.0000,3,0.0000),(429,293,525000.0000,525000.0000,0.0000,0.0000,0.0000,0.0000,0.0000,0.0000,21,NULL),(430,293,240.0000,240.0000,0.0000,0.0000,0.0000,0.0000,0.0000,0.0000,16,0.0000),(431,293,0.0000,0.0000,0.0000,0.0000,0.0000,0.0000,0.0000,0.0000,25,NULL),(432,293,710.0000,710.0000,0.0000,0.0000,0.0000,0.0000,0.0000,0.0000,20,0.0000),(433,293,1.0000,1.0000,0.0000,0.0000,0.0000,0.0000,0.0000,0.0000,24,NULL),(434,293,60.0000,60.0000,0.0000,0.0000,0.0000,0.0000,0.0000,0.0000,19,0.0000),(435,293,420.0000,420.0000,0.0000,0.0000,0.0000,0.0000,0.0000,0.0000,22,NULL),(436,293,0.0000,0.0000,0.0000,0.0000,0.0000,0.0000,0.0000,0.0000,26,NULL),(437,293,7.0000,7.0000,0.0000,0.0000,0.0000,0.0000,0.0000,0.0000,17,0.0000),(438,293,61842090.0000,31589570.0000,7051800.0000,11799280.0000,0.0000,0.0000,0.0000,35000000.0000,1,0.0000),(439,293,110.0000,110.0000,0.0000,0.0000,0.0000,0.0000,0.0000,0.0000,15,0.0000),(440,293,0.0000,0.0000,0.0000,0.0000,0.0000,0.0000,0.0000,0.0000,23,NULL);
/*!40000 ALTER TABLE `item_arqueo` ENABLE KEYS */;
UNLOCK TABLES;

--
-- Table structure for table `menu`
--

DROP TABLE IF EXISTS `menu`;
/*!40101 SET @saved_cs_client     = @@character_set_client */;
/*!40101 SET character_set_client = utf8 */;
CREATE TABLE `menu` (
  `id` bigint(20) NOT NULL AUTO_INCREMENT,
  `name` varchar(45) NOT NULL,
  `index` int(11) NOT NULL,
  `parent` bigint(20) DEFAULT NULL,
  `description` varchar(500) DEFAULT NULL,
  `target` varchar(500) DEFAULT NULL,
  PRIMARY KEY (`id`),
  KEY `fk_menu_parent_idx` (`parent`),
  CONSTRAINT `fk_menu_children` FOREIGN KEY (`parent`) REFERENCES `menu` (`id`) ON UPDATE CASCADE
) ENGINE=InnoDB AUTO_INCREMENT=2 DEFAULT CHARSET=utf8;
/*!40101 SET character_set_client = @saved_cs_client */;

--
-- Dumping data for table `menu`
--

LOCK TABLES `menu` WRITE;
/*!40000 ALTER TABLE `menu` DISABLE KEYS */;
/*!40000 ALTER TABLE `menu` ENABLE KEYS */;
UNLOCK TABLES;

--
-- Table structure for table `operacion`
--

DROP TABLE IF EXISTS `operacion`;
/*!40101 SET @saved_cs_client     = @@character_set_client */;
/*!40101 SET character_set_client = utf8 */;
CREATE TABLE `operacion` (
  `id` bigint(20) NOT NULL AUTO_INCREMENT,
  `fecha_operacion` datetime NOT NULL,
  `fx_base` bigint(20) NOT NULL,
  `fx_oper` bigint(20) NOT NULL,
  `tipo` varchar(10) NOT NULL,
  `nominal` decimal(14,2) NOT NULL,
  `valor_fx_operacion` decimal(14,2) NOT NULL,
  `estado` varchar(20) NOT NULL,
  `id_soipc` varchar(45) DEFAULT NULL,
  `valor_valoracion` decimal(14,2) NOT NULL,
  `turno` bigint(20) DEFAULT NULL,
  `turno_edicion` bigint(20) DEFAULT NULL,
  `descripcion` varchar(300) DEFAULT NULL,
  PRIMARY KEY (`id`),
  KEY `fk_fx_operaciones_idx` (`fx_base`),
  KEY `fk_fx_operaciones_idx1` (`fx_oper`),
  KEY `fk_sucursal_operaciones_idx` (`turno`),
  KEY `fk_turno_edicion_operaciones` (`turno_edicion`),
  CONSTRAINT `fk_fx_bases` FOREIGN KEY (`fx_base`) REFERENCES `fx` (`id`) ON UPDATE CASCADE,
  CONSTRAINT `fk_fx_operaciones` FOREIGN KEY (`fx_oper`) REFERENCES `fx` (`id`) ON UPDATE CASCADE,
  CONSTRAINT `fk_turno_edicion_operaciones` FOREIGN KEY (`turno_edicion`) REFERENCES `turno` (`id`) ON UPDATE CASCADE,
  CONSTRAINT `fk_turno_operacion` FOREIGN KEY (`turno`) REFERENCES `turno` (`id`) ON UPDATE CASCADE
) ENGINE=InnoDB AUTO_INCREMENT=276 DEFAULT CHARSET=utf8;
/*!40101 SET character_set_client = @saved_cs_client */;

--
-- Dumping data for table `operacion`
--

LOCK TABLES `operacion` WRITE;
/*!40000 ALTER TABLE `operacion` DISABLE KEYS */;
INSERT INTO `operacion` VALUES (207,'2019-11-01 10:55:23',1,2,'COMPRA',11810.00,3230.00,'EJECUTADA',NULL,3245.00,71,NULL,NULL),(208,'2019-11-01 10:56:09',1,2,'COMPRA',4989.00,3220.00,'EJECUTADA',NULL,3245.00,71,NULL,NULL),(209,'2019-11-01 10:56:52',1,2,'COMPRA',1221.00,3210.00,'EJECUTADA',NULL,3245.00,71,NULL,NULL),(210,'2019-11-01 10:59:12',1,2,'VENTA',2727.00,3310.00,'EJECUTADA',NULL,3245.00,71,NULL,NULL),(211,'2019-11-01 11:00:01',1,2,'VENTA',20414.00,3300.00,'EJECUTADA',NULL,3245.00,71,NULL,NULL),(212,'2019-11-01 11:00:37',1,2,'VENTA',9900.00,3290.00,'EJECUTADA',NULL,3245.00,71,NULL,NULL),(213,'2019-11-01 11:17:25',1,2,'COMPRA',57000.00,3283.00,'EJECUTADA',NULL,3250.00,72,NULL,NULL),(214,'2019-11-01 11:19:20',1,2,'COMPRA',20000.00,3275.00,'EJECUTADA',NULL,3250.00,72,NULL,NULL),(215,'2019-11-01 11:21:49',1,2,'COMPRA',1.00,1.00,'EJECUTADA',NULL,3250.00,72,NULL,NULL),(216,'2019-11-01 11:24:46',1,2,'COMPRA',10147.00,3220.00,'EJECUTADA',NULL,3245.00,73,NULL,NULL),(217,'2019-11-01 11:25:39',1,2,'VENTA',33513.00,3320.00,'EJECUTADA',NULL,3245.00,73,NULL,NULL),(218,'2019-11-01 11:26:32',1,2,'VENTA',12000.00,3310.00,'EJECUTADA',NULL,3245.00,73,NULL,NULL),(219,'2019-11-01 11:37:45',1,3,'COMPRA',2185.00,3550.00,'EJECUTADA',NULL,3535.00,73,NULL,NULL),(220,'2019-11-01 11:38:50',1,3,'VENTA',6000.00,3610.00,'EJECUTADA',NULL,3535.00,73,NULL,NULL),(221,'2019-11-01 11:39:39',1,3,'VENTA',1000.00,3630.00,'EJECUTADA',NULL,3535.00,73,NULL,NULL),(222,'2019-11-01 11:40:23',1,16,'COMPRA',300.00,160.00,'EJECUTADA',NULL,177.00,73,NULL,NULL),(223,'2019-11-01 11:41:03',1,15,'COMPRA',100.00,2480.00,'EJECUTADA',NULL,2580.00,73,NULL,NULL),(224,'2019-11-01 11:41:52',1,15,'COMPRA',270.00,2640.00,'CANCELADA',NULL,2580.00,73,73,NULL),(225,'2019-11-01 11:42:38',1,15,'VENTA',270.00,2640.00,'EJECUTADA',NULL,2580.00,73,NULL,NULL),(226,'2019-11-01 11:48:47',1,3,'VENTA',1225.00,3640.00,'EJECUTADA',NULL,3535.00,73,NULL,NULL),(227,'2019-11-01 12:07:36',1,2,'COMPRA',5180.00,3240.00,'EJECUTADA',NULL,3245.00,74,NULL,NULL),(228,'2019-11-01 12:08:31',1,2,'VENTA',10758.00,3320.00,'EJECUTADA',NULL,3245.00,74,NULL,NULL),(229,'2019-11-01 12:13:33',1,2,'COMPRA',5450.00,3220.00,'EJECUTADA',NULL,3245.00,75,NULL,NULL),(230,'2019-11-01 12:14:12',1,2,'COMPRA',2926.00,3210.00,'EJECUTADA',NULL,3245.00,75,NULL,NULL),(231,'2019-11-01 12:14:52',1,2,'VENTA',560.00,3320.00,'EJECUTADA',NULL,3245.00,75,NULL,NULL),(232,'2019-11-01 12:15:31',1,2,'VENTA',20165.00,3310.00,'EJECUTADA',NULL,3245.00,75,NULL,NULL),(233,'2019-11-01 12:16:20',1,3,'COMPRA',550.00,3550.00,'EJECUTADA',NULL,3535.00,75,NULL,NULL),(234,'2019-11-01 12:17:00',1,21,'COMPRA',10000.00,3.90,'CANCELADA',NULL,4.10,75,75,NULL),(235,'2019-11-01 12:40:02',1,2,'COMPRA',2190.00,3220.00,'EJECUTADA',NULL,3245.00,76,NULL,NULL),(236,'2019-11-01 12:40:38',1,2,'VENTA',3554.00,3320.00,'EJECUTADA',NULL,3245.00,76,NULL,NULL),(237,'2019-11-01 12:44:51',1,3,'COMPRA',965.00,3550.00,'EJECUTADA',NULL,3535.00,76,NULL,NULL),(238,'2019-11-01 12:45:18',1,3,'VENTA',100.00,3640.00,'EJECUTADA',NULL,3535.00,76,NULL,NULL),(239,'2019-11-01 12:47:49',1,2,'COMPRA',2651.00,3220.00,'EJECUTADA',NULL,3245.00,77,NULL,NULL),(240,'2019-11-01 12:48:27',1,2,'COMPRA',2257.00,3210.00,'EJECUTADA',NULL,3245.00,77,NULL,NULL),(241,'2019-11-01 12:49:00',1,2,'VENTA',568.00,3320.00,'EJECUTADA',NULL,3245.00,77,NULL,NULL),(242,'2019-11-01 12:49:38',1,2,'VENTA',417.00,3310.00,'EJECUTADA',NULL,3245.00,77,NULL,NULL),(243,'2019-11-01 12:50:06',1,2,'VENTA',420.00,3300.00,'EJECUTADA',NULL,3245.00,77,NULL,NULL),(244,'2019-11-01 12:50:46',1,3,'COMPRA',65.00,3550.00,'EJECUTADA',NULL,3535.00,77,NULL,NULL),(245,'2019-11-01 12:51:29',1,3,'VENTA',6500.00,3640.00,'EJECUTADA',NULL,3535.00,77,NULL,NULL),(246,'2019-11-01 13:04:42',1,3,'COMPRA',1870.00,3550.00,'EJECUTADA',NULL,3535.00,71,NULL,NULL),(247,'2019-11-01 13:05:38',1,3,'COMPRA',200.00,3510.00,'EJECUTADA',NULL,3535.00,71,NULL,NULL),(248,'2019-11-01 13:06:50',1,3,'COMPRA',20000.00,3595.00,'EJECUTADA',NULL,3535.00,71,NULL,NULL),(249,'2019-11-01 13:07:31',1,3,'VENTA',5655.00,3640.00,'EJECUTADA',NULL,3535.00,71,NULL,NULL),(250,'2019-11-01 13:08:18',1,15,'COMPRA',50.00,2480.00,'EJECUTADA',NULL,2580.00,71,NULL,NULL),(251,'2019-11-01 13:08:55',1,15,'VENTA',190.00,2640.00,'EJECUTADA',NULL,2580.00,71,NULL,NULL),(252,'2019-11-01 13:09:57',1,16,'VENTA',4000.00,200.00,'EJECUTADA',NULL,177.00,71,NULL,NULL),(253,'2019-11-01 15:09:11',1,11,'COMPRA',5.00,4125.00,'EJECUTADA',NULL,4125.00,78,NULL,NULL),(254,'2019-11-01 15:09:35',1,11,'VENTA',5.00,4125.00,'EJECUTADA',NULL,4125.00,78,NULL,NULL),(255,'2019-11-01 15:10:47',1,17,'COMPRA',2.00,810.00,'EJECUTADA',NULL,810.00,78,NULL,NULL),(256,'2019-11-01 15:11:32',1,17,'VENTA',2.00,810.00,'EJECUTADA',NULL,810.00,78,NULL,NULL),(257,'2019-11-01 15:18:06',1,19,'COMPRA',10.00,895.00,'EJECUTADA',NULL,895.00,78,NULL,NULL),(258,'2019-11-01 15:18:28',1,19,'VENTA',10.00,895.00,'EJECUTADA',NULL,895.00,78,NULL,NULL),(259,'2019-11-01 15:30:38',1,20,'VENTA',5.00,810.00,'CANCELADA',NULL,47.50,78,78,NULL),(260,'2019-11-01 15:32:40',1,20,'COMPRA',10.00,47.50,'EJECUTADA',NULL,47.50,78,NULL,NULL),(261,'2019-11-01 15:33:05',1,20,'VENTA',10.00,47.50,'EJECUTADA',NULL,47.50,78,NULL,NULL),(262,'2019-11-01 15:35:16',1,18,'COMPRA',5.00,2025.00,'EJECUTADA',NULL,2025.00,78,NULL,NULL),(263,'2019-11-01 15:35:43',1,18,'VENTA',5.00,2025.00,'EJECUTADA',NULL,2025.00,78,NULL,NULL),(264,'2019-11-01 15:37:41',1,21,'COMPRA',1000.00,4.10,'EJECUTADA',NULL,4.10,78,NULL,NULL),(265,'2019-11-01 15:38:02',1,21,'VENTA',1000.00,4.10,'EJECUTADA',NULL,4.10,78,NULL,NULL),(266,'2019-11-01 15:39:12',1,22,'COMPRA',10.00,2940.00,'EJECUTADA',NULL,2940.00,78,NULL,NULL),(267,'2019-11-01 15:39:43',1,22,'VENTA',10.00,2940.00,'EJECUTADA',NULL,2940.00,78,NULL,NULL),(268,'2019-11-01 15:40:50',1,23,'COMPRA',1000.00,27.54,'EJECUTADA',NULL,27.54,78,NULL,NULL),(269,'2019-11-01 15:41:09',1,23,'VENTA',1000.00,27.54,'EJECUTADA',NULL,27.54,78,NULL,NULL),(270,'2019-11-01 15:41:41',1,24,'COMPRA',1.00,411.00,'EJECUTADA',NULL,411.00,78,NULL,NULL),(271,'2019-11-01 15:41:58',1,24,'VENTA',1.00,411.00,'EJECUTADA',NULL,411.00,78,NULL,NULL),(272,'2019-11-01 16:07:37',1,25,'COMPRA',10.00,375.00,'EJECUTADA',NULL,375.00,78,NULL,NULL),(273,'2019-11-01 16:07:59',1,25,'VENTA',10.00,375.00,'EJECUTADA',NULL,375.00,78,NULL,NULL),(274,'2019-11-01 16:33:45',1,26,'COMPRA',1000.00,2.45,'EJECUTADA',NULL,2.45,79,NULL,NULL),(275,'2019-11-01 16:34:33',1,26,'VENTA',1000.00,2.45,'EJECUTADA',NULL,2.45,79,NULL,NULL);
/*!40000 ALTER TABLE `operacion` ENABLE KEYS */;
UNLOCK TABLES;

--
-- Table structure for table `permission`
--

DROP TABLE IF EXISTS `permission`;
/*!40101 SET @saved_cs_client     = @@character_set_client */;
/*!40101 SET character_set_client = utf8 */;
CREATE TABLE `permission` (
  `id` bigint(20) NOT NULL AUTO_INCREMENT,
  `role` bigint(20) NOT NULL,
  `functionality` bigint(20) NOT NULL,
  `access_types` varchar(45) NOT NULL COMMENT 'Lectura, Escritura, Edicin, Eliminacin',
  PRIMARY KEY (`id`),
  UNIQUE KEY `uq_role_funct_access` (`role`,`functionality`,`access_types`),
  KEY `fk_functionality_roles_idx` (`functionality`),
  CONSTRAINT `fk_functionality_roles` FOREIGN KEY (`functionality`) REFERENCES `functionality` (`id`) ON UPDATE CASCADE,
  CONSTRAINT `fk_role_functionalies` FOREIGN KEY (`role`) REFERENCES `role` (`id`) ON UPDATE CASCADE
) ENGINE=InnoDB AUTO_INCREMENT=2 DEFAULT CHARSET=utf8;
/*!40101 SET character_set_client = @saved_cs_client */;

--
-- Dumping data for table `permission`
--

LOCK TABLES `permission` WRITE;
/*!40000 ALTER TABLE `permission` DISABLE KEYS */;
/*!40000 ALTER TABLE `permission` ENABLE KEYS */;
UNLOCK TABLES;

--
-- Table structure for table `provision`
--

DROP TABLE IF EXISTS `provision`;
/*!40101 SET @saved_cs_client     = @@character_set_client */;
/*!40101 SET character_set_client = utf8 */;
CREATE TABLE `provision` (
  `id` bigint(20) NOT NULL AUTO_INCREMENT,
  `fecha_registro` datetime NOT NULL,
  `fecha_cumplimiento` datetime NOT NULL,
  `sucursal` bigint(20) NOT NULL,
  `tipo` varchar(45) NOT NULL,
  `clase` varchar(45) NOT NULL,
  `fx` bigint(20) NOT NULL,
  `monto` decimal(14,2) NOT NULL,
  `estado` varchar(45) NOT NULL,
  PRIMARY KEY (`id`),
  KEY `fk_sucursal_provisiones_idx` (`sucursal`),
  KEY `fk_fx_provisiones_idx` (`fx`),
  CONSTRAINT `fk_fx_provisiones` FOREIGN KEY (`fx`) REFERENCES `fx` (`id`) ON UPDATE CASCADE,
  CONSTRAINT `fk_sucursal_provisiones` FOREIGN KEY (`sucursal`) REFERENCES `sucursal` (`id`) ON UPDATE CASCADE
) ENGINE=InnoDB DEFAULT CHARSET=utf8;
/*!40101 SET character_set_client = @saved_cs_client */;

--
-- Dumping data for table `provision`
--

LOCK TABLES `provision` WRITE;
/*!40000 ALTER TABLE `provision` DISABLE KEYS */;
/*!40000 ALTER TABLE `provision` ENABLE KEYS */;
UNLOCK TABLES;

--
-- Table structure for table `resource`
--

DROP TABLE IF EXISTS `resource`;
/*!40101 SET @saved_cs_client     = @@character_set_client */;
/*!40101 SET character_set_client = utf8 */;
CREATE TABLE `resource` (
  `id` bigint(20) NOT NULL AUTO_INCREMENT,
  `name` varchar(100) NOT NULL,
  `uri` varchar(45) NOT NULL,
  `access_type` varchar(45) NOT NULL,
  `description` varchar(500) DEFAULT NULL,
  PRIMARY KEY (`id`),
  UNIQUE KEY `name_UNIQUE` (`name`)
) ENGINE=InnoDB AUTO_INCREMENT=2 DEFAULT CHARSET=utf8;
/*!40101 SET character_set_client = @saved_cs_client */;

--
-- Dumping data for table `resource`
--

LOCK TABLES `resource` WRITE;
/*!40000 ALTER TABLE `resource` DISABLE KEYS */;
/*!40000 ALTER TABLE `resource` ENABLE KEYS */;
UNLOCK TABLES;

--
-- Table structure for table `role`
--

DROP TABLE IF EXISTS `role`;
/*!40101 SET @saved_cs_client     = @@character_set_client */;
/*!40101 SET character_set_client = utf8 */;
CREATE TABLE `role` (
  `id` bigint(20) NOT NULL AUTO_INCREMENT,
  `name` varchar(45) NOT NULL,
  PRIMARY KEY (`id`)
) ENGINE=InnoDB AUTO_INCREMENT=6 DEFAULT CHARSET=utf8;
/*!40101 SET character_set_client = @saved_cs_client */;

--
-- Dumping data for table `role`
--

LOCK TABLES `role` WRITE;
/*!40000 ALTER TABLE `role` DISABLE KEYS */;
INSERT INTO `role` VALUES (1,'ROLE_OPERADOR'),(2,'ROLE_COORDINADOR'),(3,'ROLE_OBSERVADOR'),(4,'ROLE_GERENTE'),(5,'SUPER_ADMIN');
/*!40000 ALTER TABLE `role` ENABLE KEYS */;
UNLOCK TABLES;

--
-- Table structure for table `saldo`
--

DROP TABLE IF EXISTS `saldo`;
/*!40101 SET @saved_cs_client     = @@character_set_client */;
/*!40101 SET character_set_client = utf8 */;
CREATE TABLE `saldo` (
  `id` bigint(20) NOT NULL AUTO_INCREMENT,
  `caja` bigint(20) NOT NULL,
  `moneda` bigint(20) NOT NULL,
  `nominal` decimal(15,2) NOT NULL,
  `precio_promedio` decimal(15,2) NOT NULL,
  PRIMARY KEY (`id`),
  KEY `fk_caja_caja_moneda_idx` (`caja`),
  KEY `fk_moneda_caja_moneda_idx` (`moneda`),
  CONSTRAINT `fk_caja_saldo` FOREIGN KEY (`caja`) REFERENCES `caja` (`id`) ON UPDATE CASCADE,
  CONSTRAINT `fk_moneda_saldo` FOREIGN KEY (`moneda`) REFERENCES `fx` (`id`) ON UPDATE CASCADE
) ENGINE=InnoDB AUTO_INCREMENT=2143 DEFAULT CHARSET=utf8;
/*!40101 SET character_set_client = @saved_cs_client */;

--
-- Dumping data for table `saldo`
--

LOCK TABLES `saldo` WRITE;
/*!40000 ALTER TABLE `saldo` DISABLE KEYS */;
INSERT INTO `saldo` VALUES (1880,10,1,59778625.00,1.00),(1881,10,2,35306.00,3248.17),(1882,10,3,20765.00,3561.13),(1883,10,11,0.00,4078.21),(1884,10,15,7590.00,2557.55),(1885,10,16,300.00,178.07),(1886,10,17,7.00,756.69),(1887,10,18,800.00,2323.19),(1888,10,19,150.00,885.88),(1889,10,20,920.00,42.59),(1890,10,21,43000.00,3.82),(1891,10,22,700.00,3057.02),(1892,10,23,0.00,25.00),(1893,10,26,0.00,2.10),(1894,10,25,200.00,220.00),(1895,10,24,2516.00,364.64),(1896,13,1,43603289.00,1.00),(1897,13,2,17603.00,3255.27),(1898,13,3,2000.00,3556.40),(1899,13,11,20.00,4063.07),(1900,13,15,195.00,2457.36),(1901,13,16,250.00,157.85),(1902,13,17,99.00,740.00),(1903,13,18,0.00,2230.29),(1904,13,19,0.00,922.36),(1905,13,20,3345.00,84.09),(1906,13,21,364000.00,3.90),(1907,13,22,20.00,3029.10),(1908,13,23,26000.00,23.85),(1909,13,24,370.00,400.00),(1910,13,25,0.00,220.00),(1911,13,26,0.00,1.00),(1912,14,1,64310302.00,1.00),(1913,14,2,25628.00,3245.36),(1914,14,3,4150.00,3553.50),(1915,14,11,95.00,4040.61),(1916,14,15,320.00,2469.86),(1917,14,16,0.00,151.72),(1918,14,17,2337.00,740.00),(1919,14,18,2515.00,2248.07),(1920,14,19,0.00,1.00),(1921,14,20,0.00,1.00),(1922,14,21,10000.00,3.89),(1923,14,22,290.00,3028.96),(1924,14,23,3000.00,23.00),(1925,14,24,71.00,360.00),(1926,14,25,0.00,1.00),(1927,14,26,0.00,1.00),(1928,15,1,49862974.00,1.00),(1929,15,2,24156.00,3241.51),(1930,15,3,3480.00,3565.75),(1931,15,11,0.00,3980.00),(1932,15,15,1570.00,2468.75),(1933,15,16,490.00,164.59),(1934,15,17,659.00,739.00),(1935,15,18,230.00,2250.00),(1936,15,19,20.00,909.58),(1937,15,20,5555.00,38.94),(1938,15,21,37000.00,3.90),(1939,15,22,680.00,3050.00),(1940,15,23,2000.00,21.00),(1941,15,24,0.00,1.00),(1942,15,25,0.00,1.00),(1943,15,26,0.00,1.00),(1944,16,1,28527820.00,1.00),(1945,16,2,11474.00,3243.19),(1946,16,3,4105.00,3557.19),(1947,16,11,20.00,4026.66),(1948,16,15,110.00,2468.20),(1949,16,16,240.00,159.64),(1950,16,17,7.00,732.70),(1951,16,18,2190.00,2250.00),(1952,16,19,60.00,960.00),(1953,16,20,710.00,41.54),(1954,16,21,525000.00,3.89),(1955,16,22,420.00,3070.00),(1956,16,23,0.00,1.00),(1957,16,24,1.00,400.00),(1958,16,25,0.00,1.00),(1959,16,26,0.00,1.00),(2095,19,1,1.00,1.00),(2096,19,2,1.00,3000.00),(2097,19,3,0.00,3000.00),(2098,19,11,0.00,4000.00),(2099,19,15,0.00,2500.00),(2100,19,16,0.00,160.00),(2101,19,17,0.00,750.00),(2102,19,18,0.00,2300.00),(2103,19,19,0.00,915.00),(2104,19,20,0.00,50.00),(2105,19,21,0.00,4.00),(2106,19,22,0.00,3000.00),(2107,19,23,0.00,25.00),(2108,19,24,0.00,1.00),(2109,19,25,0.00,1.00),(2110,19,26,0.00,1.00),(2127,9,1,502630908.00,1.00),(2128,9,2,52733.00,3293.64),(2129,9,3,25355.00,3607.11),(2130,9,11,0.00,4086.15),(2131,9,15,7410.00,2545.73),(2132,9,16,13620.00,182.92),(2133,9,17,25.00,776.68),(2134,9,18,0.00,2264.17),(2135,9,19,50.00,949.95),(2136,9,20,525.00,72.35),(2137,9,21,487000.00,4.12),(2138,9,22,150.00,3079.76),(2139,9,23,2000.00,24.76),(2140,9,24,361.00,395.37),(2141,9,26,1000.00,2.10),(2142,9,25,0.00,220.00);
/*!40000 ALTER TABLE `saldo` ENABLE KEYS */;
UNLOCK TABLES;

--
-- Table structure for table `session`
--

DROP TABLE IF EXISTS `session`;
/*!40101 SET @saved_cs_client     = @@character_set_client */;
/*!40101 SET character_set_client = utf8 */;
CREATE TABLE `session` (
  `id` bigint(20) NOT NULL AUTO_INCREMENT,
  `token` varchar(100) NOT NULL,
  `date` date NOT NULL,
  `time` time NOT NULL,
  `ip` varchar(45) NOT NULL,
  `user` bigint(20) NOT NULL,
  PRIMARY KEY (`id`),
  KEY `fk_session_user_idx` (`user`),
  CONSTRAINT `fk_user_sessions` FOREIGN KEY (`user`) REFERENCES `user` (`id`) ON UPDATE CASCADE
) ENGINE=InnoDB DEFAULT CHARSET=utf8;
/*!40101 SET character_set_client = @saved_cs_client */;

--
-- Dumping data for table `session`
--

LOCK TABLES `session` WRITE;
/*!40000 ALTER TABLE `session` DISABLE KEYS */;
/*!40000 ALTER TABLE `session` ENABLE KEYS */;
UNLOCK TABLES;

--
-- Table structure for table `sucursal`
--

DROP TABLE IF EXISTS `sucursal`;
/*!40101 SET @saved_cs_client     = @@character_set_client */;
/*!40101 SET character_set_client = utf8 */;
CREATE TABLE `sucursal` (
  `id` bigint(20) NOT NULL AUTO_INCREMENT,
  `cod` varchar(45) NOT NULL,
  `nombre` varchar(45) NOT NULL,
  `direccion` varchar(100) NOT NULL,
  `estado` varchar(45) NOT NULL,
  `chk_principal` tinyint(4) NOT NULL,
  `telefonos` varchar(255) DEFAULT NULL,
  PRIMARY KEY (`id`)
) ENGINE=InnoDB AUTO_INCREMENT=14 DEFAULT CHARSET=utf8;
/*!40101 SET character_set_client = @saved_cs_client */;

--
-- Dumping data for table `sucursal`
--

LOCK TABLES `sucursal` WRITE;
/*!40000 ALTER TABLE `sucursal` DISABLE KEYS */;
INSERT INTO `sucursal` VALUES (1,'CENTRO_CHIA','CENTRO_CHIA','XXX','1',1,'3262'),(2,'FONTANAR','FONTANAR','xxxx','1',0,'515515'),(3,'SANTA_FE','SANTA_FE','XXX','1',0,'2222'),(4,'LA_COLINA','LA_COLINA','XXX','1',0,'222'),(5,'LA_CASONA','LA_CASONA','X','1',0,'222'),(6,'SABANA_NTE','SABANA_NTE','X','1',0,'2222'),(13,'CENTRAL','CENTRAL','1234567','1',0,NULL);
/*!40000 ALTER TABLE `sucursal` ENABLE KEYS */;
UNLOCK TABLES;

--
-- Table structure for table `telefono`
--

DROP TABLE IF EXISTS `telefono`;
/*!40101 SET @saved_cs_client     = @@character_set_client */;
/*!40101 SET character_set_client = utf8 */;
CREATE TABLE `telefono` (
  `id` int(11) NOT NULL AUTO_INCREMENT,
  `telefono` varchar(45) NOT NULL,
  `sucursal` bigint(20) NOT NULL,
  PRIMARY KEY (`id`),
  KEY `fk_sucursal_telefonos_idx` (`sucursal`),
  CONSTRAINT `fk_sucursal_telefonos` FOREIGN KEY (`sucursal`) REFERENCES `sucursal` (`id`) ON UPDATE CASCADE
) ENGINE=InnoDB DEFAULT CHARSET=utf8;
/*!40101 SET character_set_client = @saved_cs_client */;

--
-- Dumping data for table `telefono`
--

LOCK TABLES `telefono` WRITE;
/*!40000 ALTER TABLE `telefono` DISABLE KEYS */;
/*!40000 ALTER TABLE `telefono` ENABLE KEYS */;
UNLOCK TABLES;

--
-- Table structure for table `traslado`
--

DROP TABLE IF EXISTS `traslado`;
/*!40101 SET @saved_cs_client     = @@character_set_client */;
/*!40101 SET character_set_client = utf8 */;
CREATE TABLE `traslado` (
  `id` bigint(20) NOT NULL AUTO_INCREMENT,
  `fecha` datetime NOT NULL,
  `sucursal_origen` bigint(20) NOT NULL,
  `sucursal_destino` bigint(20) NOT NULL,
  `tipo_traslado` varchar(45) NOT NULL,
  `turno_origen` bigint(20) DEFAULT NULL,
  `turno_destino` bigint(20) DEFAULT NULL,
  `estado` varchar(20) NOT NULL,
  `precio_traslado` decimal(14,2) NOT NULL,
  `valor_giro` decimal(14,2) NOT NULL,
  `fx` bigint(20) NOT NULL,
  PRIMARY KEY (`id`),
  KEY `fk_usuario_traslados_idx` (`turno_origen`),
  KEY `fk_usuario_traslados_idx1` (`turno_destino`),
  KEY `fk_fx_traslado_idx` (`fx`),
  KEY `fk_sucursal_origen_idx` (`sucursal_origen`),
  KEY `fk_sucursal_destino_idx` (`sucursal_destino`),
  CONSTRAINT `fk_fx_traslado` FOREIGN KEY (`fx`) REFERENCES `fx` (`id`) ON UPDATE CASCADE,
  CONSTRAINT `fk_sucursal_destino` FOREIGN KEY (`sucursal_destino`) REFERENCES `sucursal` (`id`) ON UPDATE CASCADE,
  CONSTRAINT `fk_sucursal_origen` FOREIGN KEY (`sucursal_origen`) REFERENCES `sucursal` (`id`) ON UPDATE CASCADE,
  CONSTRAINT `traslado_turno_FK` FOREIGN KEY (`turno_origen`) REFERENCES `turno` (`id`) ON UPDATE CASCADE,
  CONSTRAINT `traslado_turno_FK_1` FOREIGN KEY (`turno_destino`) REFERENCES `turno` (`id`) ON UPDATE CASCADE
) ENGINE=InnoDB AUTO_INCREMENT=29 DEFAULT CHARSET=utf8;
/*!40101 SET character_set_client = @saved_cs_client */;

--
-- Dumping data for table `traslado`
--

LOCK TABLES `traslado` WRITE;
/*!40000 ALTER TABLE `traslado` DISABLE KEYS */;
INSERT INTO `traslado` VALUES (18,'2019-11-01 11:10:59',1,13,'PRECIO VALORACION',71,72,'EJECUTADO',1.00,20469000.00,1),(19,'2019-11-01 11:12:46',1,2,'PRECIO VALORACION',71,73,'EJECUTADO',3535.00,14000.00,3),(20,'2019-11-01 11:13:37',1,6,'PRECIO VALORACION',71,76,'EJECUTADO',3245.00,8000.00,2),(21,'2019-11-01 11:14:15',1,6,'PRECIO VALORACION',71,76,'EJECUTADO',3535.00,2000.00,3),(22,'2019-11-01 11:15:15',1,4,'PRECIO VALORACION',71,75,'EJECUTADO',3245.00,10000.00,2),(23,'2019-11-01 11:22:10',13,1,'COSTO PROMEDIO',72,71,'EJECUTADO',3250.00,77000.00,2),(24,'2019-11-01 11:28:14',2,1,'PRECIO VALORACION',73,71,'EJECUTADO',1.00,235500000.00,1),(25,'2019-11-01 11:32:40',1,2,'PRECIO VALORACION',71,73,'EJECUTADO',3245.00,29000.00,2),(26,'2019-11-01 12:10:02',3,1,'PRECIO VALORACION',74,71,'EJECUTADO',1.00,54500000.00,1),(27,'2019-11-01 12:18:12',4,1,'PRECIO VALORACION',75,71,'EJECUTADO',1.00,50000000.00,1),(28,'2019-11-01 12:41:53',6,1,'PRECIO VALORACION',76,71,'EJECUTADO',1.00,35000000.00,1);
/*!40000 ALTER TABLE `traslado` ENABLE KEYS */;
UNLOCK TABLES;

--
-- Table structure for table `turno`
--

DROP TABLE IF EXISTS `turno`;
/*!40101 SET @saved_cs_client     = @@character_set_client */;
/*!40101 SET character_set_client = utf8 */;
CREATE TABLE `turno` (
  `id` bigint(20) NOT NULL AUTO_INCREMENT,
  `caja` bigint(20) NOT NULL,
  `usuario` bigint(20) NOT NULL,
  `fecha_inicio` datetime NOT NULL,
  `fecha_fin` datetime DEFAULT NULL,
  PRIMARY KEY (`id`),
  KEY `fk_usuario_turno_idx` (`usuario`),
  KEY `fk_caja_turno_idx` (`caja`),
  CONSTRAINT `fk_caja_turno` FOREIGN KEY (`caja`) REFERENCES `caja` (`id`) ON UPDATE CASCADE,
  CONSTRAINT `fk_usuario_turno` FOREIGN KEY (`usuario`) REFERENCES `usuario` (`id`) ON UPDATE CASCADE
) ENGINE=InnoDB AUTO_INCREMENT=80 DEFAULT CHARSET=utf8;
/*!40101 SET character_set_client = @saved_cs_client */;

--
-- Dumping data for table `turno`
--

LOCK TABLES `turno` WRITE;
/*!40000 ALTER TABLE `turno` DISABLE KEYS */;
INSERT INTO `turno` VALUES (71,9,4,'2019-11-01 10:52:06','2019-11-01 13:11:06'),(72,19,4,'2019-11-01 11:16:22','2019-11-01 11:22:57'),(73,10,4,'2019-11-01 11:24:10','2019-11-01 12:03:49'),(74,13,4,'2019-11-01 12:05:33','2019-11-01 12:11:08'),(75,14,4,'2019-11-01 12:12:40','2019-11-01 12:33:17'),(76,16,4,'2019-11-01 12:39:20','2019-11-01 12:46:08'),(77,15,4,'2019-11-01 12:47:12','2019-11-01 12:53:04'),(78,9,3,'2019-11-01 15:07:04','2019-11-01 16:25:49'),(79,9,3,'2019-11-01 16:32:34','2019-11-01 16:34:44');
/*!40000 ALTER TABLE `turno` ENABLE KEYS */;
UNLOCK TABLES;

--
-- Table structure for table `user`
--

DROP TABLE IF EXISTS `user`;
/*!40101 SET @saved_cs_client     = @@character_set_client */;
/*!40101 SET character_set_client = utf8 */;
CREATE TABLE `user` (
  `id` bigint(20) NOT NULL AUTO_INCREMENT,
  `username` varchar(45) NOT NULL,
  `password` varchar(100) NOT NULL,
  `salt` varchar(45) NOT NULL,
  `enabled` tinyint(1) NOT NULL,
  `locked` tinyint(1) NOT NULL,
  `failed_logins` int(11) NOT NULL,
  `role` bigint(20) NOT NULL,
  PRIMARY KEY (`id`),
  KEY `fk_user_role_idx` (`role`),
  CONSTRAINT `fk_role_users` FOREIGN KEY (`role`) REFERENCES `role` (`id`) ON UPDATE CASCADE
) ENGINE=InnoDB AUTO_INCREMENT=7 DEFAULT CHARSET=utf8;
/*!40101 SET character_set_client = @saved_cs_client */;

--
-- Dumping data for table `user`
--

LOCK TABLES `user` WRITE;
/*!40000 ALTER TABLE `user` DISABLE KEYS */;
INSERT INTO `user` VALUES (1,'root','$2a$04$fx4HJlEUiHFwn2ajnmIp8e3GyVBNij6bKEuMZwfZYUykeXFPHinoO','123456',1,0,0,5),(2,'admin','$2a$04$fx4HJlEUiHFwn2ajnmIp8e3GyVBNij6bKEuMZwfZYUykeXFPHinoO','123456',1,0,0,4),(3,'operador','$2a$04$fx4HJlEUiHFwn2ajnmIp8e3GyVBNij6bKEuMZwfZYUykeXFPHinoO','123456',1,0,0,1),(5,'superadmin','$2a$04$fx4HJlEUiHFwn2ajnmIp8e3GyVBNij6bKEuMZwfZYUykeXFPHinoO','1225800673543000',0,0,0,5);
/*!40000 ALTER TABLE `user` ENABLE KEYS */;
UNLOCK TABLES;

--
-- Table structure for table `usuario`
--

DROP TABLE IF EXISTS `usuario`;
/*!40101 SET @saved_cs_client     = @@character_set_client */;
/*!40101 SET character_set_client = utf8 */;
CREATE TABLE `usuario` (
  `id` bigint(20) NOT NULL AUTO_INCREMENT,
  `nombre` varchar(45) NOT NULL,
  `apellido` varchar(45) NOT NULL,
  `user` bigint(20) NOT NULL,
  PRIMARY KEY (`id`),
  UNIQUE KEY `user_UNIQUE` (`user`),
  KEY `fk_user_usuario_idx` (`user`),
  CONSTRAINT `fk_user_usuario` FOREIGN KEY (`user`) REFERENCES `user` (`id`) ON UPDATE CASCADE
) ENGINE=InnoDB AUTO_INCREMENT=5 DEFAULT CHARSET=utf8;
/*!40101 SET character_set_client = @saved_cs_client */;

--
-- Dumping data for table `usuario`
--

LOCK TABLES `usuario` WRITE;
/*!40000 ALTER TABLE `usuario` DISABLE KEYS */;
INSERT INTO `usuario` VALUES (1,'root','root',1),(2,'operador','operador',3),(3,'superadmin','admin',5),(4,'admin','admin',2);
/*!40000 ALTER TABLE `usuario` ENABLE KEYS */;
UNLOCK TABLES;

--
-- Dumping routines for database 'smart-auth'
--
/*!40103 SET TIME_ZONE=@OLD_TIME_ZONE */;

/*!40101 SET SQL_MODE=@OLD_SQL_MODE */;
/*!40014 SET FOREIGN_KEY_CHECKS=@OLD_FOREIGN_KEY_CHECKS */;
/*!40014 SET UNIQUE_CHECKS=@OLD_UNIQUE_CHECKS */;
/*!40101 SET CHARACTER_SET_CLIENT=@OLD_CHARACTER_SET_CLIENT */;
/*!40101 SET CHARACTER_SET_RESULTS=@OLD_CHARACTER_SET_RESULTS */;
/*!40101 SET COLLATION_CONNECTION=@OLD_COLLATION_CONNECTION */;
/*!40111 SET SQL_NOTES=@OLD_SQL_NOTES */;

-- Dump completed on 2019-11-12 16:36:16
