-- MySQL dump 10.16  Distrib 10.3.9-MariaDB, for Win64 (AMD64)
--
-- Host: 167.99.227.123    Database: smart-auth
-- ------------------------------------------------------
-- Server version	10.4.5-MariaDB-1:10.4.5+maria~bionic

/*!40101 SET @OLD_CHARACTER_SET_CLIENT=@@CHARACTER_SET_CLIENT */;
/*!40101 SET @OLD_CHARACTER_SET_RESULTS=@@CHARACTER_SET_RESULTS */;
/*!40101 SET @OLD_COLLATION_CONNECTION=@@COLLATION_CONNECTION */;
/*!40101 SET NAMES utf8 */;
/*!40103 SET @OLD_TIME_ZONE=@@TIME_ZONE */;
/*!40103 SET TIME_ZONE='+00:00' */;
/*!40014 SET @OLD_UNIQUE_CHECKS=@@UNIQUE_CHECKS, UNIQUE_CHECKS=0 */;
/*!40014 SET @OLD_FOREIGN_KEY_CHECKS=@@FOREIGN_KEY_CHECKS, FOREIGN_KEY_CHECKS=0 */;
/*!40101 SET @OLD_SQL_MODE=@@SQL_MODE, SQL_MODE='NO_AUTO_VALUE_ON_ZERO' */;
/*!40111 SET @OLD_SQL_NOTES=@@SQL_NOTES, SQL_NOTES=0 */;

--
-- Table structure for table `apertura_turno`
--

DROP TABLE IF EXISTS `apertura_turno`;
/*!40101 SET @saved_cs_client     = @@character_set_client */;
/*!40101 SET character_set_client = utf8 */;
CREATE TABLE `apertura_turno` (
  `id` bigint(20) NOT NULL AUTO_INCREMENT,
  `turno` bigint(20) NOT NULL,
  `fx` bigint(20) NOT NULL,
  `nominal` decimal(15,2) NOT NULL,
  `precio_promedio` decimal(15,2) DEFAULT NULL,
  PRIMARY KEY (`id`),
  KEY `fk_moneda_caja_moneda_idx` (`fx`),
  KEY `fk_caja_saldo0_idx` (`turno`),
  CONSTRAINT `fk_caja_saldo_inicial` FOREIGN KEY (`turno`) REFERENCES `turno` (`id`) ON UPDATE CASCADE,
  CONSTRAINT `fk_moneda_saldo_inicial` FOREIGN KEY (`fx`) REFERENCES `fx` (`id`) ON UPDATE CASCADE
) ENGINE=InnoDB AUTO_INCREMENT=393 DEFAULT CHARSET=utf8;
/*!40101 SET character_set_client = @saved_cs_client */;

--
-- Dumping data for table `apertura_turno`
--

LOCK TABLES `apertura_turno` WRITE;
/*!40000 ALTER TABLE `apertura_turno` DISABLE KEYS */;
/*!40000 ALTER TABLE `apertura_turno` ENABLE KEYS */;
UNLOCK TABLES;

--
-- Table structure for table `arqueo`
--

DROP TABLE IF EXISTS `arqueo`;
/*!40101 SET @saved_cs_client     = @@character_set_client */;
/*!40101 SET character_set_client = utf8 */;
CREATE TABLE `arqueo` (
  `id` bigint(20) NOT NULL AUTO_INCREMENT,
  `fecha` datetime NOT NULL,
  `turno` bigint(20) NOT NULL,
  PRIMARY KEY (`id`),
  KEY `arqueo_turno_FK` (`turno`),
  CONSTRAINT `arqueo_turno_FK` FOREIGN KEY (`turno`) REFERENCES `turno` (`id`) ON UPDATE CASCADE
) ENGINE=InnoDB AUTO_INCREMENT=286 DEFAULT CHARSET=utf8;
/*!40101 SET character_set_client = @saved_cs_client */;

--
-- Dumping data for table `arqueo`
--

LOCK TABLES `arqueo` WRITE;
/*!40000 ALTER TABLE `arqueo` DISABLE KEYS */;
/*!40000 ALTER TABLE `arqueo` ENABLE KEYS */;
UNLOCK TABLES;

--
-- Table structure for table `caja`
--

DROP TABLE IF EXISTS `caja`;
/*!40101 SET @saved_cs_client     = @@character_set_client */;
/*!40101 SET character_set_client = utf8 */;
CREATE TABLE `caja` (
  `id` bigint(20) NOT NULL AUTO_INCREMENT,
  `nombre` varchar(45) NOT NULL,
  `sucursal` bigint(20) NOT NULL,
  PRIMARY KEY (`id`),
  KEY `fk_sucursal_turnos_idx` (`sucursal`),
  CONSTRAINT `fk_sucursal_turnos` FOREIGN KEY (`sucursal`) REFERENCES `sucursal` (`id`) ON UPDATE CASCADE
) ENGINE=InnoDB AUTO_INCREMENT=18 DEFAULT CHARSET=utf8;
/*!40101 SET character_set_client = @saved_cs_client */;

--
-- Dumping data for table `caja`
--

LOCK TABLES `caja` WRITE;
/*!40000 ALTER TABLE `caja` DISABLE KEYS */;
INSERT INTO `caja` VALUES (9,'CAJA1 CCHIA',1),(10,'CAJA1 FONT',2),(13,'CAJA1',3),(14,'CAJA1',4),(15,'CAJA1',5),(16,'CAJA1',6),(17,'CAJA1',7);
/*!40000 ALTER TABLE `caja` ENABLE KEYS */;
UNLOCK TABLES;

--
-- Table structure for table `cierre`
--

DROP TABLE IF EXISTS `cierre`;
/*!40101 SET @saved_cs_client     = @@character_set_client */;
/*!40101 SET character_set_client = utf8 */;
CREATE TABLE `cierre` (
  `id` bigint(20) NOT NULL AUTO_INCREMENT,
  `moneda` bigint(20) DEFAULT NULL,
  `fecha` date DEFAULT NULL,
  `saldo_inicial` decimal(15,4) DEFAULT NULL,
  `precio_promedio_inicial` decimal(15,4) DEFAULT NULL,
  `valor_compra_inicial` decimal(15,4) DEFAULT NULL,
  `nominal_compra` decimal(15,4) DEFAULT NULL,
  `precio_compra` decimal(15,4) DEFAULT NULL,
  `valor_compra` decimal(15,4) DEFAULT NULL,
  `nominal_venta` decimal(15,4) DEFAULT NULL,
  `precio_venta` decimal(15,4) DEFAULT NULL,
  `valor_venta` decimal(15,4) DEFAULT NULL,
  `nominal_traslados_entrantes` decimal(15,4) DEFAULT 0.0000,
  `precio_traslado_entrantes` decimal(15,4) DEFAULT 0.0000,
  `saldo_final` decimal(15,4) DEFAULT NULL,
  `precio_promedio_final` decimal(15,4) DEFAULT NULL,
  `valor_compra_final` decimal(15,4) DEFAULT 0.0000,
  `margen` decimal(15,4) DEFAULT 0.0000,
  `utilidad_diaria` decimal(15,4) DEFAULT 0.0000,
  `pyg_caja` decimal(15,4) DEFAULT 0.0000,
  `precio_valoracion` decimal(15,4) DEFAULT 0.0000,
  `margen_prec_valora_y_prec_prom` decimal(15,4) DEFAULT 0.0000,
  `valoracion` decimal(15,4) DEFAULT 0.0000,
  `pyg_valoracion` decimal(15,4) DEFAULT 0.0000,
  `pyg_valoracion_d` decimal(15,4) DEFAULT 0.0000,
  `pyg_bruto` decimal(15,4) DEFAULT 0.0000,
  `renta_caja` decimal(10,5) DEFAULT 0.00000,
  `renta_val` decimal(10,5) DEFAULT 0.00000,
  `renta_bruta` decimal(10,5) DEFAULT 0.00000,
  `egresos` decimal(15,4) DEFAULT 0.0000,
  `egresos_acumulados` decimal(15,4) DEFAULT 0.0000,
  `pyg_neto` decimal(15,4) DEFAULT 0.0000,
  `renta_neta` decimal(10,5) DEFAULT 0.00000,
  `saldo_cop` decimal(15,4) DEFAULT 0.0000,
  `pyg_traslado_diario` decimal(15,4) DEFAULT 0.0000,
  `pyg_traslado_acumulado` decimal(15,4) DEFAULT 0.0000,
  `pyg_bruto_con_traslado` decimal(15,4) DEFAULT 0.0000,
  `pyg_neto_con_traslado` decimal(15,4) DEFAULT 0.0000,
  `fc_diario` decimal(15,4) DEFAULT 0.0000,
  `fc_acumulado` decimal(15,4) DEFAULT 0.0000,
  `valor_port` decimal(15,4) DEFAULT 0.0000,
  `pyg_caja_d` decimal(15,4) DEFAULT 0.0000,
  `valor_traslados` decimal(15,4) DEFAULT 0.0000,
  `sucursal` bigint(20) NOT NULL,
  `traslados_acumulados` decimal(15,4) DEFAULT 0.0000,
  `nominal_traslados_salientes` decimal(15,4) DEFAULT 0.0000,
  `valor_giro_traslado_salientes` decimal(15,4) DEFAULT 0.0000,
  `precio_traslado_salientes` decimal(15,4) DEFAULT 0.0000,
  `egresos_moneda` decimal(15,4) DEFAULT 0.0000,
  `valor_giro_traslado_entrantes` decimal(15,4) DEFAULT 0.0000,
  `saldo_precierre` decimal(15,4) DEFAULT 0.0000 COMMENT 'saldo sin tener en cuenta los traslados',
  `valor_giro_precierre` decimal(15,4) DEFAULT 0.0000,
  `precio_valoracion_anterior` decimal(8,4) DEFAULT 0.0000,
  `valoracion_precierre_anterior` decimal(15,4) DEFAULT 0.0000,
  `pyg_val_precierre_mensual` decimal(15,4) DEFAULT 0.0000,
  `pyg_val_precierre_diaria` decimal(15,4) DEFAULT 0.0000,
  `pyg_traslado_entrante` decimal(15,4) DEFAULT 0.0000,
  `pyg_traslado_saliente` decimal(15,4) DEFAULT 0.0000,
  `valoracion_precierre_actual` decimal(15,4) DEFAULT 0.0000,
  `pyg_val_cierre_diaria` decimal(15,4) DEFAULT 0.0000,
  `pyg_val_cierre_mensual` decimal(15,4) DEFAULT 0.0000,
  `diferencia_egresos_ingresos` decimal(15,4) DEFAULT 0.0000,
  `ingresos` decimal(15,4) DEFAULT 0.0000,
  `pyg_val_cierre_acumulada` decimal(15,4) DEFAULT 0.0000,
  `pyg_val_precierre_acumulada` decimal(15,4) DEFAULT 0.0000,
  PRIMARY KEY (`id`),
  KEY `fk_moneda_caja_moneda_idx` (`moneda`) USING BTREE,
  KEY `cierre_sucursal_FK` (`sucursal`),
  CONSTRAINT `cierre_sucursal_FK` FOREIGN KEY (`sucursal`) REFERENCES `sucursal` (`id`) ON UPDATE CASCADE,
  CONSTRAINT `fk_moneda_cierre` FOREIGN KEY (`moneda`) REFERENCES `fx` (`id`) ON UPDATE CASCADE
) ENGINE=InnoDB AUTO_INCREMENT=482 DEFAULT CHARSET=utf8;
/*!40101 SET character_set_client = @saved_cs_client */;

--
-- Dumping data for table `cierre`
--

LOCK TABLES `cierre` WRITE;
/*!40000 ALTER TABLE `cierre` DISABLE KEYS */;
/*!40000 ALTER TABLE `cierre` ENABLE KEYS */;
UNLOCK TABLES;

--
-- Table structure for table `cierre_consolidado`
--

DROP TABLE IF EXISTS `cierre_consolidado`;
/*!40101 SET @saved_cs_client     = @@character_set_client */;
/*!40101 SET character_set_client = utf8 */;
CREATE TABLE `cierre_consolidado` (
  `id` bigint(20) NOT NULL AUTO_INCREMENT,
  `moneda` bigint(20) NOT NULL,
  `fecha` date NOT NULL,
  `saldo_inicial` decimal(15,4) DEFAULT 0.0000,
  `precio_promedio_inicial` decimal(15,4) DEFAULT 0.0000,
  `valor_compra_inicial` decimal(15,4) DEFAULT 0.0000,
  `nominal_compra` decimal(15,4) DEFAULT 0.0000,
  `precio_compra` decimal(15,4) DEFAULT 0.0000,
  `valor_compra` decimal(15,4) DEFAULT 0.0000,
  `nominal_venta` decimal(15,4) DEFAULT 0.0000,
  `precio_venta` decimal(15,4) DEFAULT 0.0000,
  `valor_venta` decimal(15,4) DEFAULT 0.0000,
  `nominal_traslados_entrantes` decimal(15,4) DEFAULT 0.0000,
  `precio_traslado_entrantes` decimal(15,4) DEFAULT 0.0000,
  `saldo_final` decimal(15,4) DEFAULT 0.0000,
  `precio_promedio_final` decimal(15,4) DEFAULT 0.0000,
  `valor_compra_final` decimal(15,4) DEFAULT 0.0000,
  `margen` decimal(15,4) DEFAULT 0.0000,
  `utilidad_diaria` decimal(15,4) DEFAULT 0.0000,
  `pyg_caja` decimal(15,4) DEFAULT 0.0000,
  `precio_valoracion` decimal(15,4) DEFAULT 0.0000,
  `margen_prec_valora_y_prec_prom` decimal(15,4) DEFAULT 0.0000,
  `valoracion` decimal(15,4) DEFAULT 0.0000,
  `pyg_valoracion` decimal(15,4) DEFAULT 0.0000,
  `pyg_valoracion_d` decimal(15,4) DEFAULT 0.0000,
  `pyg_bruto` decimal(15,4) DEFAULT 0.0000,
  `renta_caja` decimal(10,5) DEFAULT 0.00000,
  `renta_val` decimal(10,5) DEFAULT 0.00000,
  `renta_bruta` decimal(10,5) DEFAULT 0.00000,
  `egresos` decimal(15,4) DEFAULT 0.0000,
  `egresos_acumulados` decimal(15,4) DEFAULT 0.0000,
  `pyg_neto` decimal(15,4) DEFAULT 0.0000,
  `renta_neta` decimal(10,5) DEFAULT 0.00000,
  `saldo_cop` decimal(15,4) DEFAULT 0.0000,
  `pyg_traslado_diario` decimal(15,4) DEFAULT 0.0000,
  `pyg_traslado_acumulado` decimal(15,4) DEFAULT 0.0000,
  `pyg_bruto_con_traslado` decimal(15,4) DEFAULT 0.0000,
  `pyg_neto_con_traslado` decimal(15,4) DEFAULT 0.0000,
  `fc_diario` decimal(15,4) DEFAULT 0.0000,
  `fc_acumulado` decimal(15,4) DEFAULT 0.0000,
  `valor_port` decimal(15,4) DEFAULT 0.0000,
  `pyg_caja_d` decimal(15,4) DEFAULT 0.0000,
  `valor_traslados` decimal(15,4) DEFAULT 0.0000,
  `traslados_acumulados` decimal(15,4) DEFAULT 0.0000,
  `nominal_traslados_salientes` decimal(15,4) DEFAULT 0.0000,
  `valor_giro_traslado_salientes` decimal(15,4) DEFAULT 0.0000,
  `precio_traslado_salientes` decimal(15,4) DEFAULT 0.0000,
  `egresos_moneda` decimal(15,4) DEFAULT 0.0000,
  `valor_giro_traslado_entrantes` decimal(15,4) DEFAULT 0.0000,
  `saldo_precierre` decimal(15,4) DEFAULT 0.0000,
  `valor_giro_precierre` decimal(15,4) DEFAULT 0.0000,
  `precio_valoracion_anterior` decimal(15,4) DEFAULT 0.0000,
  `valoracion_precierre_anterior` decimal(15,4) DEFAULT 0.0000,
  `pyg_val_precierre_mensual` decimal(15,4) DEFAULT 0.0000,
  `pyg_val_precierre_diaria` decimal(15,4) DEFAULT 0.0000,
  `pyg_traslado_entrante` decimal(15,4) DEFAULT 0.0000,
  `pyg_traslado_saliente` decimal(15,4) DEFAULT 0.0000,
  `valoracion_precierre_actual` decimal(15,4) DEFAULT 0.0000,
  `pyg_val_cierre_diaria` decimal(15,4) DEFAULT 0.0000,
  `pyg_val_cierre_mensual` decimal(15,4) DEFAULT 0.0000,
  `diferencia_egresos_ingresos` decimal(15,4) DEFAULT 0.0000,
  `ingresos` decimal(15,4) DEFAULT 0.0000,
  `pyg_val_cierre_acumulada` decimal(15,4) DEFAULT 0.0000,
  `pyg_val_precierre_acumulada` decimal(15,4) DEFAULT 0.0000,
  PRIMARY KEY (`id`),
  KEY `conso-fk_moneda_caja_moneda_idx` (`moneda`) USING BTREE,
  CONSTRAINT `conso-fk_moneda_cierre` FOREIGN KEY (`moneda`) REFERENCES `fx` (`id`) ON UPDATE CASCADE
) ENGINE=InnoDB AUTO_INCREMENT=302 DEFAULT CHARSET=utf8;
/*!40101 SET character_set_client = @saved_cs_client */;

--
-- Dumping data for table `cierre_consolidado`
--

LOCK TABLES `cierre_consolidado` WRITE;
/*!40000 ALTER TABLE `cierre_consolidado` DISABLE KEYS */;
/*!40000 ALTER TABLE `cierre_consolidado` ENABLE KEYS */;
UNLOCK TABLES;

--
-- Table structure for table `cierre_turno`
--

DROP TABLE IF EXISTS `cierre_turno`;
/*!40101 SET @saved_cs_client     = @@character_set_client */;
/*!40101 SET character_set_client = utf8 */;
CREATE TABLE `cierre_turno` (
  `id` bigint(20) NOT NULL AUTO_INCREMENT,
  `turno` bigint(20) NOT NULL,
  `moneda` bigint(20) NOT NULL,
  `nominal` decimal(15,2) NOT NULL,
  `precio_promedio` decimal(15,2) NOT NULL,
  PRIMARY KEY (`id`),
  KEY `fk_moneda_caja_moneda_idx` (`moneda`),
  KEY `fk_caja_saldo0_idx` (`turno`),
  CONSTRAINT `fk_caja_saldo_inicial0` FOREIGN KEY (`turno`) REFERENCES `turno` (`id`) ON UPDATE CASCADE,
  CONSTRAINT `fk_moneda_saldo_inicial0` FOREIGN KEY (`moneda`) REFERENCES `fx` (`id`) ON UPDATE CASCADE
) ENGINE=InnoDB AUTO_INCREMENT=553 DEFAULT CHARSET=utf8;
/*!40101 SET character_set_client = @saved_cs_client */;

--
-- Dumping data for table `cierre_turno`
--

LOCK TABLES `cierre_turno` WRITE;
/*!40000 ALTER TABLE `cierre_turno` DISABLE KEYS */;
/*!40000 ALTER TABLE `cierre_turno` ENABLE KEYS */;
UNLOCK TABLES;

--
-- Table structure for table `denominacion`
--

DROP TABLE IF EXISTS `denominacion`;
/*!40101 SET @saved_cs_client     = @@character_set_client */;
/*!40101 SET character_set_client = utf8 */;
CREATE TABLE `denominacion` (
  `id` bigint(20) NOT NULL AUTO_INCREMENT,
  `valor` decimal(15,2) NOT NULL,
  `moneda` bigint(20) NOT NULL,
  PRIMARY KEY (`id`),
  KEY `fk_fx_denominaciones_idx` (`moneda`),
  CONSTRAINT `fk_fx_denominaciones` FOREIGN KEY (`moneda`) REFERENCES `fx` (`id`) ON UPDATE CASCADE
) ENGINE=InnoDB AUTO_INCREMENT=267 DEFAULT CHARSET=utf8;
/*!40101 SET character_set_client = @saved_cs_client */;

--
-- Dumping data for table `denominacion`
--

LOCK TABLES `denominacion` WRITE;
/*!40000 ALTER TABLE `denominacion` DISABLE KEYS */;
INSERT INTO `denominacion` VALUES (113,1.00,1),(114,1000.00,1),(115,2000.00,1),(116,5000.00,1),(117,10000.00,1),(118,20000.00,1),(119,50000.00,1),(120,100000.00,1),(121,1.00,2),(122,2.00,2),(123,5.00,2),(124,10.00,2),(125,20.00,2),(126,50.00,2),(127,100.00,2),(128,5.00,3),(129,10.00,3),(130,20.00,3),(131,50.00,3),(132,100.00,3),(133,200.00,3),(134,500.00,3),(180,50.00,11),(181,20.00,11),(182,10.00,11),(183,5.00,11),(199,100.00,15),(200,50.00,15),(201,20.00,15),(202,10.00,15),(203,5.00,15),(204,1000.00,16),(205,500.00,16),(206,200.00,16),(207,100.00,16),(208,50.00,16),(209,20.00,16),(210,100.00,17),(211,50.00,17),(212,20.00,17),(213,10.00,17),(214,5.00,17),(215,2.00,17),(216,100.00,18),(217,50.00,18),(218,20.00,18),(219,10.00,18),(220,5.00,18),(221,200.00,19),(222,100.00,19),(223,50.00,19),(224,20.00,19),(225,10.00,19),(226,1000.00,20),(227,500.00,20),(228,200.00,20),(229,100.00,20),(230,50.00,20),(231,20.00,20),(232,10.00,20),(233,5.00,20),(234,20000.00,21),(235,10000.00,21),(236,5000.00,21),(237,2000.00,21),(238,1000.00,21),(239,1000.00,22),(240,200.00,22),(241,100.00,22),(242,50.00,22),(243,20.00,22),(244,10.00,22),(245,10000.00,23),(246,5000.00,23),(247,2000.00,23),(248,1000.00,23),(249,100.00,24),(250,50.00,24),(251,20.00,24),(252,10.00,24),(253,5.00,24),(254,2.00,24),(255,1.00,24),(256,1000.00,25),(257,500.00,25),(258,100.00,25),(259,50.00,25),(260,20.00,25),(261,10.00,25),(262,50000.00,26),(263,10000.00,26),(264,5000.00,26),(265,2000.00,26),(266,1000.00,26);
/*!40000 ALTER TABLE `denominacion` ENABLE KEYS */;
UNLOCK TABLES;

--
-- Table structure for table `denominacion_cantidad`
--

DROP TABLE IF EXISTS `denominacion_cantidad`;
/*!40101 SET @saved_cs_client     = @@character_set_client */;
/*!40101 SET character_set_client = utf8 */;
CREATE TABLE `denominacion_cantidad` (
  `id` bigint(20) NOT NULL AUTO_INCREMENT,
  `denominacion` bigint(20) NOT NULL,
  `operacion` bigint(20) DEFAULT NULL,
  `cantidad` int(11) NOT NULL,
  `flujo_extraordinario` bigint(20) DEFAULT NULL,
  `traslado` bigint(20) DEFAULT NULL,
  `tipo` varchar(30) NOT NULL,
  `saldo` bigint(20) DEFAULT NULL,
  `fondeo` bigint(20) DEFAULT NULL,
  PRIMARY KEY (`id`),
  KEY `fk_denominacion_flujos_idx` (`denominacion`),
  KEY `fk_operacion_flujos_idx` (`operacion`),
  KEY `denominacion_cantidad_flujo_extraordinario_FK` (`flujo_extraordinario`),
  KEY `denominacion_cantidad_traslado_FK` (`traslado`),
  KEY `denominacion_cantidad_saldo_FK` (`saldo`),
  KEY `denominacion_cantidad_fondeo_FK` (`fondeo`),
  CONSTRAINT `denominacion_cantidad_flujo_extraordinario_FK` FOREIGN KEY (`flujo_extraordinario`) REFERENCES `flujo_extraordinario` (`id`) ON UPDATE CASCADE,
  CONSTRAINT `denominacion_cantidad_fondeo_FK` FOREIGN KEY (`fondeo`) REFERENCES `fondeo` (`id`) ON UPDATE CASCADE,
  CONSTRAINT `denominacion_cantidad_saldo_FK` FOREIGN KEY (`saldo`) REFERENCES `saldo` (`id`) ON UPDATE CASCADE,
  CONSTRAINT `denominacion_cantidad_traslado_FK` FOREIGN KEY (`traslado`) REFERENCES `traslado` (`id`) ON UPDATE CASCADE,
  CONSTRAINT `fk_denominacion_flujos` FOREIGN KEY (`denominacion`) REFERENCES `denominacion` (`id`) ON UPDATE CASCADE,
  CONSTRAINT `fk_operacion_flujos` FOREIGN KEY (`operacion`) REFERENCES `operacion` (`id`) ON UPDATE CASCADE
) ENGINE=InnoDB AUTO_INCREMENT=4235 DEFAULT CHARSET=utf8;
/*!40101 SET character_set_client = @saved_cs_client */;

--
-- Dumping data for table `denominacion_cantidad`
--

LOCK TABLES `denominacion_cantidad` WRITE;
/*!40000 ALTER TABLE `denominacion_cantidad` DISABLE KEYS */;
INSERT INTO `denominacion_cantidad` VALUES (2915,120,NULL,0,NULL,NULL,'ENTRADA',250,NULL),(2916,119,NULL,0,NULL,NULL,'ENTRADA',250,NULL),(2917,118,NULL,0,NULL,NULL,'ENTRADA',250,NULL),(2918,117,NULL,0,NULL,NULL,'ENTRADA',250,NULL),(2919,116,NULL,0,NULL,NULL,'ENTRADA',250,NULL),(2920,115,NULL,0,NULL,NULL,'ENTRADA',250,NULL),(2921,114,NULL,60800,NULL,NULL,'ENTRADA',250,NULL),(2922,113,NULL,91543,NULL,NULL,'ENTRADA',250,NULL),(2923,127,NULL,0,NULL,NULL,'ENTRADA',251,NULL),(2924,126,NULL,0,NULL,NULL,'ENTRADA',251,NULL),(2925,125,NULL,0,NULL,NULL,'ENTRADA',251,NULL),(2926,124,NULL,0,NULL,NULL,'ENTRADA',251,NULL),(2927,123,NULL,0,NULL,NULL,'ENTRADA',251,NULL),(2928,122,NULL,0,NULL,NULL,'ENTRADA',251,NULL),(2929,121,NULL,85283,NULL,NULL,'ENTRADA',251,NULL),(2930,134,NULL,0,NULL,NULL,'ENTRADA',252,NULL),(2931,133,NULL,0,NULL,NULL,'ENTRADA',252,NULL),(2932,132,NULL,0,NULL,NULL,'ENTRADA',252,NULL),(2933,131,NULL,0,NULL,NULL,'ENTRADA',252,NULL),(2934,130,NULL,0,NULL,NULL,'ENTRADA',252,NULL),(2935,129,NULL,2000,NULL,NULL,'ENTRADA',252,NULL),(2936,128,NULL,2262,NULL,NULL,'ENTRADA',252,NULL),(2937,180,NULL,0,NULL,NULL,'ENTRADA',253,NULL),(2938,181,NULL,0,NULL,NULL,'ENTRADA',253,NULL),(2939,182,NULL,0,NULL,NULL,'ENTRADA',253,NULL),(2940,183,NULL,17,NULL,NULL,'ENTRADA',253,NULL),(2941,199,NULL,0,NULL,NULL,'ENTRADA',254,NULL),(2942,200,NULL,0,NULL,NULL,'ENTRADA',254,NULL),(2943,201,NULL,0,NULL,NULL,'ENTRADA',254,NULL),(2944,202,NULL,0,NULL,NULL,'ENTRADA',254,NULL),(2945,203,NULL,3600,NULL,NULL,'ENTRADA',254,NULL),(2946,204,NULL,0,NULL,NULL,'ENTRADA',255,NULL),(2947,205,NULL,0,NULL,NULL,'ENTRADA',255,NULL),(2948,206,NULL,0,NULL,NULL,'ENTRADA',255,NULL),(2949,207,NULL,0,NULL,NULL,'ENTRADA',255,NULL),(2950,208,NULL,0,NULL,NULL,'ENTRADA',255,NULL),(2951,209,NULL,1895,NULL,NULL,'ENTRADA',255,NULL),(2952,210,NULL,0,NULL,NULL,'ENTRADA',256,NULL),(2953,211,NULL,0,NULL,NULL,'ENTRADA',256,NULL),(2954,212,NULL,0,NULL,NULL,'ENTRADA',256,NULL),(2955,213,NULL,0,NULL,NULL,'ENTRADA',256,NULL),(2956,214,NULL,0,NULL,NULL,'ENTRADA',256,NULL),(2957,215,NULL,1,NULL,NULL,'ENTRADA',256,NULL),(2958,216,NULL,0,NULL,NULL,'ENTRADA',257,NULL),(2959,217,NULL,0,NULL,NULL,'ENTRADA',257,NULL),(2960,218,NULL,0,NULL,NULL,'ENTRADA',257,NULL),(2961,219,NULL,0,NULL,NULL,'ENTRADA',257,NULL),(2962,220,NULL,960,NULL,NULL,'ENTRADA',257,NULL),(2963,221,NULL,0,NULL,NULL,'ENTRADA',258,NULL),(2964,222,NULL,0,NULL,NULL,'ENTRADA',258,NULL),(2965,223,NULL,0,NULL,NULL,'ENTRADA',258,NULL),(2966,224,NULL,0,NULL,NULL,'ENTRADA',258,NULL),(2967,225,NULL,1,NULL,NULL,'ENTRADA',258,NULL),(2968,226,NULL,0,NULL,NULL,'ENTRADA',259,NULL),(2969,227,NULL,0,NULL,NULL,'ENTRADA',259,NULL),(2970,228,NULL,0,NULL,NULL,'ENTRADA',259,NULL),(2971,229,NULL,0,NULL,NULL,'ENTRADA',259,NULL),(2972,230,NULL,0,NULL,NULL,'ENTRADA',259,NULL),(2973,231,NULL,0,NULL,NULL,'ENTRADA',259,NULL),(2974,232,NULL,0,NULL,NULL,'ENTRADA',259,NULL),(2975,233,NULL,2002,NULL,NULL,'ENTRADA',259,NULL),(2976,234,NULL,0,NULL,NULL,'ENTRADA',260,NULL),(2977,235,NULL,0,NULL,NULL,'ENTRADA',260,NULL),(2978,236,NULL,0,NULL,NULL,'ENTRADA',260,NULL),(2979,237,NULL,0,NULL,NULL,'ENTRADA',260,NULL),(2980,238,NULL,161,NULL,NULL,'ENTRADA',260,NULL),(2981,239,NULL,0,NULL,NULL,'ENTRADA',261,NULL),(2982,240,NULL,0,NULL,NULL,'ENTRADA',261,NULL),(2983,241,NULL,0,NULL,NULL,'ENTRADA',261,NULL),(2984,242,NULL,0,NULL,NULL,'ENTRADA',261,NULL),(2985,243,NULL,0,NULL,NULL,'ENTRADA',261,NULL),(2986,244,NULL,79,NULL,NULL,'ENTRADA',261,NULL),(2987,245,NULL,0,NULL,NULL,'ENTRADA',262,NULL),(2988,246,NULL,0,NULL,NULL,'ENTRADA',262,NULL),(2989,247,NULL,0,NULL,NULL,'ENTRADA',262,NULL),(2990,248,NULL,2,NULL,NULL,'ENTRADA',262,NULL),(2991,249,NULL,0,NULL,NULL,'ENTRADA',263,NULL),(2992,250,NULL,0,NULL,NULL,'ENTRADA',263,NULL),(2993,251,NULL,0,NULL,NULL,'ENTRADA',263,NULL),(2994,252,NULL,0,NULL,NULL,'ENTRADA',263,NULL),(2995,253,NULL,0,NULL,NULL,'ENTRADA',263,NULL),(2996,254,NULL,0,NULL,NULL,'ENTRADA',263,NULL),(2997,255,NULL,41,NULL,NULL,'ENTRADA',263,NULL),(2998,262,NULL,0,NULL,NULL,'ENTRADA',264,NULL),(2999,263,NULL,0,NULL,NULL,'ENTRADA',264,NULL),(3000,264,NULL,0,NULL,NULL,'ENTRADA',264,NULL),(3001,265,NULL,0,NULL,NULL,'ENTRADA',264,NULL),(3002,266,NULL,1,NULL,NULL,'ENTRADA',264,NULL),(3003,256,NULL,0,NULL,NULL,'ENTRADA',265,NULL),(3004,257,NULL,0,NULL,NULL,'ENTRADA',265,NULL),(3005,258,NULL,0,NULL,NULL,'ENTRADA',265,NULL),(3006,259,NULL,0,NULL,NULL,'ENTRADA',265,NULL),(3007,260,NULL,0,NULL,NULL,'ENTRADA',265,NULL),(3008,261,NULL,1,NULL,NULL,'ENTRADA',265,NULL),(3462,120,NULL,0,NULL,NULL,'ENTRADA',341,NULL),(3463,119,NULL,0,NULL,NULL,'ENTRADA',341,NULL),(3464,118,NULL,0,NULL,NULL,'ENTRADA',341,NULL),(3465,117,NULL,0,NULL,NULL,'ENTRADA',341,NULL),(3466,116,NULL,0,NULL,NULL,'ENTRADA',341,NULL),(3467,115,NULL,0,NULL,NULL,'ENTRADA',341,NULL),(3468,114,NULL,107400,NULL,NULL,'ENTRADA',341,NULL),(3469,113,NULL,67985,NULL,NULL,'ENTRADA',341,NULL),(3470,127,NULL,0,NULL,NULL,'ENTRADA',342,NULL),(3471,126,NULL,0,NULL,NULL,'ENTRADA',342,NULL),(3472,125,NULL,0,NULL,NULL,'ENTRADA',342,NULL),(3473,124,NULL,0,NULL,NULL,'ENTRADA',342,NULL),(3474,123,NULL,0,NULL,NULL,'ENTRADA',342,NULL),(3475,122,NULL,0,NULL,NULL,'ENTRADA',342,NULL),(3476,121,NULL,30735,NULL,NULL,'ENTRADA',342,NULL),(3477,134,NULL,0,NULL,NULL,'ENTRADA',343,NULL),(3478,133,NULL,0,NULL,NULL,'ENTRADA',343,NULL),(3479,132,NULL,0,NULL,NULL,'ENTRADA',343,NULL),(3480,131,NULL,0,NULL,NULL,'ENTRADA',343,NULL),(3481,130,NULL,0,NULL,NULL,'ENTRADA',343,NULL),(3482,129,NULL,0,NULL,NULL,'ENTRADA',343,NULL),(3483,128,NULL,3971,NULL,NULL,'ENTRADA',343,NULL),(3484,180,NULL,0,NULL,NULL,'ENTRADA',344,NULL),(3485,181,NULL,0,NULL,NULL,'ENTRADA',344,NULL),(3486,182,NULL,0,NULL,NULL,'ENTRADA',344,NULL),(3487,183,NULL,27,NULL,NULL,'ENTRADA',344,NULL),(3488,199,NULL,0,NULL,NULL,'ENTRADA',345,NULL),(3489,200,NULL,0,NULL,NULL,'ENTRADA',345,NULL),(3490,201,NULL,0,NULL,NULL,'ENTRADA',345,NULL),(3491,202,NULL,0,NULL,NULL,'ENTRADA',345,NULL),(3492,203,NULL,1919,NULL,NULL,'ENTRADA',345,NULL),(3493,204,NULL,0,NULL,NULL,'ENTRADA',346,NULL),(3494,205,NULL,0,NULL,NULL,'ENTRADA',346,NULL),(3495,206,NULL,0,NULL,NULL,'ENTRADA',346,NULL),(3496,207,NULL,0,NULL,NULL,'ENTRADA',346,NULL),(3497,208,NULL,0,NULL,NULL,'ENTRADA',346,NULL),(3498,209,NULL,2,NULL,NULL,'ENTRADA',346,NULL),(3499,210,NULL,0,NULL,NULL,'ENTRADA',347,NULL),(3500,211,NULL,0,NULL,NULL,'ENTRADA',347,NULL),(3501,212,NULL,0,NULL,NULL,'ENTRADA',347,NULL),(3502,213,NULL,0,NULL,NULL,'ENTRADA',347,NULL),(3503,214,NULL,0,NULL,NULL,'ENTRADA',347,NULL),(3504,215,NULL,616,NULL,NULL,'ENTRADA',347,NULL),(3505,216,NULL,0,NULL,NULL,'ENTRADA',348,NULL),(3506,217,NULL,0,NULL,NULL,'ENTRADA',348,NULL),(3507,218,NULL,0,NULL,NULL,'ENTRADA',348,NULL),(3508,219,NULL,0,NULL,NULL,'ENTRADA',348,NULL),(3509,220,NULL,23,NULL,NULL,'ENTRADA',348,NULL),(3510,221,NULL,0,NULL,NULL,'ENTRADA',349,NULL),(3511,222,NULL,0,NULL,NULL,'ENTRADA',349,NULL),(3512,223,NULL,0,NULL,NULL,'ENTRADA',349,NULL),(3513,224,NULL,0,NULL,NULL,'ENTRADA',349,NULL),(3514,225,NULL,5,NULL,NULL,'ENTRADA',349,NULL),(3515,226,NULL,0,NULL,NULL,'ENTRADA',350,NULL),(3516,227,NULL,0,NULL,NULL,'ENTRADA',350,NULL),(3517,228,NULL,0,NULL,NULL,'ENTRADA',350,NULL),(3518,229,NULL,0,NULL,NULL,'ENTRADA',350,NULL),(3519,230,NULL,0,NULL,NULL,'ENTRADA',350,NULL),(3520,231,NULL,0,NULL,NULL,'ENTRADA',350,NULL),(3521,232,NULL,0,NULL,NULL,'ENTRADA',350,NULL),(3522,233,NULL,68,NULL,NULL,'ENTRADA',350,NULL),(3523,234,NULL,0,NULL,NULL,'ENTRADA',351,NULL),(3524,235,NULL,0,NULL,NULL,'ENTRADA',351,NULL),(3525,236,NULL,0,NULL,NULL,'ENTRADA',351,NULL),(3526,237,NULL,0,NULL,NULL,'ENTRADA',351,NULL),(3527,238,NULL,43,NULL,NULL,'ENTRADA',351,NULL),(3528,239,NULL,0,NULL,NULL,'ENTRADA',352,NULL),(3529,240,NULL,0,NULL,NULL,'ENTRADA',352,NULL),(3530,241,NULL,0,NULL,NULL,'ENTRADA',352,NULL),(3531,242,NULL,0,NULL,NULL,'ENTRADA',352,NULL),(3532,243,NULL,0,NULL,NULL,'ENTRADA',352,NULL),(3533,244,NULL,323,NULL,NULL,'ENTRADA',352,NULL),(3534,245,NULL,0,NULL,NULL,'ENTRADA',353,NULL),(3535,246,NULL,0,NULL,NULL,'ENTRADA',353,NULL),(3536,247,NULL,0,NULL,NULL,'ENTRADA',353,NULL),(3537,248,NULL,1,NULL,NULL,'ENTRADA',353,NULL),(3538,249,NULL,0,NULL,NULL,'ENTRADA',354,NULL),(3539,250,NULL,0,NULL,NULL,'ENTRADA',354,NULL),(3540,251,NULL,0,NULL,NULL,'ENTRADA',354,NULL),(3541,252,NULL,0,NULL,NULL,'ENTRADA',354,NULL),(3542,253,NULL,0,NULL,NULL,'ENTRADA',354,NULL),(3543,254,NULL,0,NULL,NULL,'ENTRADA',354,NULL),(3544,255,NULL,829,NULL,NULL,'ENTRADA',354,NULL),(3545,256,NULL,0,NULL,NULL,'ENTRADA',355,NULL),(3546,257,NULL,0,NULL,NULL,'ENTRADA',355,NULL),(3547,258,NULL,0,NULL,NULL,'ENTRADA',355,NULL),(3548,259,NULL,0,NULL,NULL,'ENTRADA',355,NULL),(3549,260,NULL,0,NULL,NULL,'ENTRADA',355,NULL),(3550,261,NULL,20,NULL,NULL,'ENTRADA',355,NULL),(3551,262,NULL,0,NULL,NULL,'ENTRADA',356,NULL),(3552,263,NULL,0,NULL,NULL,'ENTRADA',356,NULL),(3553,264,NULL,0,NULL,NULL,'ENTRADA',356,NULL),(3554,265,NULL,0,NULL,NULL,'ENTRADA',356,NULL),(3555,266,NULL,1,NULL,NULL,'ENTRADA',356,NULL),(3657,120,NULL,0,NULL,NULL,'ENTRADA',373,NULL),(3658,119,NULL,0,NULL,NULL,'ENTRADA',373,NULL),(3659,118,NULL,0,NULL,NULL,'ENTRADA',373,NULL),(3660,117,NULL,0,NULL,NULL,'ENTRADA',373,NULL),(3661,116,NULL,0,NULL,NULL,'ENTRADA',373,NULL),(3662,115,NULL,0,NULL,NULL,'ENTRADA',373,NULL),(3663,114,NULL,79900,NULL,NULL,'ENTRADA',373,NULL),(3664,113,NULL,79232,NULL,NULL,'ENTRADA',373,NULL),(3665,127,NULL,0,NULL,NULL,'ENTRADA',374,NULL),(3666,126,NULL,0,NULL,NULL,'ENTRADA',374,NULL),(3667,125,NULL,0,NULL,NULL,'ENTRADA',374,NULL),(3668,124,NULL,0,NULL,NULL,'ENTRADA',374,NULL),(3669,123,NULL,0,NULL,NULL,'ENTRADA',374,NULL),(3670,122,NULL,0,NULL,NULL,'ENTRADA',374,NULL),(3671,121,NULL,28938,NULL,NULL,'ENTRADA',374,NULL),(3672,134,NULL,0,NULL,NULL,'ENTRADA',375,NULL),(3673,133,NULL,0,NULL,NULL,'ENTRADA',375,NULL),(3674,132,NULL,0,NULL,NULL,'ENTRADA',375,NULL),(3675,131,NULL,0,NULL,NULL,'ENTRADA',375,NULL),(3676,130,NULL,0,NULL,NULL,'ENTRADA',375,NULL),(3677,129,NULL,0,NULL,NULL,'ENTRADA',375,NULL),(3678,128,NULL,562,NULL,NULL,'ENTRADA',375,NULL),(3679,180,NULL,0,NULL,NULL,'ENTRADA',376,NULL),(3680,181,NULL,0,NULL,NULL,'ENTRADA',376,NULL),(3681,182,NULL,0,NULL,NULL,'ENTRADA',376,NULL),(3682,183,NULL,1,NULL,NULL,'ENTRADA',376,NULL),(3683,199,NULL,0,NULL,NULL,'ENTRADA',377,NULL),(3684,200,NULL,0,NULL,NULL,'ENTRADA',377,NULL),(3685,201,NULL,0,NULL,NULL,'ENTRADA',377,NULL),(3686,202,NULL,0,NULL,NULL,'ENTRADA',377,NULL),(3687,203,NULL,4,NULL,NULL,'ENTRADA',377,NULL),(3688,204,NULL,0,NULL,NULL,'ENTRADA',378,NULL),(3689,205,NULL,0,NULL,NULL,'ENTRADA',378,NULL),(3690,206,NULL,0,NULL,NULL,'ENTRADA',378,NULL),(3691,207,NULL,0,NULL,NULL,'ENTRADA',378,NULL),(3692,208,NULL,0,NULL,NULL,'ENTRADA',378,NULL),(3693,209,NULL,277,NULL,NULL,'ENTRADA',378,NULL),(3694,210,NULL,0,NULL,NULL,'ENTRADA',379,NULL),(3695,211,NULL,0,NULL,NULL,'ENTRADA',379,NULL),(3696,212,NULL,0,NULL,NULL,'ENTRADA',379,NULL),(3697,213,NULL,0,NULL,NULL,'ENTRADA',379,NULL),(3698,214,NULL,0,NULL,NULL,'ENTRADA',379,NULL),(3699,215,NULL,1,NULL,NULL,'ENTRADA',379,NULL),(3700,221,NULL,0,NULL,NULL,'ENTRADA',380,NULL),(3701,222,NULL,0,NULL,NULL,'ENTRADA',380,NULL),(3702,223,NULL,0,NULL,NULL,'ENTRADA',380,NULL),(3703,224,NULL,0,NULL,NULL,'ENTRADA',380,NULL),(3704,225,NULL,303,NULL,NULL,'ENTRADA',380,NULL),(3705,226,NULL,0,NULL,NULL,'ENTRADA',381,NULL),(3706,227,NULL,0,NULL,NULL,'ENTRADA',381,NULL),(3707,228,NULL,0,NULL,NULL,'ENTRADA',381,NULL),(3708,229,NULL,0,NULL,NULL,'ENTRADA',381,NULL),(3709,230,NULL,0,NULL,NULL,'ENTRADA',381,NULL),(3710,231,NULL,0,NULL,NULL,'ENTRADA',381,NULL),(3711,232,NULL,0,NULL,NULL,'ENTRADA',381,NULL),(3712,233,NULL,4230,NULL,NULL,'ENTRADA',381,NULL),(3713,234,NULL,0,NULL,NULL,'ENTRADA',382,NULL),(3714,235,NULL,0,NULL,NULL,'ENTRADA',382,NULL),(3715,236,NULL,0,NULL,NULL,'ENTRADA',382,NULL),(3716,237,NULL,0,NULL,NULL,'ENTRADA',382,NULL),(3717,238,NULL,148,NULL,NULL,'ENTRADA',382,NULL),(3718,239,NULL,0,NULL,NULL,'ENTRADA',383,NULL),(3719,240,NULL,0,NULL,NULL,'ENTRADA',383,NULL),(3720,241,NULL,0,NULL,NULL,'ENTRADA',383,NULL),(3721,242,NULL,0,NULL,NULL,'ENTRADA',383,NULL),(3722,243,NULL,0,NULL,NULL,'ENTRADA',383,NULL),(3723,244,NULL,264,NULL,NULL,'ENTRADA',383,NULL),(3724,245,NULL,0,NULL,NULL,'ENTRADA',384,NULL),(3725,246,NULL,0,NULL,NULL,'ENTRADA',384,NULL),(3726,247,NULL,0,NULL,NULL,'ENTRADA',384,NULL),(3727,248,NULL,26,NULL,NULL,'ENTRADA',384,NULL),(3728,249,NULL,0,NULL,NULL,'ENTRADA',385,NULL),(3729,250,NULL,0,NULL,NULL,'ENTRADA',385,NULL),(3730,251,NULL,0,NULL,NULL,'ENTRADA',385,NULL),(3731,252,NULL,0,NULL,NULL,'ENTRADA',385,NULL),(3732,253,NULL,0,NULL,NULL,'ENTRADA',385,NULL),(3733,254,NULL,0,NULL,NULL,'ENTRADA',385,NULL),(3734,255,NULL,1,NULL,NULL,'ENTRADA',385,NULL),(3735,256,NULL,0,NULL,NULL,'ENTRADA',386,NULL),(3736,257,NULL,0,NULL,NULL,'ENTRADA',386,NULL),(3737,258,NULL,0,NULL,NULL,'ENTRADA',386,NULL),(3738,259,NULL,0,NULL,NULL,'ENTRADA',386,NULL),(3739,260,NULL,0,NULL,NULL,'ENTRADA',386,NULL),(3740,261,NULL,1,NULL,NULL,'ENTRADA',386,NULL),(3741,262,NULL,0,NULL,NULL,'ENTRADA',387,NULL),(3742,263,NULL,0,NULL,NULL,'ENTRADA',387,NULL),(3743,264,NULL,0,NULL,NULL,'ENTRADA',387,NULL),(3744,265,NULL,0,NULL,NULL,'ENTRADA',387,NULL),(3745,266,NULL,1,NULL,NULL,'ENTRADA',387,NULL),(3746,216,NULL,0,NULL,NULL,'ENTRADA',388,NULL),(3747,217,NULL,0,NULL,NULL,'ENTRADA',388,NULL),(3748,218,NULL,0,NULL,NULL,'ENTRADA',388,NULL),(3749,219,NULL,0,NULL,NULL,'ENTRADA',388,NULL),(3750,220,NULL,2110,NULL,NULL,'ENTRADA',388,NULL),(3836,120,NULL,0,NULL,NULL,'ENTRADA',402,NULL),(3837,119,NULL,0,NULL,NULL,'ENTRADA',402,NULL),(3838,118,NULL,0,NULL,NULL,'ENTRADA',402,NULL),(3839,117,NULL,0,NULL,NULL,'ENTRADA',402,NULL),(3840,116,NULL,0,NULL,NULL,'ENTRADA',402,NULL),(3841,115,NULL,0,NULL,NULL,'ENTRADA',402,NULL),(3842,114,NULL,96000,NULL,NULL,'ENTRADA',402,NULL),(3843,113,NULL,42147,NULL,NULL,'ENTRADA',402,NULL),(3844,127,NULL,0,NULL,NULL,'ENTRADA',403,NULL),(3845,126,NULL,0,NULL,NULL,'ENTRADA',403,NULL),(3846,125,NULL,0,NULL,NULL,'ENTRADA',403,NULL),(3847,124,NULL,0,NULL,NULL,'ENTRADA',403,NULL),(3848,123,NULL,0,NULL,NULL,'ENTRADA',403,NULL),(3849,122,NULL,0,NULL,NULL,'ENTRADA',403,NULL),(3850,121,NULL,18190,NULL,NULL,'ENTRADA',403,NULL),(3851,134,NULL,0,NULL,NULL,'ENTRADA',404,NULL),(3852,133,NULL,0,NULL,NULL,'ENTRADA',404,NULL),(3853,132,NULL,0,NULL,NULL,'ENTRADA',404,NULL),(3854,131,NULL,0,NULL,NULL,'ENTRADA',404,NULL),(3855,130,NULL,0,NULL,NULL,'ENTRADA',404,NULL),(3856,129,NULL,0,NULL,NULL,'ENTRADA',404,NULL),(3857,128,NULL,503,NULL,NULL,'ENTRADA',404,NULL),(3858,180,NULL,0,NULL,NULL,'ENTRADA',405,NULL),(3859,181,NULL,0,NULL,NULL,'ENTRADA',405,NULL),(3860,182,NULL,0,NULL,NULL,'ENTRADA',405,NULL),(3861,183,NULL,8,NULL,NULL,'ENTRADA',405,NULL),(3862,199,NULL,0,NULL,NULL,'ENTRADA',406,NULL),(3863,200,NULL,0,NULL,NULL,'ENTRADA',406,NULL),(3864,201,NULL,0,NULL,NULL,'ENTRADA',406,NULL),(3865,202,NULL,0,NULL,NULL,'ENTRADA',406,NULL),(3866,203,NULL,79,NULL,NULL,'ENTRADA',406,NULL),(3867,204,NULL,0,NULL,NULL,'ENTRADA',407,NULL),(3868,205,NULL,0,NULL,NULL,'ENTRADA',407,NULL),(3869,206,NULL,0,NULL,NULL,'ENTRADA',407,NULL),(3870,207,NULL,0,NULL,NULL,'ENTRADA',407,NULL),(3871,208,NULL,0,NULL,NULL,'ENTRADA',407,NULL),(3872,209,NULL,1,NULL,NULL,'ENTRADA',407,NULL),(3873,210,NULL,0,NULL,NULL,'ENTRADA',408,NULL),(3874,211,NULL,0,NULL,NULL,'ENTRADA',408,NULL),(3875,212,NULL,0,NULL,NULL,'ENTRADA',408,NULL),(3876,213,NULL,0,NULL,NULL,'ENTRADA',408,NULL),(3877,214,NULL,0,NULL,NULL,'ENTRADA',408,NULL),(3878,215,NULL,1,NULL,NULL,'ENTRADA',408,NULL),(3879,216,NULL,0,NULL,NULL,'ENTRADA',409,NULL),(3880,217,NULL,0,NULL,NULL,'ENTRADA',409,NULL),(3881,218,NULL,0,NULL,NULL,'ENTRADA',409,NULL),(3882,219,NULL,0,NULL,NULL,'ENTRADA',409,NULL),(3883,220,NULL,518,NULL,NULL,'ENTRADA',409,NULL),(3884,221,NULL,0,NULL,NULL,'ENTRADA',410,NULL),(3885,222,NULL,0,NULL,NULL,'ENTRADA',410,NULL),(3886,223,NULL,0,NULL,NULL,'ENTRADA',410,NULL),(3887,224,NULL,0,NULL,NULL,'ENTRADA',410,NULL),(3888,225,NULL,34,NULL,NULL,'ENTRADA',410,NULL),(3889,226,NULL,0,NULL,NULL,'ENTRADA',411,NULL),(3890,227,NULL,0,NULL,NULL,'ENTRADA',411,NULL),(3891,228,NULL,0,NULL,NULL,'ENTRADA',411,NULL),(3892,229,NULL,0,NULL,NULL,'ENTRADA',411,NULL),(3893,230,NULL,0,NULL,NULL,'ENTRADA',411,NULL),(3894,231,NULL,0,NULL,NULL,'ENTRADA',411,NULL),(3895,232,NULL,0,NULL,NULL,'ENTRADA',411,NULL),(3896,233,NULL,15006,NULL,NULL,'ENTRADA',411,NULL),(3897,234,NULL,0,NULL,NULL,'ENTRADA',412,NULL),(3898,235,NULL,0,NULL,NULL,'ENTRADA',412,NULL),(3899,236,NULL,0,NULL,NULL,'ENTRADA',412,NULL),(3900,237,NULL,0,NULL,NULL,'ENTRADA',412,NULL),(3901,238,NULL,70,NULL,NULL,'ENTRADA',412,NULL),(3902,239,NULL,0,NULL,NULL,'ENTRADA',413,NULL),(3903,240,NULL,0,NULL,NULL,'ENTRADA',413,NULL),(3904,241,NULL,0,NULL,NULL,'ENTRADA',413,NULL),(3905,242,NULL,0,NULL,NULL,'ENTRADA',413,NULL),(3906,243,NULL,0,NULL,NULL,'ENTRADA',413,NULL),(3907,244,NULL,7,NULL,NULL,'ENTRADA',413,NULL),(3908,245,NULL,0,NULL,NULL,'ENTRADA',414,NULL),(3909,246,NULL,0,NULL,NULL,'ENTRADA',414,NULL),(3910,247,NULL,0,NULL,NULL,'ENTRADA',414,NULL),(3911,248,NULL,3,NULL,NULL,'ENTRADA',414,NULL),(3912,249,NULL,0,NULL,NULL,'ENTRADA',415,NULL),(3913,250,NULL,0,NULL,NULL,'ENTRADA',415,NULL),(3914,251,NULL,0,NULL,NULL,'ENTRADA',415,NULL),(3915,252,NULL,0,NULL,NULL,'ENTRADA',415,NULL),(3916,253,NULL,0,NULL,NULL,'ENTRADA',415,NULL),(3917,254,NULL,0,NULL,NULL,'ENTRADA',415,NULL),(3918,255,NULL,71,NULL,NULL,'ENTRADA',415,NULL),(3919,256,NULL,0,NULL,NULL,'ENTRADA',416,NULL),(3920,257,NULL,0,NULL,NULL,'ENTRADA',416,NULL),(3921,258,NULL,0,NULL,NULL,'ENTRADA',416,NULL),(3922,259,NULL,0,NULL,NULL,'ENTRADA',416,NULL),(3923,260,NULL,0,NULL,NULL,'ENTRADA',416,NULL),(3924,261,NULL,1,NULL,NULL,'ENTRADA',416,NULL),(3925,262,NULL,0,NULL,NULL,'ENTRADA',417,NULL),(3926,263,NULL,0,NULL,NULL,'ENTRADA',417,NULL),(3927,264,NULL,0,NULL,NULL,'ENTRADA',417,NULL),(3928,265,NULL,0,NULL,NULL,'ENTRADA',417,NULL),(3929,266,NULL,1,NULL,NULL,'ENTRADA',417,NULL),(4039,120,NULL,0,NULL,NULL,'ENTRADA',436,NULL),(4040,119,NULL,0,NULL,NULL,'ENTRADA',436,NULL),(4041,118,NULL,0,NULL,NULL,'ENTRADA',436,NULL),(4042,117,NULL,0,NULL,NULL,'ENTRADA',436,NULL),(4043,116,NULL,0,NULL,NULL,'ENTRADA',436,NULL),(4044,115,NULL,0,NULL,NULL,'ENTRADA',436,NULL),(4045,114,NULL,29600,NULL,NULL,'ENTRADA',436,NULL),(4046,113,NULL,13774,NULL,NULL,'ENTRADA',436,NULL),(4047,127,NULL,0,NULL,NULL,'ENTRADA',437,NULL),(4048,126,NULL,0,NULL,NULL,'ENTRADA',437,NULL),(4049,125,NULL,0,NULL,NULL,'ENTRADA',437,NULL),(4050,124,NULL,0,NULL,NULL,'ENTRADA',437,NULL),(4051,123,NULL,0,NULL,NULL,'ENTRADA',437,NULL),(4052,122,NULL,0,NULL,NULL,'ENTRADA',437,NULL),(4053,121,NULL,15751,NULL,NULL,'ENTRADA',437,NULL),(4054,134,NULL,0,NULL,NULL,'ENTRADA',438,NULL),(4055,133,NULL,0,NULL,NULL,'ENTRADA',438,NULL),(4056,132,NULL,0,NULL,NULL,'ENTRADA',438,NULL),(4057,131,NULL,0,NULL,NULL,'ENTRADA',438,NULL),(4058,130,NULL,0,NULL,NULL,'ENTRADA',438,NULL),(4059,129,NULL,0,NULL,NULL,'ENTRADA',438,NULL),(4060,128,NULL,104,NULL,NULL,'ENTRADA',438,NULL),(4061,180,NULL,0,NULL,NULL,'ENTRADA',439,NULL),(4062,181,NULL,0,NULL,NULL,'ENTRADA',439,NULL),(4063,182,NULL,0,NULL,NULL,'ENTRADA',439,NULL),(4064,183,NULL,20,NULL,NULL,'ENTRADA',439,NULL),(4065,199,NULL,0,NULL,NULL,'ENTRADA',440,NULL),(4066,200,NULL,0,NULL,NULL,'ENTRADA',440,NULL),(4067,201,NULL,0,NULL,NULL,'ENTRADA',440,NULL),(4068,202,NULL,0,NULL,NULL,'ENTRADA',440,NULL),(4069,203,NULL,383,NULL,NULL,'ENTRADA',440,NULL),(4070,204,NULL,0,NULL,NULL,'ENTRADA',441,NULL),(4071,205,NULL,0,NULL,NULL,'ENTRADA',441,NULL),(4072,206,NULL,0,NULL,NULL,'ENTRADA',441,NULL),(4073,207,NULL,0,NULL,NULL,'ENTRADA',441,NULL),(4074,208,NULL,0,NULL,NULL,'ENTRADA',441,NULL),(4075,209,NULL,275,NULL,NULL,'ENTRADA',441,NULL),(4076,210,NULL,0,NULL,NULL,'ENTRADA',442,NULL),(4077,211,NULL,0,NULL,NULL,'ENTRADA',442,NULL),(4078,212,NULL,0,NULL,NULL,'ENTRADA',442,NULL),(4079,213,NULL,0,NULL,NULL,'ENTRADA',442,NULL),(4080,214,NULL,0,NULL,NULL,'ENTRADA',442,NULL),(4081,215,NULL,144,NULL,NULL,'ENTRADA',442,NULL),(4082,216,NULL,0,NULL,NULL,'ENTRADA',443,NULL),(4083,217,NULL,0,NULL,NULL,'ENTRADA',443,NULL),(4084,218,NULL,0,NULL,NULL,'ENTRADA',443,NULL),(4085,219,NULL,0,NULL,NULL,'ENTRADA',443,NULL),(4086,220,NULL,47,NULL,NULL,'ENTRADA',443,NULL),(4087,221,NULL,0,NULL,NULL,'ENTRADA',444,NULL),(4088,222,NULL,0,NULL,NULL,'ENTRADA',444,NULL),(4089,223,NULL,0,NULL,NULL,'ENTRADA',444,NULL),(4090,224,NULL,0,NULL,NULL,'ENTRADA',444,NULL),(4091,225,NULL,72,NULL,NULL,'ENTRADA',444,NULL),(4092,226,NULL,0,NULL,NULL,'ENTRADA',445,NULL),(4093,227,NULL,0,NULL,NULL,'ENTRADA',445,NULL),(4094,228,NULL,0,NULL,NULL,'ENTRADA',445,NULL),(4095,229,NULL,0,NULL,NULL,'ENTRADA',445,NULL),(4096,230,NULL,0,NULL,NULL,'ENTRADA',445,NULL),(4097,231,NULL,0,NULL,NULL,'ENTRADA',445,NULL),(4098,232,NULL,0,NULL,NULL,'ENTRADA',445,NULL),(4099,233,NULL,1451,NULL,NULL,'ENTRADA',445,NULL),(4100,234,NULL,0,NULL,NULL,'ENTRADA',446,NULL),(4101,235,NULL,0,NULL,NULL,'ENTRADA',446,NULL),(4102,236,NULL,0,NULL,NULL,'ENTRADA',446,NULL),(4103,237,NULL,0,NULL,NULL,'ENTRADA',446,NULL),(4104,238,NULL,27,NULL,NULL,'ENTRADA',446,NULL),(4105,239,NULL,0,NULL,NULL,'ENTRADA',447,NULL),(4106,240,NULL,0,NULL,NULL,'ENTRADA',447,NULL),(4107,241,NULL,0,NULL,NULL,'ENTRADA',447,NULL),(4108,242,NULL,0,NULL,NULL,'ENTRADA',447,NULL),(4109,243,NULL,0,NULL,NULL,'ENTRADA',447,NULL),(4110,244,NULL,68,NULL,NULL,'ENTRADA',447,NULL),(4111,245,NULL,0,NULL,NULL,'ENTRADA',448,NULL),(4112,246,NULL,0,NULL,NULL,'ENTRADA',448,NULL),(4113,247,NULL,0,NULL,NULL,'ENTRADA',448,NULL),(4114,248,NULL,2,NULL,NULL,'ENTRADA',448,NULL),(4115,249,NULL,0,NULL,NULL,'ENTRADA',449,NULL),(4116,250,NULL,0,NULL,NULL,'ENTRADA',449,NULL),(4117,251,NULL,0,NULL,NULL,'ENTRADA',449,NULL),(4118,252,NULL,0,NULL,NULL,'ENTRADA',449,NULL),(4119,253,NULL,0,NULL,NULL,'ENTRADA',449,NULL),(4120,254,NULL,0,NULL,NULL,'ENTRADA',449,NULL),(4121,255,NULL,1,NULL,NULL,'ENTRADA',449,NULL),(4122,256,NULL,0,NULL,NULL,'ENTRADA',450,NULL),(4123,257,NULL,0,NULL,NULL,'ENTRADA',450,NULL),(4124,258,NULL,0,NULL,NULL,'ENTRADA',450,NULL),(4125,259,NULL,0,NULL,NULL,'ENTRADA',450,NULL),(4126,260,NULL,0,NULL,NULL,'ENTRADA',450,NULL),(4127,261,NULL,1,NULL,NULL,'ENTRADA',450,NULL),(4128,262,NULL,0,NULL,NULL,'ENTRADA',451,NULL),(4129,263,NULL,0,NULL,NULL,'ENTRADA',451,NULL),(4130,264,NULL,0,NULL,NULL,'ENTRADA',451,NULL),(4131,265,NULL,0,NULL,NULL,'ENTRADA',451,NULL),(4132,266,NULL,1,NULL,NULL,'ENTRADA',451,NULL),(4141,120,NULL,0,NULL,NULL,'ENTRADA',453,NULL),(4142,119,NULL,0,NULL,NULL,'ENTRADA',453,NULL),(4143,118,NULL,0,NULL,NULL,'ENTRADA',453,NULL),(4144,117,NULL,0,NULL,NULL,'ENTRADA',453,NULL),(4145,116,NULL,0,NULL,NULL,'ENTRADA',453,NULL),(4146,115,NULL,0,NULL,NULL,'ENTRADA',453,NULL),(4147,114,NULL,82100,NULL,NULL,'ENTRADA',453,NULL),(4148,113,NULL,61503,NULL,NULL,'ENTRADA',453,NULL),(4149,127,NULL,0,NULL,NULL,'ENTRADA',454,NULL),(4150,126,NULL,0,NULL,NULL,'ENTRADA',454,NULL),(4151,125,NULL,0,NULL,NULL,'ENTRADA',454,NULL),(4152,124,NULL,0,NULL,NULL,'ENTRADA',454,NULL),(4153,123,NULL,0,NULL,NULL,'ENTRADA',454,NULL),(4154,122,NULL,0,NULL,NULL,'ENTRADA',454,NULL),(4155,121,NULL,8688,NULL,NULL,'ENTRADA',454,NULL),(4156,134,NULL,0,NULL,NULL,'ENTRADA',455,NULL),(4157,133,NULL,0,NULL,NULL,'ENTRADA',455,NULL),(4158,132,NULL,0,NULL,NULL,'ENTRADA',455,NULL),(4159,131,NULL,0,NULL,NULL,'ENTRADA',455,NULL),(4160,130,NULL,0,NULL,NULL,'ENTRADA',455,NULL),(4161,129,NULL,0,NULL,NULL,'ENTRADA',455,NULL),(4162,128,NULL,256,NULL,NULL,'ENTRADA',455,NULL),(4163,180,NULL,0,NULL,NULL,'ENTRADA',456,NULL),(4164,181,NULL,0,NULL,NULL,'ENTRADA',456,NULL),(4165,182,NULL,0,NULL,NULL,'ENTRADA',456,NULL),(4166,183,NULL,2,NULL,NULL,'ENTRADA',456,NULL),(4167,199,NULL,0,NULL,NULL,'ENTRADA',457,NULL),(4168,200,NULL,0,NULL,NULL,'ENTRADA',457,NULL),(4169,201,NULL,0,NULL,NULL,'ENTRADA',457,NULL),(4170,202,NULL,0,NULL,NULL,'ENTRADA',457,NULL),(4171,203,NULL,35,NULL,NULL,'ENTRADA',457,NULL),(4172,204,NULL,0,NULL,NULL,'ENTRADA',458,NULL),(4173,205,NULL,0,NULL,NULL,'ENTRADA',458,NULL),(4174,206,NULL,0,NULL,NULL,'ENTRADA',458,NULL),(4175,207,NULL,0,NULL,NULL,'ENTRADA',458,NULL),(4176,208,NULL,1,NULL,NULL,'ENTRADA',458,NULL),(4177,209,NULL,1,NULL,NULL,'ENTRADA',458,NULL),(4178,210,NULL,0,NULL,NULL,'ENTRADA',459,NULL),(4179,211,NULL,0,NULL,NULL,'ENTRADA',459,NULL),(4180,212,NULL,0,NULL,NULL,'ENTRADA',459,NULL),(4181,213,NULL,0,NULL,NULL,'ENTRADA',459,NULL),(4182,214,NULL,0,NULL,NULL,'ENTRADA',459,NULL),(4183,215,NULL,1690,NULL,NULL,'ENTRADA',459,NULL),(4184,216,NULL,0,NULL,NULL,'ENTRADA',460,NULL),(4185,217,NULL,0,NULL,NULL,'ENTRADA',460,NULL),(4186,218,NULL,0,NULL,NULL,'ENTRADA',460,NULL),(4187,219,NULL,0,NULL,NULL,'ENTRADA',460,NULL),(4188,220,NULL,367,NULL,NULL,'ENTRADA',460,NULL),(4189,221,NULL,0,NULL,NULL,'ENTRADA',461,NULL),(4190,222,NULL,0,NULL,NULL,'ENTRADA',461,NULL),(4191,223,NULL,0,NULL,NULL,'ENTRADA',461,NULL),(4192,224,NULL,0,NULL,NULL,'ENTRADA',461,NULL),(4193,225,NULL,1,NULL,NULL,'ENTRADA',461,NULL),(4194,226,NULL,0,NULL,NULL,'ENTRADA',462,NULL),(4195,227,NULL,0,NULL,NULL,'ENTRADA',462,NULL),(4196,228,NULL,0,NULL,NULL,'ENTRADA',462,NULL),(4197,229,NULL,0,NULL,NULL,'ENTRADA',462,NULL),(4198,230,NULL,0,NULL,NULL,'ENTRADA',462,NULL),(4199,231,NULL,0,NULL,NULL,'ENTRADA',462,NULL),(4200,232,NULL,0,NULL,NULL,'ENTRADA',462,NULL),(4201,233,NULL,62,NULL,NULL,'ENTRADA',462,NULL),(4202,234,NULL,0,NULL,NULL,'ENTRADA',463,NULL),(4203,235,NULL,0,NULL,NULL,'ENTRADA',463,NULL),(4204,236,NULL,0,NULL,NULL,'ENTRADA',463,NULL),(4205,237,NULL,0,NULL,NULL,'ENTRADA',463,NULL),(4206,238,NULL,78,NULL,NULL,'ENTRADA',463,NULL),(4207,239,NULL,0,NULL,NULL,'ENTRADA',464,NULL),(4208,240,NULL,0,NULL,NULL,'ENTRADA',464,NULL),(4209,241,NULL,0,NULL,NULL,'ENTRADA',464,NULL),(4210,242,NULL,0,NULL,NULL,'ENTRADA',464,NULL),(4211,243,NULL,0,NULL,NULL,'ENTRADA',464,NULL),(4212,244,NULL,42,NULL,NULL,'ENTRADA',464,NULL),(4213,245,NULL,0,NULL,NULL,'ENTRADA',465,NULL),(4214,246,NULL,0,NULL,NULL,'ENTRADA',465,NULL),(4215,247,NULL,0,NULL,NULL,'ENTRADA',465,NULL),(4216,248,NULL,1,NULL,NULL,'ENTRADA',465,NULL),(4217,249,NULL,0,NULL,NULL,'ENTRADA',466,NULL),(4218,250,NULL,0,NULL,NULL,'ENTRADA',466,NULL),(4219,251,NULL,0,NULL,NULL,'ENTRADA',466,NULL),(4220,252,NULL,0,NULL,NULL,'ENTRADA',466,NULL),(4221,253,NULL,0,NULL,NULL,'ENTRADA',466,NULL),(4222,254,NULL,0,NULL,NULL,'ENTRADA',466,NULL),(4223,255,NULL,1,NULL,NULL,'ENTRADA',466,NULL),(4224,256,NULL,0,NULL,NULL,'ENTRADA',467,NULL),(4225,257,NULL,0,NULL,NULL,'ENTRADA',467,NULL),(4226,258,NULL,0,NULL,NULL,'ENTRADA',467,NULL),(4227,259,NULL,0,NULL,NULL,'ENTRADA',467,NULL),(4228,260,NULL,0,NULL,NULL,'ENTRADA',467,NULL),(4229,261,NULL,1,NULL,NULL,'ENTRADA',467,NULL),(4230,262,NULL,0,NULL,NULL,'ENTRADA',468,NULL),(4231,263,NULL,0,NULL,NULL,'ENTRADA',468,NULL),(4232,264,NULL,0,NULL,NULL,'ENTRADA',468,NULL),(4233,265,NULL,0,NULL,NULL,'ENTRADA',468,NULL),(4234,266,NULL,1,NULL,NULL,'ENTRADA',468,NULL);
/*!40000 ALTER TABLE `denominacion_cantidad` ENABLE KEYS */;
UNLOCK TABLES;

--
-- Table structure for table `empresa`
--

DROP TABLE IF EXISTS `empresa`;
/*!40101 SET @saved_cs_client     = @@character_set_client */;
/*!40101 SET character_set_client = utf8 */;
CREATE TABLE `empresa` (
  `id` bigint(20) NOT NULL AUTO_INCREMENT,
  `nit` varchar(45) NOT NULL,
  `razon_social` varchar(150) NOT NULL,
  `direccion` varchar(100) NOT NULL,
  `ciiu` varchar(150) NOT NULL,
  `concepto` varchar(150) DEFAULT NULL,
  PRIMARY KEY (`id`)
) ENGINE=InnoDB DEFAULT CHARSET=utf8;
/*!40101 SET character_set_client = @saved_cs_client */;

--
-- Dumping data for table `empresa`
--

LOCK TABLES `empresa` WRITE;
/*!40000 ALTER TABLE `empresa` DISABLE KEYS */;
/*!40000 ALTER TABLE `empresa` ENABLE KEYS */;
UNLOCK TABLES;

--
-- Table structure for table `flujo_extraordinario`
--

DROP TABLE IF EXISTS `flujo_extraordinario`;
/*!40101 SET @saved_cs_client     = @@character_set_client */;
/*!40101 SET character_set_client = utf8 */;
CREATE TABLE `flujo_extraordinario` (
  `id` bigint(20) NOT NULL AUTO_INCREMENT,
  `idsoipc` varchar(450) DEFAULT NULL,
  `tipo` varchar(20) NOT NULL,
  `valor` decimal(15,2) NOT NULL,
  `turno` bigint(20) NOT NULL,
  `fecha` datetime NOT NULL,
  `estado` varchar(20) NOT NULL,
  `fx` bigint(20) NOT NULL,
  `descripcion` varchar(256) DEFAULT NULL,
  `criterio` varchar(100) NOT NULL,
  `naturaleza` varchar(100) DEFAULT NULL,
  `receptor` varchar(100) DEFAULT NULL,
  `cuenta` varchar(100) DEFAULT NULL,
  `concepto` varchar(100) DEFAULT NULL,
  PRIMARY KEY (`id`),
  KEY `flujo_extraordinario_turno_FK` (`turno`),
  KEY `flujo_extraordinario_fx_FK` (`fx`),
  CONSTRAINT `flujo_extraordinario_fx_FK` FOREIGN KEY (`fx`) REFERENCES `fx` (`id`) ON UPDATE CASCADE,
  CONSTRAINT `flujo_extraordinario_turno_FK` FOREIGN KEY (`turno`) REFERENCES `turno` (`id`) ON UPDATE CASCADE
) ENGINE=InnoDB AUTO_INCREMENT=5 DEFAULT CHARSET=utf8;
/*!40101 SET character_set_client = @saved_cs_client */;

--
-- Dumping data for table `flujo_extraordinario`
--

LOCK TABLES `flujo_extraordinario` WRITE;
/*!40000 ALTER TABLE `flujo_extraordinario` DISABLE KEYS */;
/*!40000 ALTER TABLE `flujo_extraordinario` ENABLE KEYS */;
UNLOCK TABLES;

--
-- Table structure for table `fondeo`
--

DROP TABLE IF EXISTS `fondeo`;
/*!40101 SET @saved_cs_client     = @@character_set_client */;
/*!40101 SET character_set_client = utf8 */;
CREATE TABLE `fondeo` (
  `id` bigint(20) NOT NULL AUTO_INCREMENT,
  `fecha` datetime NOT NULL,
  `sucursal` bigint(20) DEFAULT NULL,
  `turno_origen` bigint(20) DEFAULT NULL,
  `turno_destino` bigint(20) DEFAULT NULL,
  `estado` varchar(20) NOT NULL,
  `valor_giro` decimal(14,2) NOT NULL,
  `fx` bigint(20) NOT NULL,
  PRIMARY KEY (`id`),
  KEY `fk_usuario_traslados_idx` (`turno_origen`),
  KEY `fk_usuario_traslados_idx1` (`turno_destino`),
  KEY `fk_fx_traslado_idx` (`fx`),
  KEY `fk_sucursal_destino_idx` (`sucursal`),
  CONSTRAINT `fk_fx_fondeo` FOREIGN KEY (`fx`) REFERENCES `fx` (`id`) ON UPDATE CASCADE,
  CONSTRAINT `fondeo_turno_FK` FOREIGN KEY (`turno_origen`) REFERENCES `turno` (`id`) ON UPDATE CASCADE,
  CONSTRAINT `fondeo_turno_FK_1` FOREIGN KEY (`turno_destino`) REFERENCES `turno` (`id`) ON DELETE CASCADE
) ENGINE=InnoDB AUTO_INCREMENT=4 DEFAULT CHARSET=utf8;
/*!40101 SET character_set_client = @saved_cs_client */;

--
-- Dumping data for table `fondeo`
--

LOCK TABLES `fondeo` WRITE;
/*!40000 ALTER TABLE `fondeo` DISABLE KEYS */;
/*!40000 ALTER TABLE `fondeo` ENABLE KEYS */;
UNLOCK TABLES;

--
-- Table structure for table `functionality`
--

DROP TABLE IF EXISTS `functionality`;
/*!40101 SET @saved_cs_client     = @@character_set_client */;
/*!40101 SET character_set_client = utf8 */;
CREATE TABLE `functionality` (
  `id` bigint(20) NOT NULL AUTO_INCREMENT,
  `name` varchar(100) NOT NULL,
  `description` varchar(400) NOT NULL,
  `menu` bigint(20) DEFAULT NULL,
  PRIMARY KEY (`id`),
  UNIQUE KEY `name_UNIQUE` (`name`),
  UNIQUE KEY `menu_UNIQUE` (`menu`),
  KEY `fk_menu_functionalities_idx` (`menu`),
  CONSTRAINT `fk_menu_functionalities` FOREIGN KEY (`menu`) REFERENCES `menu` (`id`) ON UPDATE CASCADE
) ENGINE=InnoDB AUTO_INCREMENT=2 DEFAULT CHARSET=utf8;
/*!40101 SET character_set_client = @saved_cs_client */;

--
-- Dumping data for table `functionality`
--

LOCK TABLES `functionality` WRITE;
/*!40000 ALTER TABLE `functionality` DISABLE KEYS */;
/*!40000 ALTER TABLE `functionality` ENABLE KEYS */;
UNLOCK TABLES;

--
-- Table structure for table `functionality_resource`
--

DROP TABLE IF EXISTS `functionality_resource`;
/*!40101 SET @saved_cs_client     = @@character_set_client */;
/*!40101 SET character_set_client = utf8 */;
CREATE TABLE `functionality_resource` (
  `functionality` bigint(20) NOT NULL,
  `resource` bigint(20) NOT NULL,
  PRIMARY KEY (`functionality`,`resource`),
  KEY `fk_role_permission_permission_idx` (`resource`),
  CONSTRAINT `fk_functionality_resources` FOREIGN KEY (`functionality`) REFERENCES `functionality` (`id`) ON UPDATE CASCADE,
  CONSTRAINT `fk_resource_functionalities` FOREIGN KEY (`resource`) REFERENCES `resource` (`id`) ON UPDATE CASCADE
) ENGINE=InnoDB DEFAULT CHARSET=utf8;
/*!40101 SET character_set_client = @saved_cs_client */;

--
-- Dumping data for table `functionality_resource`
--

LOCK TABLES `functionality_resource` WRITE;
/*!40000 ALTER TABLE `functionality_resource` DISABLE KEYS */;
/*!40000 ALTER TABLE `functionality_resource` ENABLE KEYS */;
UNLOCK TABLES;

--
-- Table structure for table `fx`
--

DROP TABLE IF EXISTS `fx`;
/*!40101 SET @saved_cs_client     = @@character_set_client */;
/*!40101 SET character_set_client = utf8 */;
CREATE TABLE `fx` (
  `id` bigint(20) NOT NULL AUTO_INCREMENT,
  `cod` varchar(15) CHARACTER SET utf8 COLLATE utf8_bin NOT NULL,
  `concepto` varchar(245) NOT NULL,
  PRIMARY KEY (`id`),
  UNIQUE KEY `cod_UNIQUE` (`cod`)
) ENGINE=InnoDB AUTO_INCREMENT=27 DEFAULT CHARSET=utf8;
/*!40101 SET character_set_client = @saved_cs_client */;

--
-- Dumping data for table `fx`
--

LOCK TABLES `fx` WRITE;
/*!40000 ALTER TABLE `fx` DISABLE KEYS */;
INSERT INTO `fx` VALUES (1,'COP','Peso Colombiano'),(2,'USD','Dolar Americano'),(3,'EUR','Euro'),(11,'GBP','Libra Esterlina'),(15,'CAD','Dolar Canadiense'),(16,'MXN','Peso Mexicano'),(17,'BRL','Real Brasilero'),(18,'AUD','Dolar Australiano'),(19,'PEN','Sol Peruano'),(20,'ARS','Peso Argentino'),(21,'CLP','Peso Chileno'),(22,'CHF','Franco Suizo'),(23,'JPY','Yen JAPONES'),(24,'CNY','Yuan CHINO'),(25,'HKD','Dolar de HONG KONG'),(26,'KRW','Won SURCOREANO');
/*!40000 ALTER TABLE `fx` ENABLE KEYS */;
UNLOCK TABLES;

--
-- Table structure for table `fx_sucursal`
--

DROP TABLE IF EXISTS `fx_sucursal`;
/*!40101 SET @saved_cs_client     = @@character_set_client */;
/*!40101 SET character_set_client = utf8 */;
CREATE TABLE `fx_sucursal` (
  `id` bigint(20) NOT NULL AUTO_INCREMENT,
  `fx` bigint(20) NOT NULL,
  `sucursal` bigint(20) NOT NULL,
  `precio_compra` decimal(15,2) NOT NULL,
  `precio_venta` decimal(15,2) NOT NULL,
  `precio_valoracion` decimal(15,2) NOT NULL,
  PRIMARY KEY (`id`),
  UNIQUE KEY `idx_fx_sucursal` (`fx`,`sucursal`),
  KEY `fk_sucursal_fx_sucursales_idx` (`sucursal`),
  KEY `fk_fx_fx_sucursales_idx` (`fx`),
  CONSTRAINT `fk_fx_fx_sucursales` FOREIGN KEY (`fx`) REFERENCES `fx` (`id`) ON UPDATE CASCADE,
  CONSTRAINT `fk_sucursal_fx_sucursales` FOREIGN KEY (`sucursal`) REFERENCES `sucursal` (`id`) ON UPDATE CASCADE
) ENGINE=InnoDB AUTO_INCREMENT=9 DEFAULT CHARSET=utf8;
/*!40101 SET character_set_client = @saved_cs_client */;

--
-- Dumping data for table `fx_sucursal`
--

LOCK TABLES `fx_sucursal` WRITE;
/*!40000 ALTER TABLE `fx_sucursal` DISABLE KEYS */;
/*!40000 ALTER TABLE `fx_sucursal` ENABLE KEYS */;
UNLOCK TABLES;

--
-- Table structure for table `item_arqueo`
--

DROP TABLE IF EXISTS `item_arqueo`;
/*!40101 SET @saved_cs_client     = @@character_set_client */;
/*!40101 SET character_set_client = utf8 */;
CREATE TABLE `item_arqueo` (
  `id` bigint(20) NOT NULL AUTO_INCREMENT,
  `arqueo` bigint(20) NOT NULL,
  `saldo_inicial` decimal(15,4) DEFAULT 0.0000,
  `saldo_final` decimal(15,4) DEFAULT 0.0000,
  `nominal_compras` decimal(15,4) DEFAULT 0.0000,
  `nominal_ventas` decimal(15,4) DEFAULT 0.0000,
  `nominal_egresos` decimal(15,4) DEFAULT 0.0000,
  `nominal_ingresos` decimal(15,4) DEFAULT 0.0000,
  `nominal_traslados_entrantes` decimal(15,4) DEFAULT 0.0000,
  `nominal_traslados_salientes` decimal(15,4) DEFAULT 0.0000,
  `moneda` bigint(20) NOT NULL,
  `saldo_real` decimal(15,4) DEFAULT NULL,
  PRIMARY KEY (`id`),
  KEY `item_arqueo_arqueo_FK` (`arqueo`),
  KEY `item_arqueo_fx_FK` (`moneda`),
  CONSTRAINT `item_arqueo_arqueo_FK` FOREIGN KEY (`arqueo`) REFERENCES `arqueo` (`id`) ON UPDATE CASCADE,
  CONSTRAINT `item_arqueo_fx_FK` FOREIGN KEY (`moneda`) REFERENCES `fx` (`id`) ON UPDATE CASCADE
) ENGINE=InnoDB AUTO_INCREMENT=313 DEFAULT CHARSET=utf8;
/*!40101 SET character_set_client = @saved_cs_client */;

--
-- Dumping data for table `item_arqueo`
--

LOCK TABLES `item_arqueo` WRITE;
/*!40000 ALTER TABLE `item_arqueo` DISABLE KEYS */;
/*!40000 ALTER TABLE `item_arqueo` ENABLE KEYS */;
UNLOCK TABLES;

--
-- Table structure for table `menu`
--

DROP TABLE IF EXISTS `menu`;
/*!40101 SET @saved_cs_client     = @@character_set_client */;
/*!40101 SET character_set_client = utf8 */;
CREATE TABLE `menu` (
  `id` bigint(20) NOT NULL AUTO_INCREMENT,
  `name` varchar(45) NOT NULL,
  `index` int(11) NOT NULL,
  `parent` bigint(20) DEFAULT NULL,
  `description` varchar(500) DEFAULT NULL,
  `target` varchar(500) DEFAULT NULL,
  PRIMARY KEY (`id`),
  KEY `fk_menu_parent_idx` (`parent`),
  CONSTRAINT `fk_menu_children` FOREIGN KEY (`parent`) REFERENCES `menu` (`id`) ON UPDATE CASCADE
) ENGINE=InnoDB AUTO_INCREMENT=2 DEFAULT CHARSET=utf8;
/*!40101 SET character_set_client = @saved_cs_client */;

--
-- Dumping data for table `menu`
--

LOCK TABLES `menu` WRITE;
/*!40000 ALTER TABLE `menu` DISABLE KEYS */;
/*!40000 ALTER TABLE `menu` ENABLE KEYS */;
UNLOCK TABLES;

--
-- Table structure for table `operacion`
--

DROP TABLE IF EXISTS `operacion`;
/*!40101 SET @saved_cs_client     = @@character_set_client */;
/*!40101 SET character_set_client = utf8 */;
CREATE TABLE `operacion` (
  `id` bigint(20) NOT NULL AUTO_INCREMENT,
  `fecha_operacion` datetime NOT NULL,
  `fx_base` bigint(20) NOT NULL,
  `fx_oper` bigint(20) NOT NULL,
  `tipo` varchar(10) NOT NULL,
  `nominal` decimal(14,2) NOT NULL,
  `valor_fx_operacion` decimal(14,2) NOT NULL,
  `estado` varchar(20) NOT NULL,
  `id_soipc` varchar(45) DEFAULT NULL,
  `valor_valoracion` decimal(14,2) NOT NULL,
  `turno` bigint(20) DEFAULT NULL,
  `turno_edicion` bigint(20) DEFAULT NULL,
  `descripcion` varchar(300) DEFAULT NULL,
  PRIMARY KEY (`id`),
  KEY `fk_fx_operaciones_idx` (`fx_base`),
  KEY `fk_fx_operaciones_idx1` (`fx_oper`),
  KEY `fk_sucursal_operaciones_idx` (`turno`),
  KEY `fk_turno_edicion_operaciones` (`turno_edicion`),
  CONSTRAINT `fk_fx_bases` FOREIGN KEY (`fx_base`) REFERENCES `fx` (`id`) ON UPDATE CASCADE,
  CONSTRAINT `fk_fx_operaciones` FOREIGN KEY (`fx_oper`) REFERENCES `fx` (`id`) ON UPDATE CASCADE,
  CONSTRAINT `fk_turno_edicion_operaciones` FOREIGN KEY (`turno_edicion`) REFERENCES `turno` (`id`) ON UPDATE CASCADE,
  CONSTRAINT `fk_turno_operacion` FOREIGN KEY (`turno`) REFERENCES `turno` (`id`) ON UPDATE CASCADE
) ENGINE=InnoDB AUTO_INCREMENT=94 DEFAULT CHARSET=utf8;
/*!40101 SET character_set_client = @saved_cs_client */;

--
-- Dumping data for table `operacion`
--

LOCK TABLES `operacion` WRITE;
/*!40000 ALTER TABLE `operacion` DISABLE KEYS */;
/*!40000 ALTER TABLE `operacion` ENABLE KEYS */;
UNLOCK TABLES;

--
-- Table structure for table `permission`
--

DROP TABLE IF EXISTS `permission`;
/*!40101 SET @saved_cs_client     = @@character_set_client */;
/*!40101 SET character_set_client = utf8 */;
CREATE TABLE `permission` (
  `id` bigint(20) NOT NULL AUTO_INCREMENT,
  `role` bigint(20) NOT NULL,
  `functionality` bigint(20) NOT NULL,
  `access_types` varchar(45) NOT NULL COMMENT 'Lectura, Escritura, Edicin, Eliminacin',
  PRIMARY KEY (`id`),
  UNIQUE KEY `uq_role_funct_access` (`role`,`functionality`,`access_types`),
  KEY `fk_functionality_roles_idx` (`functionality`),
  CONSTRAINT `fk_functionality_roles` FOREIGN KEY (`functionality`) REFERENCES `functionality` (`id`) ON UPDATE CASCADE,
  CONSTRAINT `fk_role_functionalies` FOREIGN KEY (`role`) REFERENCES `role` (`id`) ON UPDATE CASCADE
) ENGINE=InnoDB AUTO_INCREMENT=2 DEFAULT CHARSET=utf8;
/*!40101 SET character_set_client = @saved_cs_client */;

--
-- Dumping data for table `permission`
--

LOCK TABLES `permission` WRITE;
/*!40000 ALTER TABLE `permission` DISABLE KEYS */;
/*!40000 ALTER TABLE `permission` ENABLE KEYS */;
UNLOCK TABLES;

--
-- Table structure for table `provision`
--

DROP TABLE IF EXISTS `provision`;
/*!40101 SET @saved_cs_client     = @@character_set_client */;
/*!40101 SET character_set_client = utf8 */;
CREATE TABLE `provision` (
  `id` bigint(20) NOT NULL AUTO_INCREMENT,
  `fecha_registro` datetime NOT NULL,
  `fecha_cumplimiento` datetime NOT NULL,
  `sucursal` bigint(20) NOT NULL,
  `tipo` varchar(45) NOT NULL,
  `clase` varchar(45) NOT NULL,
  `fx` bigint(20) NOT NULL,
  `monto` decimal(14,2) NOT NULL,
  `estado` varchar(45) NOT NULL,
  PRIMARY KEY (`id`),
  KEY `fk_sucursal_provisiones_idx` (`sucursal`),
  KEY `fk_fx_provisiones_idx` (`fx`),
  CONSTRAINT `fk_fx_provisiones` FOREIGN KEY (`fx`) REFERENCES `fx` (`id`) ON UPDATE CASCADE,
  CONSTRAINT `fk_sucursal_provisiones` FOREIGN KEY (`sucursal`) REFERENCES `sucursal` (`id`) ON UPDATE CASCADE
) ENGINE=InnoDB DEFAULT CHARSET=utf8;
/*!40101 SET character_set_client = @saved_cs_client */;

--
-- Dumping data for table `provision`
--

LOCK TABLES `provision` WRITE;
/*!40000 ALTER TABLE `provision` DISABLE KEYS */;
/*!40000 ALTER TABLE `provision` ENABLE KEYS */;
UNLOCK TABLES;

--
-- Table structure for table `resource`
--

DROP TABLE IF EXISTS `resource`;
/*!40101 SET @saved_cs_client     = @@character_set_client */;
/*!40101 SET character_set_client = utf8 */;
CREATE TABLE `resource` (
  `id` bigint(20) NOT NULL AUTO_INCREMENT,
  `name` varchar(100) NOT NULL,
  `uri` varchar(45) NOT NULL,
  `access_type` varchar(45) NOT NULL,
  `description` varchar(500) DEFAULT NULL,
  PRIMARY KEY (`id`),
  UNIQUE KEY `name_UNIQUE` (`name`)
) ENGINE=InnoDB AUTO_INCREMENT=2 DEFAULT CHARSET=utf8;
/*!40101 SET character_set_client = @saved_cs_client */;

--
-- Dumping data for table `resource`
--

LOCK TABLES `resource` WRITE;
/*!40000 ALTER TABLE `resource` DISABLE KEYS */;
/*!40000 ALTER TABLE `resource` ENABLE KEYS */;
UNLOCK TABLES;

--
-- Table structure for table `role`
--

DROP TABLE IF EXISTS `role`;
/*!40101 SET @saved_cs_client     = @@character_set_client */;
/*!40101 SET character_set_client = utf8 */;
CREATE TABLE `role` (
  `id` bigint(20) NOT NULL AUTO_INCREMENT,
  `name` varchar(45) NOT NULL,
  PRIMARY KEY (`id`)
) ENGINE=InnoDB AUTO_INCREMENT=6 DEFAULT CHARSET=utf8;
/*!40101 SET character_set_client = @saved_cs_client */;

--
-- Dumping data for table `role`
--

LOCK TABLES `role` WRITE;
/*!40000 ALTER TABLE `role` DISABLE KEYS */;
INSERT INTO `role` VALUES (1,'ROLE_OPERADOR'),(2,'ROLE_COORDINADOR'),(3,'ROLE_OBSERVADOR'),(4,'ROLE_GERENTE'),(5,'SUPER_ADMIN');
/*!40000 ALTER TABLE `role` ENABLE KEYS */;
UNLOCK TABLES;

--
-- Table structure for table `saldo`
--

DROP TABLE IF EXISTS `saldo`;
/*!40101 SET @saved_cs_client     = @@character_set_client */;
/*!40101 SET character_set_client = utf8 */;
CREATE TABLE `saldo` (
  `id` bigint(20) NOT NULL AUTO_INCREMENT,
  `caja` bigint(20) NOT NULL,
  `moneda` bigint(20) NOT NULL,
  `nominal` decimal(15,2) NOT NULL,
  `precio_promedio` decimal(15,2) NOT NULL,
  PRIMARY KEY (`id`),
  KEY `fk_caja_caja_moneda_idx` (`caja`),
  KEY `fk_moneda_caja_moneda_idx` (`moneda`),
  CONSTRAINT `fk_caja_saldo` FOREIGN KEY (`caja`) REFERENCES `caja` (`id`) ON UPDATE CASCADE,
  CONSTRAINT `fk_moneda_saldo` FOREIGN KEY (`moneda`) REFERENCES `fx` (`id`) ON UPDATE CASCADE
) ENGINE=InnoDB AUTO_INCREMENT=469 DEFAULT CHARSET=utf8;
/*!40101 SET character_set_client = @saved_cs_client */;

--
-- Dumping data for table `saldo`
--

LOCK TABLES `saldo` WRITE;
/*!40000 ALTER TABLE `saldo` DISABLE KEYS */;
INSERT INTO `saldo` VALUES (250,9,1,60891543.00,1.00),(251,9,2,85283.00,3205.98),(252,9,3,31310.00,3590.38),(253,9,11,85.00,4138.07),(254,9,15,18000.00,2565.79),(255,9,16,37900.00,180.77),(256,9,17,2.00,739.80),(257,9,18,4800.00,2249.22),(258,9,19,10.00,920.76),(259,9,20,10010.00,50.63),(260,9,21,161000.00,3.98),(261,9,22,790.00,3002.94),(262,9,23,2000.00,24.76),(263,9,24,41.00,359.26),(264,9,26,1000.00,230.42),(265,9,25,10.00,220.00),(341,10,1,107467985.00,1.00),(342,10,2,30735.00,3164.39),(343,10,3,19855.00,3533.93),(344,10,11,135.00,4139.07),(345,10,15,9595.00,2576.63),(346,10,16,40.00,152.27),(347,10,17,1232.00,739.58),(348,10,18,115.00,2250.00),(349,10,19,50.00,902.62),(350,10,20,340.00,45.49),(351,10,21,43000.00,3.90),(352,10,22,3230.00,3048.11),(353,10,23,1000.00,24.76),(354,10,24,829.00,369.44),(355,10,25,200.00,220.00),(356,10,26,1000.00,230.42),(373,13,1,79979232.00,1.00),(374,13,2,28938.00,3176.95),(375,13,3,2810.00,3503.47),(376,13,11,5.00,3980.00),(377,13,15,20.00,2481.62),(378,13,16,5540.00,150.93),(379,13,17,2.00,735.39),(380,13,19,3030.00,932.58),(381,13,20,21150.00,84.66),(382,13,21,148000.00,3.90),(383,13,22,2640.00,3041.45),(384,13,23,26000.00,23.85),(385,13,24,1.00,369.44),(386,13,25,10.00,220.00),(387,13,26,1000.00,230.42),(388,13,18,10550.00,2246.46),(402,14,1,96042147.00,1.00),(403,14,2,18190.00,3158.17),(404,14,3,2515.00,3527.31),(405,14,11,40.00,3999.53),(406,14,15,395.00,2469.97),(407,14,16,20.00,155.10),(408,14,17,2.00,737.47),(409,14,18,2590.00,2247.63),(410,14,19,340.00,900.00),(411,14,20,75030.00,3.94),(412,14,21,70000.00,3.89),(413,14,22,70.00,2900.00),(414,14,23,3000.00,23.00),(415,14,24,71.00,360.00),(416,14,25,10.00,220.00),(417,14,26,1000.00,230.42),(436,15,1,29613774.00,1.00),(437,15,2,15751.00,3168.00),(438,15,3,520.00,3513.53),(439,15,11,100.00,3980.00),(440,15,15,1915.00,2468.14),(441,15,16,5500.00,169.65),(442,15,17,288.00,736.32),(443,15,18,235.00,2250.00),(444,15,19,720.00,899.81),(445,15,20,7255.00,40.54),(446,15,21,27000.00,3.90),(447,15,22,680.00,3050.00),(448,15,23,2000.00,21.00),(449,15,24,1.00,369.44),(450,15,25,10.00,220.00),(451,15,26,1000.00,230.42),(453,16,1,82161503.00,1.00),(454,16,2,8688.00,3164.62),(455,16,3,1280.00,3495.39),(456,16,11,10.00,3980.00),(457,16,15,175.00,2449.95),(458,16,16,70.00,159.68),(459,16,17,3380.00,732.34),(460,16,18,1835.00,2250.00),(461,16,19,10.00,922.17),(462,16,20,310.00,50.00),(463,16,21,78000.00,3.84),(464,16,22,420.00,3070.00),(465,16,23,1000.00,21.00),(466,16,24,1.00,400.00),(467,16,25,10.00,220.00),(468,16,26,1000.00,230.42);
/*!40000 ALTER TABLE `saldo` ENABLE KEYS */;
UNLOCK TABLES;

--
-- Table structure for table `session`
--

DROP TABLE IF EXISTS `session`;
/*!40101 SET @saved_cs_client     = @@character_set_client */;
/*!40101 SET character_set_client = utf8 */;
CREATE TABLE `session` (
  `id` bigint(20) NOT NULL AUTO_INCREMENT,
  `token` varchar(100) NOT NULL,
  `date` date NOT NULL,
  `time` time NOT NULL,
  `ip` varchar(45) NOT NULL,
  `user` bigint(20) NOT NULL,
  PRIMARY KEY (`id`),
  KEY `fk_session_user_idx` (`user`),
  CONSTRAINT `fk_user_sessions` FOREIGN KEY (`user`) REFERENCES `user` (`id`) ON UPDATE CASCADE
) ENGINE=InnoDB DEFAULT CHARSET=utf8;
/*!40101 SET character_set_client = @saved_cs_client */;

--
-- Dumping data for table `session`
--

LOCK TABLES `session` WRITE;
/*!40000 ALTER TABLE `session` DISABLE KEYS */;
/*!40000 ALTER TABLE `session` ENABLE KEYS */;
UNLOCK TABLES;

--
-- Table structure for table `sucursal`
--

DROP TABLE IF EXISTS `sucursal`;
/*!40101 SET @saved_cs_client     = @@character_set_client */;
/*!40101 SET character_set_client = utf8 */;
CREATE TABLE `sucursal` (
  `id` bigint(20) NOT NULL AUTO_INCREMENT,
  `cod` varchar(45) NOT NULL,
  `nombre` varchar(45) NOT NULL,
  `direccion` varchar(100) NOT NULL,
  `estado` varchar(45) NOT NULL,
  `chk_principal` tinyint(4) NOT NULL,
  `telefonos` varchar(255) DEFAULT NULL,
  PRIMARY KEY (`id`)
) ENGINE=InnoDB AUTO_INCREMENT=8 DEFAULT CHARSET=utf8;
/*!40101 SET character_set_client = @saved_cs_client */;

--
-- Dumping data for table `sucursal`
--

LOCK TABLES `sucursal` WRITE;
/*!40000 ALTER TABLE `sucursal` DISABLE KEYS */;
INSERT INTO `sucursal` VALUES (1,'CENTRO_CHIA','CENTRO_CHIA','XXX','1',1,'3262'),(2,'FONTANAR','FONTANAR','xxxx','1',0,'515515'),(3,'SANTA_FE','SANTA_FE','XXX','1',0,NULL),(4,'LA_COLINA','LA_COLINA','XXX','1',0,NULL),(5,'LA_CASONA','LA_CASONA','X','1',0,NULL),(6,'SABANA_NTE','SABANA_NTE','X','1',0,NULL),(7,'CENTRAL','CENTRAL','X','1',0,NULL);
/*!40000 ALTER TABLE `sucursal` ENABLE KEYS */;
UNLOCK TABLES;

--
-- Table structure for table `telefono`
--

DROP TABLE IF EXISTS `telefono`;
/*!40101 SET @saved_cs_client     = @@character_set_client */;
/*!40101 SET character_set_client = utf8 */;
CREATE TABLE `telefono` (
  `id` int(11) NOT NULL AUTO_INCREMENT,
  `telefono` varchar(45) NOT NULL,
  `sucursal` bigint(20) NOT NULL,
  PRIMARY KEY (`id`),
  KEY `fk_sucursal_telefonos_idx` (`sucursal`),
  CONSTRAINT `fk_sucursal_telefonos` FOREIGN KEY (`sucursal`) REFERENCES `sucursal` (`id`) ON UPDATE CASCADE
) ENGINE=InnoDB DEFAULT CHARSET=utf8;
/*!40101 SET character_set_client = @saved_cs_client */;

--
-- Dumping data for table `telefono`
--

LOCK TABLES `telefono` WRITE;
/*!40000 ALTER TABLE `telefono` DISABLE KEYS */;
/*!40000 ALTER TABLE `telefono` ENABLE KEYS */;
UNLOCK TABLES;

--
-- Table structure for table `traslado`
--

DROP TABLE IF EXISTS `traslado`;
/*!40101 SET @saved_cs_client     = @@character_set_client */;
/*!40101 SET character_set_client = utf8 */;
CREATE TABLE `traslado` (
  `id` bigint(20) NOT NULL AUTO_INCREMENT,
  `fecha` datetime NOT NULL,
  `sucursal_origen` bigint(20) NOT NULL,
  `sucursal_destino` bigint(20) NOT NULL,
  `tipo_traslado` varchar(45) NOT NULL,
  `turno_origen` bigint(20) DEFAULT NULL,
  `turno_destino` bigint(20) DEFAULT NULL,
  `estado` varchar(20) NOT NULL,
  `precio_traslado` decimal(14,2) NOT NULL,
  `valor_giro` decimal(14,2) NOT NULL,
  `fx` bigint(20) NOT NULL,
  PRIMARY KEY (`id`),
  KEY `fk_usuario_traslados_idx` (`turno_origen`),
  KEY `fk_usuario_traslados_idx1` (`turno_destino`),
  KEY `fk_fx_traslado_idx` (`fx`),
  KEY `fk_sucursal_origen_idx` (`sucursal_origen`),
  KEY `fk_sucursal_destino_idx` (`sucursal_destino`),
  CONSTRAINT `fk_fx_traslado` FOREIGN KEY (`fx`) REFERENCES `fx` (`id`) ON UPDATE CASCADE,
  CONSTRAINT `fk_sucursal_destino` FOREIGN KEY (`sucursal_destino`) REFERENCES `sucursal` (`id`) ON UPDATE CASCADE,
  CONSTRAINT `fk_sucursal_origen` FOREIGN KEY (`sucursal_origen`) REFERENCES `sucursal` (`id`) ON UPDATE CASCADE,
  CONSTRAINT `traslado_turno_FK` FOREIGN KEY (`turno_origen`) REFERENCES `turno` (`id`) ON UPDATE CASCADE,
  CONSTRAINT `traslado_turno_FK_1` FOREIGN KEY (`turno_destino`) REFERENCES `turno` (`id`) ON UPDATE CASCADE
) ENGINE=InnoDB AUTO_INCREMENT=4 DEFAULT CHARSET=utf8;
/*!40101 SET character_set_client = @saved_cs_client */;

--
-- Dumping data for table `traslado`
--

LOCK TABLES `traslado` WRITE;
/*!40000 ALTER TABLE `traslado` DISABLE KEYS */;
/*!40000 ALTER TABLE `traslado` ENABLE KEYS */;
UNLOCK TABLES;

--
-- Table structure for table `turno`
--

DROP TABLE IF EXISTS `turno`;
/*!40101 SET @saved_cs_client     = @@character_set_client */;
/*!40101 SET character_set_client = utf8 */;
CREATE TABLE `turno` (
  `id` bigint(20) NOT NULL AUTO_INCREMENT,
  `caja` bigint(20) NOT NULL,
  `usuario` bigint(20) NOT NULL,
  `fecha_inicio` datetime NOT NULL,
  `fecha_fin` datetime DEFAULT NULL,
  PRIMARY KEY (`id`),
  KEY `fk_usuario_turno_idx` (`usuario`),
  KEY `fk_caja_turno_idx` (`caja`),
  CONSTRAINT `fk_caja_turno` FOREIGN KEY (`caja`) REFERENCES `caja` (`id`) ON UPDATE CASCADE,
  CONSTRAINT `fk_usuario_turno` FOREIGN KEY (`usuario`) REFERENCES `usuario` (`id`) ON UPDATE CASCADE
) ENGINE=InnoDB AUTO_INCREMENT=44 DEFAULT CHARSET=utf8;
/*!40101 SET character_set_client = @saved_cs_client */;

--
-- Dumping data for table `turno`
--

LOCK TABLES `turno` WRITE;
/*!40000 ALTER TABLE `turno` DISABLE KEYS */;
/*!40000 ALTER TABLE `turno` ENABLE KEYS */;
UNLOCK TABLES;

--
-- Table structure for table `user`
--

DROP TABLE IF EXISTS `user`;
/*!40101 SET @saved_cs_client     = @@character_set_client */;
/*!40101 SET character_set_client = utf8 */;
CREATE TABLE `user` (
  `id` bigint(20) NOT NULL AUTO_INCREMENT,
  `username` varchar(45) NOT NULL,
  `password` varchar(100) NOT NULL,
  `salt` varchar(45) NOT NULL,
  `enabled` tinyint(1) NOT NULL,
  `locked` tinyint(1) NOT NULL,
  `failed_logins` int(11) NOT NULL,
  `role` bigint(20) NOT NULL,
  PRIMARY KEY (`id`),
  KEY `fk_user_role_idx` (`role`),
  CONSTRAINT `fk_role_users` FOREIGN KEY (`role`) REFERENCES `role` (`id`) ON UPDATE CASCADE
) ENGINE=InnoDB AUTO_INCREMENT=7 DEFAULT CHARSET=utf8;
/*!40101 SET character_set_client = @saved_cs_client */;

--
-- Dumping data for table `user`
--

LOCK TABLES `user` WRITE;
/*!40000 ALTER TABLE `user` DISABLE KEYS */;
INSERT INTO `user` VALUES (1,'root','$2a$04$fx4HJlEUiHFwn2ajnmIp8e3GyVBNij6bKEuMZwfZYUykeXFPHinoO','123456',1,0,0,5),(2,'admin','$2a$04$fx4HJlEUiHFwn2ajnmIp8e3GyVBNij6bKEuMZwfZYUykeXFPHinoO','123456',1,0,0,4),(3,'operador','$2a$04$fx4HJlEUiHFwn2ajnmIp8e3GyVBNij6bKEuMZwfZYUykeXFPHinoO','123456',1,0,0,1),(5,'superadmin','$2a$04$fx4HJlEUiHFwn2ajnmIp8e3GyVBNij6bKEuMZwfZYUykeXFPHinoO','1225800673543000',0,0,0,5);
/*!40000 ALTER TABLE `user` ENABLE KEYS */;
UNLOCK TABLES;

--
-- Table structure for table `usuario`
--

DROP TABLE IF EXISTS `usuario`;
/*!40101 SET @saved_cs_client     = @@character_set_client */;
/*!40101 SET character_set_client = utf8 */;
CREATE TABLE `usuario` (
  `id` bigint(20) NOT NULL AUTO_INCREMENT,
  `nombre` varchar(45) NOT NULL,
  `apellido` varchar(45) NOT NULL,
  `user` bigint(20) NOT NULL,
  PRIMARY KEY (`id`),
  UNIQUE KEY `user_UNIQUE` (`user`),
  KEY `fk_user_usuario_idx` (`user`),
  CONSTRAINT `fk_user_usuario` FOREIGN KEY (`user`) REFERENCES `user` (`id`) ON UPDATE CASCADE
) ENGINE=InnoDB AUTO_INCREMENT=4 DEFAULT CHARSET=utf8;
/*!40101 SET character_set_client = @saved_cs_client */;

--
-- Dumping data for table `usuario`
--

LOCK TABLES `usuario` WRITE;
/*!40000 ALTER TABLE `usuario` DISABLE KEYS */;
INSERT INTO `usuario` VALUES (1,'root','root',1),(2,'operador','operador',3),(3,'superadmin','admin',5);
/*!40000 ALTER TABLE `usuario` ENABLE KEYS */;
UNLOCK TABLES;

--
-- Dumping routines for database 'smart-auth'
--
/*!40103 SET TIME_ZONE=@OLD_TIME_ZONE */;

/*!40101 SET SQL_MODE=@OLD_SQL_MODE */;
/*!40014 SET FOREIGN_KEY_CHECKS=@OLD_FOREIGN_KEY_CHECKS */;
/*!40014 SET UNIQUE_CHECKS=@OLD_UNIQUE_CHECKS */;
/*!40101 SET CHARACTER_SET_CLIENT=@OLD_CHARACTER_SET_CLIENT */;
/*!40101 SET CHARACTER_SET_RESULTS=@OLD_CHARACTER_SET_RESULTS */;
/*!40101 SET COLLATION_CONNECTION=@OLD_COLLATION_CONNECTION */;
/*!40111 SET SQL_NOTES=@OLD_SQL_NOTES */;

-- Dump completed on 2019-10-01 21:20:02
